date,exposure,r_v30,r_v31,qqq_ret
1986-01-02,0.0000,0.00017000,0.00017000,0.00000000
1986-01-03,1.0000,-0.00585000,-0.00585000,-0.00535000
1986-01-06,1.0000,-0.00147000,-0.00147000,-0.00147000
1986-01-07,1.0000,0.01870000,0.01870000,0.01870000
1986-01-08,1.0000,-0.01225000,-0.01225000,-0.01225000
1986-01-09,1.0000,-0.01797000,-0.01797000,-0.01797000
1986-01-10,1.0000,0.00596000,0.00596000,0.00596000
1986-01-13,1.0000,-0.00360000,-0.00360000,-0.00360000
1986-01-14,1.0000,0.00068000,0.00068000,0.00068000
1986-01-15,1.0000,0.01825000,0.01825000,0.01825000
1986-01-16,1.0000,0.01162000,0.01162000,0.01162000
1986-01-17,1.0000,-0.00216000,-0.00216000,-0.00216000
1986-01-20,1.0000,-0.00875000,-0.00875000,-0.00875000
1986-01-21,1.0000,-0.00389000,-0.00389000,-0.00389000
1986-01-22,1.0000,-0.01123000,-0.01123000,-0.01123000
1986-01-23,1.0000,-0.00264000,-0.00264000,-0.00264000
1986-01-24,1.0000,0.00722000,0.00722000,0.00722000
1986-01-27,1.0000,0.00459000,0.00459000,0.00459000
1986-01-28,1.0000,0.00916000,0.00916000,0.00916000
1986-01-29,1.0000,0.00813000,0.00813000,0.00813000
1986-01-30,1.0000,-0.00651000,-0.00651000,-0.00651000
1986-01-31,1.0000,0.00558000,0.00558000,0.00558000
1986-02-03,1.0000,0.00992000,0.00992000,0.00992000
1986-02-04,1.0000,0.00271000,0.00271000,0.00271000
1986-02-05,1.0000,0.00831000,0.00831000,0.00831000
1986-02-06,1.0000,0.00684000,0.00684000,0.00684000
1986-02-07,1.0000,0.00573000,0.00573000,0.00573000
1986-02-10,1.0000,0.00515000,0.00515000,0.00515000
1986-02-11,1.0000,0.00100000,0.00100000,0.00100000
1986-02-12,1.0000,0.00295000,0.00295000,0.00295000
1986-02-13,1.0000,0.00363000,0.00363000,0.00363000
1986-02-14,1.0000,0.00717000,0.00717000,0.00717000
1986-02-18,1.0000,0.00413000,0.00413000,0.00413000
1986-02-19,1.0000,-0.00776000,-0.00776000,-0.00776000
1986-02-20,1.0000,0.00221000,0.00221000,0.00221000
1986-02-21,1.0000,0.00860000,0.00860000,0.00860000
1986-02-24,1.0000,-0.00667000,-0.00667000,-0.00667000
1986-02-25,1.0000,-0.00568000,-0.00568000,-0.00568000
1986-02-26,1.0000,-0.00374000,-0.00374000,-0.00374000
1986-02-27,1.0000,0.01190000,0.01190000,0.01190000
1986-02-28,1.0000,-0.00069000,-0.00069000,-0.00069000
1986-03-03,1.0000,-0.00485000,-0.00485000,-0.00485000
1986-03-04,1.0000,0.00578000,0.00578000,0.00578000
1986-03-05,1.0000,-0.00211000,-0.00211000,-0.00211000
1986-03-06,1.0000,0.00398000,0.00398000,0.00398000
1986-03-07,1.0000,-0.00062000,-0.00062000,-0.00062000
1986-03-10,1.0000,0.01228000,0.01228000,0.01228000
1986-03-11,1.0000,0.02045000,0.02045000,0.02045000
1986-03-12,1.0000,0.00880000,0.00880000,0.00880000
1986-03-13,1.0000,0.00268000,0.00268000,0.00268000
1986-03-14,1.0000,-0.00004000,-0.00004000,-0.00004000
1986-03-17,1.0000,-0.00430000,-0.00430000,-0.00430000
1986-03-18,1.0000,0.00863000,0.00863000,0.00863000
1986-03-19,1.0000,-0.00099000,-0.00099000,-0.00099000
1986-03-20,1.0000,0.00223000,0.00223000,0.00223000
1986-03-21,1.0000,0.00141000,0.00141000,0.00141000
1986-03-24,1.0000,-0.00616000,-0.00616000,-0.00616000
1986-03-25,1.0000,0.00271000,0.00271000,0.00271000
1986-03-26,1.0000,-0.00154000,-0.00154000,-0.00154000
1986-03-27,1.0000,0.00763000,0.00763000,0.00763000
1986-03-31,1.0000,0.00329000,0.00329000,0.00329000
1986-04-01,1.0000,-0.00273000,-0.00273000,-0.00273000
1986-04-02,1.0000,0.00319000,0.00319000,0.00319000
1986-04-03,1.0000,-0.00139000,-0.00139000,-0.00139000
1986-04-04,1.0000,-0.01124000,-0.01124000,-0.01124000
1986-04-07,1.0000,-0.00664000,-0.00664000,-0.00664000
1986-04-08,1.0000,0.01971000,0.01971000,0.01971000
1986-04-09,1.0000,0.00086000,0.00086000,0.00086000
1986-04-10,1.0000,0.01821000,0.01821000,0.01821000
1986-04-11,1.0000,0.00595000,0.00595000,0.00595000
1986-04-14,1.0000,0.00828000,0.00828000,0.00828000
1986-04-15,1.0000,0.00649000,0.00649000,0.00649000
1986-04-16,1.0000,0.02568000,0.02568000,0.02568000
1986-04-17,1.0000,0.00103000,0.00103000,0.00103000
1986-04-18,1.0000,-0.00875000,-0.00875000,-0.00875000
1986-04-21,1.0000,0.00551000,0.00551000,0.00551000
1986-04-22,1.0000,-0.00417000,-0.00417000,-0.00417000
1986-04-23,1.0000,-0.00251000,-0.00251000,-0.00251000
1986-04-24,1.0000,0.01523000,0.01523000,0.01523000
1986-04-25,1.0000,0.00381000,0.00381000,0.00381000
1986-04-28,1.0000,-0.00347000,-0.00347000,-0.00347000
1986-04-29,1.0000,-0.01030000,-0.01030000,-0.01030000
1986-04-30,1.0000,-0.02108000,-0.02108000,-0.02108000
1986-05-01,1.0000,-0.00453000,-0.00453000,-0.00453000
1986-05-02,1.0000,0.00524000,0.00524000,0.00524000
1986-05-05,1.0000,0.01376000,0.01376000,0.01376000
1986-05-06,1.0000,-0.00007000,-0.00007000,-0.00007000
1986-05-07,1.0000,-0.00551000,-0.00551000,-0.00551000
1986-05-08,1.0000,0.00582000,0.00582000,0.00582000
1986-05-09,1.0000,0.00483000,0.00483000,0.00483000
1986-05-12,1.0000,-0.00102000,-0.00102000,-0.00102000
1986-05-13,1.0000,-0.00441000,-0.00441000,-0.00441000
1986-05-14,1.0000,-0.00026000,-0.00026000,-0.00026000
1986-05-15,1.0000,-0.00787000,-0.00787000,-0.00787000
1986-05-16,1.0000,-0.00492000,-0.00492000,-0.00492000
1986-05-19,1.0000,0.00206000,0.00206000,0.00206000
1986-05-20,1.0000,0.01097000,0.01097000,0.01097000
1986-05-21,1.0000,0.00276000,0.00276000,0.00276000
1986-05-22,1.0000,0.01393000,0.01393000,0.01393000
1986-05-23,1.0000,0.00338000,0.00338000,0.00338000
1986-05-27,1.0000,0.00633000,0.00633000,0.00633000
1986-05-28,1.0000,0.00083000,0.00083000,0.00083000
1986-05-29,1.0000,0.00198000,0.00198000,0.00198000
1986-05-30,1.0000,0.00955000,0.00955000,0.00955000
1986-06-02,1.0000,-0.00690000,-0.00690000,-0.00690000
1986-06-03,1.0000,0.00052000,0.00052000,0.00052000
1986-06-04,1.0000,-0.00173000,-0.00173000,-0.00173000
1986-06-05,1.0000,0.00333000,0.00333000,0.00333000
1986-06-06,1.0000,-0.00290000,-0.00290000,-0.00290000
1986-06-09,1.0000,-0.02021000,-0.02021000,-0.02021000
1986-06-10,1.0000,-0.00316000,-0.00316000,-0.00316000
1986-06-11,1.0000,0.01223000,0.01223000,0.01223000
1986-06-12,1.0000,0.00209000,0.00209000,0.00209000
1986-06-13,1.0000,0.01243000,0.01243000,0.01243000
1986-06-16,1.0000,-0.00955000,-0.00955000,-0.00955000
1986-06-17,1.0000,-0.01381000,-0.01381000,-0.01381000
1986-06-18,1.0000,-0.00058000,-0.00058000,-0.00058000
1986-06-19,1.0000,0.00507000,0.00507000,0.00507000
1986-06-20,1.0000,0.00194000,0.00194000,0.00194000
1986-06-23,1.0000,-0.00016000,-0.00016000,-0.00016000
1986-06-24,1.0000,0.00783000,0.00783000,0.00783000
1986-06-25,1.0000,0.00749000,0.00749000,0.00749000
1986-06-26,1.0000,-0.00170000,-0.00170000,-0.00170000
1986-06-27,1.0000,-0.00063000,-0.00063000,-0.00063000
1986-06-30,1.0000,0.00621000,0.00621000,0.00621000
1986-07-01,1.0000,0.00439000,0.00439000,0.00439000
1986-07-02,1.0000,0.00391000,0.00391000,0.00391000
1986-07-03,1.0000,0.00341000,0.00341000,0.00341000
1986-07-07,1.0000,-0.04186000,-0.04186000,-0.04186000
1986-07-08,1.0000,-0.02767000,-0.02767000,-0.02767000
1986-07-09,1.0000,0.01405000,0.01405000,0.01405000
1986-07-10,1.0000,-0.00718000,-0.00718000,-0.00718000
1986-07-11,1.0000,-0.00928000,-0.00928000,-0.00928000
1986-07-14,1.0000,-0.02333000,-0.02333000,-0.02333000
1986-07-15,1.0000,-0.02027000,-0.02027000,-0.02027000
1986-07-16,1.0000,0.00782000,0.00782000,0.00782000
1986-07-17,1.0000,0.00728000,0.00728000,0.00728000
1986-07-18,1.0000,-0.00472000,-0.00472000,-0.00472000
1986-07-21,1.0000,-0.00461000,-0.00461000,-0.00461000
1986-07-22,1.0000,0.00227000,0.00227000,0.00227000
1986-07-23,1.0000,-0.00154000,-0.00154000,-0.00154000
1986-07-24,1.0000,0.00074000,0.00074000,0.00074000
1986-07-25,1.0000,0.00668000,0.00668000,0.00668000
1986-07-28,1.0000,-0.01856000,-0.01856000,-0.01856000
1986-07-29,1.0000,-0.00891000,-0.00891000,-0.00891000
1986-07-30,1.0000,0.00221000,0.00221000,0.00221000
1986-07-31,1.0000,0.00130000,0.00130000,0.00130000
1986-08-01,1.0000,-0.00354000,-0.00354000,-0.00354000
1986-08-04,1.0000,-0.01152000,-0.01152000,-0.01152000
1986-08-05,1.0000,-0.00464000,-0.00464000,-0.00464000
1986-08-06,1.0000,-0.00925000,-0.00925000,-0.00925000
1986-08-07,1.0000,0.00109000,0.00109000,0.00109000
1986-08-08,1.0000,0.01140000,0.01140000,0.01140000
1986-08-11,1.0000,0.02213000,0.02213000,0.02213000
1986-08-12,1.0000,0.01116000,0.01116000,0.01116000
1986-08-13,1.0000,0.01209000,0.01209000,0.01209000
1986-08-14,1.0000,0.00782000,0.00782000,0.00782000
1986-08-15,1.0000,-0.00278000,-0.00278000,-0.00278000
1986-08-18,1.0000,-0.00335000,-0.00335000,-0.00335000
1986-08-19,1.0000,-0.00316000,-0.00316000,-0.00316000
1986-08-20,1.0000,0.00783000,0.00783000,0.00783000
1986-08-21,1.0000,0.00173000,0.00173000,0.00173000
1986-08-22,1.0000,0.00626000,0.00626000,0.00626000
1986-08-25,1.0000,-0.00683000,-0.00683000,-0.00683000
1986-08-26,1.0000,0.00833000,0.00833000,0.00833000
1986-08-27,1.0000,0.00575000,0.00575000,0.00575000
1986-08-28,1.0000,0.00019000,0.00019000,0.00019000
1986-08-29,1.0000,-0.00225000,-0.00225000,-0.00225000
1986-09-02,1.0000,-0.01553000,-0.01553000,-0.01553000
1986-09-03,1.0000,0.00324000,0.00324000,0.00324000
1986-09-04,1.0000,0.01054000,0.01054000,0.01054000
1986-09-05,1.0000,-0.01137000,-0.01137000,-0.01137000
1986-09-08,1.0000,-0.02082000,-0.02082000,-0.02082000
1986-09-09,1.0000,-0.00537000,-0.00537000,-0.00537000
1986-09-10,1.0000,-0.00697000,-0.00697000,-0.00697000
1986-09-11,1.0000,-0.04336000,-0.04336000,-0.04336000
1986-09-12,1.0000,-0.02471000,-0.02471000,-0.02471000
1986-09-15,1.0000,-0.00068000,-0.00068000,-0.00068000
1986-09-16,1.0000,0.00202000,0.00202000,0.00202000
1986-09-17,1.0000,0.00875000,0.00875000,0.00875000
1986-09-18,1.0000,0.01282000,0.01282000,0.01282000
1986-09-19,1.0000,0.00234000,0.00234000,0.00234000
1986-09-22,1.0000,0.01205000,0.01205000,0.01205000
1986-09-23,1.0000,-0.00394000,-0.00394000,-0.00394000
1986-09-24,1.0000,-0.00234000,-0.00234000,-0.00234000
1986-09-25,1.0000,-0.01161000,-0.01161000,-0.01161000
1986-09-26,1.0000,-0.00019000,-0.00019000,-0.00019000
1986-09-29,1.0000,-0.01488000,-0.01488000,-0.01488000
1986-09-30,1.0000,0.01448000,0.01448000,0.01448000
1986-10-01,1.0000,0.00562000,0.00562000,0.00562000
1986-10-02,1.0000,-0.00030000,-0.00030000,-0.00030000
1986-10-03,1.0000,0.00245000,0.00245000,0.00245000
1986-10-06,1.0000,0.00407000,0.00407000,0.00407000
1986-10-07,1.0000,-0.00616000,-0.00616000,-0.00616000
1986-10-08,1.0000,0.00733000,0.00733000,0.00733000
1986-10-09,1.0000,-0.00069000,-0.00069000,-0.00069000
1986-10-10,1.0000,0.00509000,0.00509000,0.00509000
1986-10-13,1.0000,0.00578000,0.00578000,0.00578000
1986-10-14,1.0000,0.00209000,0.00209000,0.00209000
1986-10-15,1.0000,0.00808000,0.00808000,0.00808000
1986-10-16,1.0000,-0.00138000,-0.00138000,-0.00138000
1986-10-17,1.0000,-0.00494000,-0.00494000,-0.00494000
1986-10-20,1.0000,-0.00773000,-0.00773000,-0.00773000
1986-10-21,1.0000,-0.00123000,-0.00123000,-0.00123000
1986-10-22,1.0000,0.00270000,0.00270000,0.00270000
1986-10-23,1.0000,0.01321000,0.01321000,0.01321000
1986-10-24,1.0000,-0.00128000,-0.00128000,-0.00128000
1986-10-27,1.0000,-0.00142000,-0.00142000,-0.00142000
1986-10-28,1.0000,0.00521000,0.00521000,0.00521000
1986-10-29,1.0000,0.00448000,0.00448000,0.00448000
1986-10-30,1.0000,0.01155000,0.01155000,0.01155000
1986-10-31,1.0000,-0.00205000,-0.00205000,-0.00205000
1986-11-03,1.0000,0.00231000,0.00231000,0.00231000
1986-11-04,1.0000,0.00800000,0.00800000,0.00800000
1986-11-05,1.0000,0.00150000,0.00150000,0.00150000
1986-11-06,1.0000,-0.00524000,-0.00524000,-0.00524000
1986-11-07,1.0000,-0.00341000,-0.00341000,-0.00341000
1986-11-10,1.0000,-0.00422000,-0.00422000,-0.00422000
1986-11-11,1.0000,0.00734000,0.00734000,0.00734000
1986-11-12,1.0000,0.00161000,0.00161000,0.00161000
1986-11-13,1.0000,-0.01485000,-0.01485000,-0.01485000
1986-11-14,1.0000,0.00065000,0.00065000,0.00065000
1986-11-17,1.0000,-0.00214000,-0.00214000,-0.00214000
1986-11-18,1.0000,-0.01768000,-0.01768000,-0.01768000
1986-11-19,1.0000,-0.00790000,-0.00790000,-0.00790000
1986-11-20,1.0000,0.01267000,0.01267000,0.01267000
1986-11-21,1.0000,0.01128000,0.01128000,0.01128000
1986-11-24,1.0000,0.01119000,0.01119000,0.01119000
1986-11-25,1.0000,0.00885000,0.00885000,0.00885000
1986-11-26,1.0000,0.00757000,0.00757000,0.00757000
1986-11-28,1.0000,0.00731000,0.00731000,0.00731000
1986-12-01,1.0000,-0.00731000,-0.00731000,-0.00731000
1986-12-02,1.0000,0.01371000,0.01371000,0.01371000
1986-12-03,1.0000,0.00819000,0.00819000,0.00819000
1986-12-04,1.0000,-0.00064000,-0.00064000,-0.00064000
1986-12-05,1.0000,-0.00621000,-0.00621000,-0.00621000
1986-12-08,1.0000,-0.00803000,-0.00803000,-0.00803000
1986-12-09,1.0000,-0.00660000,-0.00660000,-0.00660000
1986-12-10,1.0000,0.00064000,0.00064000,0.00064000
1986-12-11,1.0000,-0.00593000,-0.00593000,-0.00593000
1986-12-12,1.0000,-0.00751000,-0.00751000,-0.00751000
1986-12-15,1.0000,-0.00622000,-0.00622000,-0.00622000
1986-12-16,1.0000,0.00290000,0.00290000,0.00290000
1986-12-17,1.0000,-0.00998000,-0.00998000,-0.00998000
1986-12-18,1.0000,-0.00130000,-0.00130000,-0.00130000
1986-12-19,1.0000,0.00643000,0.00643000,0.00643000
1986-12-22,1.0000,0.00221000,0.00221000,0.00221000
1986-12-23,1.0000,-0.00886000,-0.00886000,-0.00886000
1986-12-24,1.0000,-0.00005000,-0.00005000,-0.00005000
1986-12-26,1.0000,0.00100000,0.00100000,0.00100000
1986-12-29,1.0000,-0.00991000,-0.00991000,-0.00991000
1986-12-30,1.0000,0.00009000,0.00009000,0.00009000
1986-12-31,1.0000,-0.00082000,-0.00082000,-0.00082000
1987-01-02,1.0000,0.01031000,0.01031000,0.01031000
1987-01-05,1.0000,0.03184000,0.03184000,0.03184000
1987-01-06,1.0000,0.01125000,0.01125000,0.01125000
1987-01-07,1.0000,0.02629000,0.02629000,0.02629000
1987-01-08,1.0000,0.01777000,0.01777000,0.01777000
1987-01-09,1.0000,0.00837000,0.00837000,0.00837000
1987-01-12,1.0000,0.01477000,0.01477000,0.01477000
1987-01-13,1.0000,0.00200000,0.00200000,0.00200000
1987-01-14,1.0000,0.01907000,0.01907000,0.01907000
1987-01-15,1.0000,0.00915000,0.00915000,0.00915000
1987-01-16,1.0000,-0.00991000,-0.00991000,-0.00991000
1987-01-19,1.0000,0.02427000,0.02427000,0.02427000
1987-01-20,1.0000,0.00041000,0.00041000,0.00041000
1987-01-21,1.0000,-0.01355000,-0.01355000,-0.01355000
1987-01-22,1.0000,0.02246000,0.02246000,0.02246000
1987-01-23,1.0000,-0.00700000,-0.00700000,-0.00700000
1987-01-26,1.0000,-0.01572000,-0.01572000,-0.01572000
1987-01-27,1.0000,0.01535000,0.01535000,0.01535000
1987-01-28,1.0000,0.00584000,0.00584000,0.00584000
1987-01-29,1.0000,-0.01122000,-0.01122000,-0.01122000
1987-01-30,1.0000,0.00567000,0.00567000,0.00567000
1987-02-02,1.0000,0.02180000,0.02180000,0.02180000
1987-02-03,1.0000,0.00736000,0.00736000,0.00736000
1987-02-04,1.0000,0.01136000,0.01136000,0.01136000
1987-02-05,1.0000,0.00657000,0.00657000,0.00657000
1987-02-06,1.0000,0.00000000,0.00000000,-0.00000000
1987-02-09,1.0000,-0.00573000,-0.00573000,-0.00573000
1987-02-10,1.0000,-0.00746000,-0.00746000,-0.00746000
1987-02-11,1.0000,0.02123000,0.02123000,0.02123000
1987-02-12,1.0000,0.00164000,0.00164000,0.00164000
1987-02-13,1.0000,0.01591000,0.01591000,0.01591000
1987-02-17,1.0000,0.02563000,0.02563000,0.02563000
1987-02-18,1.0000,-0.01326000,-0.01326000,-0.01326000
1987-02-19,1.0000,-0.00737000,-0.00737000,-0.00737000
1987-02-20,1.0000,-0.00656000,-0.00656000,-0.00656000
1987-02-23,1.0000,-0.00546000,-0.00546000,-0.00546000
1987-02-24,1.0000,0.00697000,0.00697000,0.00697000
1987-02-25,1.0000,0.01137000,0.01137000,0.01137000
1987-02-26,1.0000,0.00674000,0.00674000,0.00674000
1987-02-27,1.0000,0.00313000,0.00313000,0.00313000
1987-03-02,1.0000,-0.00920000,-0.00920000,-0.00920000
1987-03-03,1.0000,-0.00274000,-0.00274000,-0.00274000
1987-03-04,1.1854,0.01768586,0.01768983,0.01503000
1987-03-05,1.1854,0.00901821,0.00902218,0.00764000
1987-03-06,1.1854,-0.00248051,-0.00247654,-0.00206000
1987-03-09,1.1854,-0.01165578,-0.01165181,-0.00980000
1987-03-10,1.1854,0.01291829,0.01292227,0.01093000
1987-03-11,1.1854,0.00541449,0.00541846,0.00460000
1987-03-12,1.1854,-0.00346442,-0.00346045,-0.00289000
1987-03-13,1.1854,-0.01030438,-0.01030041,-0.00866000
1987-03-16,1.1854,-0.00282429,-0.00282031,-0.00235000
1987-03-17,1.3082,0.02259804,0.02260464,0.01737000
1987-03-18,1.4354,0.00099429,0.00100362,0.00080000
1987-03-19,1.4354,0.01472340,0.01473273,0.01032000
1987-03-20,1.4354,0.01419228,0.01420161,0.00995000
1987-03-23,1.4354,-0.00327714,-0.00326781,-0.00222000
1987-03-24,1.4354,0.00585232,0.00586165,0.00414000
1987-03-25,1.4354,0.00005310,0.00006243,0.00010000
1987-03-26,1.5714,0.00407184,0.00408408,0.00271000
1987-03-27,1.5714,-0.01371128,-0.01369904,-0.00865000
1987-03-30,1.5714,-0.04342644,-0.04341419,-0.02756000
1987-03-31,1.2506,0.01481945,0.01482482,0.01202000
1987-04-01,1.2506,0.00021058,0.00021595,0.00021000
1987-04-02,1.2506,0.01062786,0.01063323,0.00854000
1987-04-03,1.2506,0.02463429,0.02463966,0.01974000
1987-04-06,1.2506,-0.00292836,-0.00292300,-0.00230000
1987-04-07,1.2506,-0.02281250,-0.02280713,-0.01820000
1987-04-08,1.1337,0.01110391,0.01110678,0.00987000
1987-04-09,1.1337,-0.00329298,-0.00329011,-0.00288000
1987-04-10,1.1337,-0.00266942,-0.00266655,-0.00233000
1987-04-13,1.1337,-0.02613802,-0.02613516,-0.02303000
1987-04-14,1.0226,-0.02349742,-0.02349693,-0.02292000
1987-04-15,1.0226,0.01557917,0.01557965,0.01524000
1987-04-16,1.0226,0.00722483,0.00722532,0.00707000
1987-04-20,1.0226,-0.00899301,-0.00899253,-0.00879000
1987-04-21,1.0226,0.01411691,0.01411739,0.01381000
1987-04-22,1.0226,-0.00374727,-0.00374678,-0.00366000
1987-04-23,1.0226,-0.00100680,-0.00100631,-0.00098000
1987-04-24,1.0226,-0.01887097,-0.01887049,-0.01845000
1987-04-27,1.0226,-0.00465735,-0.00465686,-0.00455000
1987-04-28,1.0226,0.00979146,0.00979195,0.00958000
1987-04-29,1.0226,0.00540467,0.00540515,0.00529000
1987-04-30,1.0226,0.01466909,0.01466957,0.01435000
1987-05-01,1.0226,0.00554783,0.00554831,0.00543000
1987-05-04,1.0226,0.00343112,0.00343161,0.00336000
1987-05-05,1.0226,0.01803332,0.01803380,0.01764000
1987-05-06,1.0226,-0.00235658,-0.00235610,-0.00230000
1987-05-07,1.0226,0.00391173,0.00391221,0.00383000
1987-05-08,1.0226,0.00187683,0.00187731,0.00184000
1987-05-11,1.0226,-0.00599690,-0.00599642,-0.00586000
1987-05-12,1.0226,-0.00141582,-0.00141534,-0.00138000
1987-05-13,1.0226,0.00716348,0.00716396,0.00701000
1987-05-14,1.0226,0.00240856,0.00240905,0.00236000
1987-05-15,1.0226,-0.01514884,-0.01514836,-0.01481000
1987-05-18,1.0226,-0.01333890,-0.01333842,-0.01304000
1987-05-19,1.0226,-0.02197956,-0.02197908,-0.02149000
1987-05-20,1.0226,0.00134510,0.00134558,0.00132000
1987-05-21,1.0226,0.00542512,0.00542561,0.00531000
1987-05-22,1.0226,-0.00569014,-0.00568965,-0.00556000
1987-05-26,1.0226,0.01989438,0.01989487,0.01946000
1987-05-27,1.0226,0.00435143,0.00435191,0.00426000
1987-05-28,1.0226,0.01186727,0.01186775,0.01161000
1987-05-29,1.0226,0.00360496,0.00360544,0.00353000
1987-06-01,1.0226,-0.01574193,-0.01574144,-0.01539000
1987-06-02,1.0226,-0.00745917,-0.00745869,-0.00729000
1987-06-03,1.0226,0.00699987,0.00700035,0.00685000
1987-06-04,1.0226,0.00274601,0.00274649,0.00269000
1987-06-05,1.0226,-0.00311328,-0.00311279,-0.00304000
1987-06-08,1.0226,0.01021072,0.01021120,0.00999000
1987-06-09,1.0226,0.01059929,0.01059977,0.01037000
1987-06-10,1.0226,0.00296075,0.00296123,0.00290000
1987-06-11,1.0226,-0.00188620,-0.00188572,-0.00184000
1987-06-12,1.0226,0.00376857,0.00376905,0.00369000
1987-06-15,1.0226,-0.00406426,-0.00406378,-0.00397000
1987-06-16,1.0226,0.00832920,0.00832968,0.00815000
1987-06-17,1.0226,0.00098720,0.00098768,0.00097000
1987-06-18,1.0226,0.00562963,0.00563012,0.00551000
1987-06-19,1.0226,-0.00168169,-0.00168121,-0.00164000
1987-06-22,1.0226,0.00454572,0.00454620,0.00445000
1987-06-23,1.0226,-0.00559810,-0.00559762,-0.00547000
1987-06-24,1.0226,0.00036344,0.00036392,0.00036000
1987-06-25,1.0226,-0.00295989,-0.00295941,-0.00289000
1987-06-26,1.0226,-0.00150785,-0.00150737,-0.00147000
1987-06-29,1.0226,-0.00190665,-0.00190617,-0.00186000
1987-06-30,1.0226,-0.00780684,-0.00780636,-0.00763000
1987-07-01,1.0226,0.00129397,0.00129445,0.00127000
1987-07-02,1.0226,0.00493429,0.00493478,0.00483000
1987-07-06,1.0226,-0.00728533,-0.00728485,-0.00712000
1987-07-07,1.0226,-0.00684563,-0.00684515,-0.00669000
1987-07-08,1.0226,-0.00199868,-0.00199820,-0.00195000
1987-07-09,1.0226,0.00323684,0.00323732,0.00317000
1987-07-10,1.0226,0.00415714,0.00415763,0.00407000
1987-07-13,1.0226,0.00914725,0.00914773,0.00895000
1987-07-14,1.0226,0.02453682,0.02453730,0.02400000
1987-07-15,1.7596,-0.00152928,-0.00151300,-0.00057000
1987-07-16,1.7596,0.01045273,0.01046900,0.00603000
1987-07-17,1.7596,-0.00168864,-0.00167236,-0.00087000
1987-07-20,1.7596,-0.01812347,-0.01810720,-0.01021000
1987-07-21,1.7596,-0.00615807,-0.00614179,-0.00341000
1987-07-22,1.7596,0.00388935,0.00390563,0.00230000
1987-07-23,1.7596,-0.01947838,-0.01946210,-0.01098000
1987-07-24,1.7596,0.01384879,0.01386507,0.00796000
1987-07-27,1.6255,0.00126601,0.00127941,0.00090000
1987-07-28,1.6255,0.00461662,0.00463003,0.00292000
1987-07-29,1.6255,0.00804649,0.00805990,0.00503000
1987-07-30,1.6255,0.01526384,0.01527725,0.00947000
1987-07-31,1.6255,-0.00186924,-0.00185583,-0.00107000
1987-08-03,1.6255,-0.00928165,-0.00926825,-0.00563000
1987-08-04,1.6255,0.00523433,0.00524773,0.00330000
1987-08-05,1.6255,0.01953898,0.01955239,0.01210000
1987-08-06,1.6255,0.02958476,0.02959816,0.01828000
1987-08-07,1.3850,0.01262457,0.01263282,0.00926000
1987-08-10,1.3850,0.01558404,0.01559229,0.01131000
1987-08-11,1.3850,0.01581948,0.01582773,0.01148000
1987-08-12,1.5450,-0.01001952,-0.01000784,-0.00636000
1987-08-13,1.5450,-0.00448559,-0.00447391,-0.00283000
1987-08-14,1.5450,-0.00011320,-0.00010152,-0.00000000
1987-08-17,1.5450,0.00265238,0.00266406,0.00179000
1987-08-18,1.5450,-0.02195971,-0.02194804,-0.01414000
1987-08-19,1.5450,0.01121176,0.01122344,0.00733000
1987-08-20,1.5450,0.02655376,0.02656544,0.01726000
1987-08-21,1.3894,0.01081778,0.01082613,0.00790000
1987-08-24,1.3894,-0.00727811,-0.00726976,-0.00518000
1987-08-25,1.3894,0.00814452,0.00815286,0.00592000
1987-08-26,1.3894,0.00289249,0.00290083,0.00214000
1987-08-27,1.3894,-0.00349887,-0.00349053,-0.00246000
1987-08-28,1.3894,-0.01184932,-0.01184097,-0.00847000
1987-08-31,1.3894,0.00480990,0.00481824,0.00352000
1987-09-01,1.3894,-0.01785164,-0.01784329,-0.01279000
1987-09-02,1.3894,-0.00783388,-0.00782553,-0.00558000
1987-09-03,1.3894,-0.00487440,-0.00486606,-0.00345000
1987-09-04,1.5230,-0.00722685,-0.00721564,-0.00463000
1987-09-08,1.5230,-0.03111670,-0.03110550,-0.02036000
1987-09-09,1.4018,0.01181339,0.01182200,0.00853000
1987-09-10,1.4018,0.02474260,0.02475121,0.01771000
1987-09-11,1.4018,0.00814517,0.00815378,0.00587000
1987-09-14,1.4018,-0.00824199,-0.00823338,-0.00582000
1987-09-15,1.2971,-0.01845560,-0.01844923,-0.01414000
1987-09-16,1.2971,-0.00615827,-0.00615190,-0.00470000
1987-09-17,1.2971,0.00482850,0.00483487,0.00377000
1987-09-18,1.2971,-0.00247439,-0.00246803,-0.00186000
1987-09-21,1.4118,-0.03101829,-0.03100946,-0.02187000
1987-09-22,1.2556,0.02643791,0.02644338,0.02116000
1987-09-23,1.1479,0.01501053,0.01501370,0.01315000
1987-09-24,1.1479,0.00317197,0.00317514,0.00279000
1987-09-25,1.1479,0.00265540,0.00265857,0.00234000
1987-09-28,1.1479,-0.00275129,-0.00274812,-0.00237000
1987-09-29,1.1479,-0.00267093,-0.00266776,-0.00230000
1987-09-30,1.1479,0.00761440,0.00761757,0.00666000
1987-10-01,1.1479,0.02345566,0.02345883,0.02046000
1987-10-02,1.1479,0.01335399,0.01335716,0.01166000
1987-10-05,1.1479,0.00900338,0.00900655,0.00787000
1987-10-06,1.0477,-0.02815916,-0.02815814,-0.02682000
1987-10-07,1.0477,-0.00592938,-0.00592835,-0.00565000
1987-10-08,1.0477,-0.01652156,-0.01652054,-0.01576000
1987-10-09,1.0477,-0.00595033,-0.00594931,-0.00567000
1987-10-12,1.0477,-0.01467762,-0.01467660,-0.01400000
1987-10-13,1.0477,0.00843451,0.00843553,0.00806000
1987-10-14,1.0477,-0.01943415,-0.01943313,-0.01854000
1987-10-15,1.0477,-0.02348872,-0.02348770,-0.02241000
1987-10-16,1.0477,-0.05305464,-0.05305362,-0.05063000
1987-10-19,1.0477,-0.15794973,-0.15794871,-0.15075000
1987-10-20,1.0477,-0.07867075,-0.07866973,-0.07508000
1987-10-21,1.0477,0.10787111,0.10787214,0.10297000
1987-10-22,1.0477,-0.05802071,-0.05801968,-0.05537000
1987-10-23,1.0477,-0.03187027,-0.03186925,-0.03041000
1987-10-26,1.0477,-0.12242244,-0.12242142,-0.11684000
1987-10-27,1.0477,0.01176617,0.01176719,0.01124000
1987-10-28,1.0477,0.01086515,0.01086618,0.01038000
1987-10-29,1.0477,0.09926955,0.09927057,0.09476000
1987-10-30,1.0477,0.04691629,0.04691732,0.04479000
1987-11-02,1.0477,0.01484639,0.01484741,0.01418000
1987-11-03,1.0477,-0.03481429,-0.03481327,-0.03322000
1987-11-04,1.0477,0.00578384,0.00578486,0.00553000
1987-11-05,1.0477,0.03602028,0.03602130,0.03439000
1987-11-06,1.0477,-0.01607105,-0.01607003,-0.01533000
1987-11-09,1.0477,-0.02915674,-0.02915572,-0.02782000
1987-11-10,1.0477,-0.02172860,-0.02172757,-0.02073000
1987-11-11,1.0477,0.01487782,0.01487884,0.01421000
1987-11-12,1.0477,0.03145234,0.03145336,0.03003000
1987-11-13,1.0477,-0.01323180,-0.01323078,-0.01262000
1987-11-16,1.0477,-0.00345682,-0.00345580,-0.00329000
1987-11-17,1.0477,-0.02758520,-0.02758418,-0.02632000
1987-11-18,1.0477,0.00920980,0.00921082,0.00880000
1987-11-19,1.0477,-0.02729185,-0.02729083,-0.02604000
1987-11-20,1.0477,-0.00165479,-0.00165376,-0.00157000
1987-11-23,1.0477,0.00749158,0.00749260,0.00716000
1987-11-24,1.0477,0.02084968,0.02085070,0.01991000
1987-11-25,1.0477,0.00244170,0.00244272,0.00234000
1987-11-27,1.0477,-0.01183837,-0.01183735,-0.01129000
1987-11-30,1.0477,-0.04551124,-0.04551022,-0.04343000
1987-12-01,1.0477,0.00028345,0.00028447,0.00028000
1987-12-02,1.0477,0.00608767,0.00608869,0.00582000
1987-12-03,1.0477,-0.03799928,-0.03799826,-0.03626000
1987-12-04,1.0477,-0.01980084,-0.01979982,-0.01889000
1987-12-07,1.0477,0.02178212,0.02178314,0.02080000
1987-12-08,1.0477,0.02791113,0.02791215,0.02665000
1987-12-09,1.0477,0.02354225,0.02354327,0.02248000
1987-12-10,1.0477,-0.00557316,-0.00557214,-0.00531000
1987-12-11,1.0477,0.00607719,0.00607822,0.00581000
1987-12-14,1.0477,0.04692677,0.04692779,0.04480000
1987-12-15,1.0477,0.00582575,0.00582677,0.00557000
1987-12-16,1.0477,0.02975507,0.02975609,0.02841000
1987-12-17,1.0477,-0.00796190,-0.00796088,-0.00759000
1987-12-18,1.0477,0.03380965,0.03381067,0.03228000
1987-12-21,1.0477,0.00864404,0.00864507,0.00826000
1987-12-22,1.0477,-0.00311108,-0.00311006,-0.00296000
1987-12-23,1.0477,0.01688939,0.01689042,0.01613000
1987-12-24,1.0477,0.00083873,0.00083975,0.00081000
1987-12-28,1.0477,-0.03578865,-0.03578762,-0.03415000
1987-12-29,1.0477,0.01074991,0.01075093,0.01027000
1987-12-30,1.0477,0.01996961,0.01997063,0.01907000
1987-12-31,1.0477,-0.00688278,-0.00688175,-0.00656000
1988-01-04,1.0477,0.03729847,0.03729949,0.03561000
1988-01-05,1.0477,0.01600933,0.01601035,0.01529000
1988-01-06,1.0477,0.01210143,0.01210246,0.01156000
1988-01-07,1.0477,0.01593599,0.01593701,0.01522000
1988-01-08,1.0477,-0.06522884,-0.06522782,-0.06225000
1988-01-11,1.0477,0.00451613,0.00451715,0.00432000
1988-01-12,1.0477,-0.02075424,-0.02075322,-0.01980000
1988-01-13,1.0477,-0.00119380,-0.00119278,-0.00113000
1988-01-14,1.0477,0.00331128,0.00331231,0.00317000
1988-01-15,1.0477,0.02545953,0.02546055,0.02431000
1988-01-18,1.0477,-0.00522742,-0.00522640,-0.00498000
1988-01-19,1.0477,-0.00667324,-0.00667222,-0.00636000
1988-01-20,1.0477,-0.03675252,-0.03675150,-0.03507000
1988-01-21,1.0477,0.00334271,0.00334374,0.00320000
1988-01-22,1.0477,0.00963935,0.00964038,0.00921000
1988-01-25,1.0477,0.01834569,0.01834671,0.01752000
1988-01-26,1.0477,-0.01216315,-0.01216213,-0.01160000
1988-01-27,1.0477,0.00133114,0.00133216,0.00128000
1988-01-28,1.0477,0.01504545,0.01504647,0.01437000
1988-01-29,1.0477,0.00981746,0.00981848,0.00938000
1988-02-01,1.0477,-0.00337300,-0.00337198,-0.00321000
1988-02-02,1.0477,0.00238931,0.00239033,0.00229000
1988-02-03,1.0477,-0.01576722,-0.01576620,-0.01504000
1988-02-04,1.0477,0.00536476,0.00536578,0.00513000
1988-02-05,1.0477,0.00424373,0.00424475,0.00406000
1988-02-08,1.0477,-0.00091092,-0.00090990,-0.00086000
1988-02-09,1.0477,0.00702012,0.00702114,0.00671000
1988-02-10,1.0477,0.02183451,0.02183553,0.02085000
1988-02-11,1.0477,0.00463138,0.00463240,0.00443000
1988-02-12,1.0477,0.00631816,0.00631919,0.00604000
1988-02-16,1.0477,0.01026797,0.01026899,0.00981000
1988-02-17,1.0477,0.00168736,0.00168838,0.00162000
1988-02-18,1.0477,-0.00033469,-0.00033367,-0.00031000
1988-02-19,1.0477,0.00839260,0.00839362,0.00802000
1988-02-22,1.0477,0.01961340,0.01961442,0.01873000
1988-02-23,1.0477,0.00669533,0.00669636,0.00640000
1988-02-24,1.0477,0.00729252,0.00729354,0.00697000
1988-02-25,1.0477,-0.01024587,-0.01024485,-0.00977000
1988-02-26,1.0477,-0.00084806,-0.00084704,-0.00080000
1988-02-29,1.0477,0.01225859,0.01225961,0.01171000
1988-03-01,1.0477,-0.00002038,-0.00001936,-0.00001000
1988-03-02,1.0477,0.01506641,0.01506743,0.01439000
1988-03-03,1.0477,0.00829831,0.00829933,0.00793000
1988-03-04,1.0477,0.00530190,0.00530292,0.00507000
1988-03-07,1.0477,0.00636007,0.00636109,0.00608000
1988-03-08,1.0477,0.00682106,0.00682208,0.00652000
1988-03-09,1.0477,0.00942981,0.00943084,0.00901000
1988-03-10,1.0477,-0.01619677,-0.01619575,-0.01545000
1988-03-11,1.0477,-0.00318442,-0.00318340,-0.00303000
1988-03-14,1.0477,0.00778494,0.00778596,0.00744000
1988-03-15,1.0477,-0.00521694,-0.00521592,-0.00497000
1988-03-16,1.0477,0.01238431,0.01238533,0.01183000
1988-03-17,1.0477,0.00474662,0.00474765,0.00454000
1988-03-18,1.0477,-0.00114142,-0.00114039,-0.00108000
1988-03-21,1.0477,-0.01234126,-0.01234024,-0.01177000
1988-03-22,1.0477,0.00654866,0.00654968,0.00626000
1988-03-23,1.0477,-0.00446260,-0.00446158,-0.00425000
1988-03-24,1.0477,-0.02617082,-0.02616980,-0.02497000
1988-03-25,1.0477,-0.01128309,-0.01128207,-0.01076000
1988-03-28,1.0477,-0.00022992,-0.00022890,-0.00021000
1988-03-29,1.0477,0.00501902,0.00502005,0.00480000
1988-03-30,1.0477,-0.00924009,-0.00923907,-0.00881000
1988-03-31,1.0477,0.00689440,0.00689542,0.00659000
1988-04-04,1.0477,-0.01119927,-0.01119825,-0.01068000
1988-04-05,1.0477,0.00912598,0.00912701,0.00872000
1988-04-06,1.0477,0.02246312,0.02246415,0.02145000
1988-04-07,1.0477,0.00434850,0.00434952,0.00416000
1988-04-08,1.0477,0.00947172,0.00947274,0.00905000
1988-04-11,1.0477,0.00593052,0.00593154,0.00567000
1988-04-12,1.0477,0.00094350,0.00094452,0.00091000
1988-04-13,1.0477,0.00167688,0.00167790,0.00161000
1988-04-14,1.0477,-0.04130999,-0.04130897,-0.03942000
1988-04-15,1.0477,-0.00080615,-0.00080513,-0.00076000
1988-04-18,1.0477,0.00252551,0.00252653,0.00242000
1988-04-19,1.0477,0.00487235,0.00487337,0.00466000
1988-04-20,1.0477,-0.00851718,-0.00851616,-0.00812000
1988-04-21,1.0477,-0.00522742,-0.00522640,-0.00498000
1988-04-22,1.0477,0.00762778,0.00762880,0.00729000
1988-04-25,1.0477,0.00653818,0.00653920,0.00625000
1988-04-26,1.0477,0.01410253,0.01410355,0.01347000
1988-04-27,1.0477,0.00276648,0.00276750,0.00265000
1988-04-28,1.0477,-0.00281773,-0.00281670,-0.00268000
1988-04-29,1.0477,-0.00478739,-0.00478637,-0.00456000
1988-05-02,1.0477,0.00492473,0.00492575,0.00471000
1988-05-03,1.0477,0.01334819,0.01334921,0.01275000
1988-05-04,1.0477,-0.00214720,-0.00214618,-0.00204000
1988-05-05,1.0477,-0.00553125,-0.00553023,-0.00527000
1988-05-06,1.0477,-0.00293297,-0.00293195,-0.00279000
1988-05-09,1.0477,-0.01329466,-0.01329364,-0.01268000
1988-05-10,1.0477,-0.00363493,-0.00363390,-0.00346000
1988-05-11,1.0477,-0.02114189,-0.02114087,-0.02017000
1988-05-12,1.0477,0.00556382,0.00556485,0.00532000
1988-05-13,1.0477,0.01307579,0.01307681,0.01249000
1988-05-16,1.0477,0.00688392,0.00688494,0.00658000
1988-05-17,1.0477,-0.00546839,-0.00546737,-0.00521000
1988-05-18,1.0477,-0.02276581,-0.02276479,-0.02172000
1988-05-19,1.0477,0.00038822,0.00038924,0.00038000
1988-05-20,1.0477,-0.00281773,-0.00281670,-0.00268000
1988-05-23,1.0477,-0.01376612,-0.01376510,-0.01313000
1988-05-24,1.0477,0.00976508,0.00976610,0.00933000
1988-05-25,1.0477,-0.00122523,-0.00122421,-0.00116000
1988-05-26,1.0477,0.00524952,0.00525054,0.00502000
1988-05-27,1.0477,-0.00165479,-0.00165376,-0.00157000
1988-05-31,1.0477,0.02324889,0.02324992,0.02220000
1988-06-01,1.0477,0.02013724,0.02013827,0.01923000
1988-06-02,1.0477,-0.00131952,-0.00131850,-0.00125000
1988-06-03,1.0477,0.00925171,0.00925273,0.00884000
1988-06-06,1.0477,0.01025749,0.01025851,0.00980000
1988-06-07,1.0477,0.00013677,0.00013779,0.00014000
1988-06-08,1.0477,0.01895335,0.01895437,0.01810000
1988-06-09,1.0477,-0.00136143,-0.00136041,-0.00129000
1988-06-10,1.0477,0.00867547,0.00867650,0.00829000
1988-06-13,1.0477,0.00257790,0.00257892,0.00247000
1988-06-14,1.0477,0.00590956,0.00591059,0.00565000
1988-06-15,1.0477,0.00187594,0.00187696,0.00180000
1988-06-16,1.0477,-0.00898864,-0.00898762,-0.00857000
1988-06-17,1.0477,-0.00319489,-0.00319387,-0.00304000
1988-06-20,1.0477,-0.00423211,-0.00423109,-0.00403000
1988-06-21,1.0477,0.00913646,0.00913748,0.00873000
1988-06-22,1.0477,0.01243670,0.01243772,0.01188000
1988-06-23,1.0477,0.00052442,0.00052544,0.00051000
1988-06-24,1.0477,0.00158259,0.00158361,0.00152000
1988-06-27,1.0477,-0.01248794,-0.01248692,-0.01191000
1988-06-28,1.0477,0.01742372,0.01742474,0.01664000
1988-06-29,1.0477,-0.00224149,-0.00224047,-0.00213000
1988-06-30,1.0477,0.00693630,0.00693733,0.00663000
1988-07-01,1.0477,0.00516570,0.00516672,0.00494000
1988-07-05,1.0477,0.01077086,0.01077188,0.01029000
1988-07-06,1.0477,-0.00803524,-0.00803422,-0.00766000
1988-07-07,1.0477,-0.00573031,-0.00572929,-0.00546000
1988-07-08,1.0477,-0.00684087,-0.00683985,-0.00652000
1988-07-11,1.0477,-0.00254532,-0.00254430,-0.00242000
1988-07-12,1.0477,-0.00249294,-0.00249192,-0.00237000
1988-07-13,1.0477,0.00496664,0.00496766,0.00475000
1988-07-14,1.0477,0.00313318,0.00313420,0.00300000
1988-07-15,1.0477,-0.00093188,-0.00093085,-0.00088000
1988-07-18,1.0477,0.00160354,0.00160456,0.00154000
1988-07-19,1.0477,-0.01672062,-0.01671960,-0.01595000
1988-07-20,1.0477,-0.00294345,-0.00294243,-0.00280000
1988-07-21,1.0477,-0.01610248,-0.01610146,-0.01536000
1988-07-22,1.0477,-0.00311108,-0.00311006,-0.00296000
1988-07-25,1.0477,-0.00153954,-0.00153852,-0.00146000
1988-07-26,1.0477,-0.01086401,-0.01086299,-0.01036000
1988-07-27,1.0477,-0.01359849,-0.01359747,-0.01297000
1988-07-28,1.0477,0.00503998,0.00504100,0.00482000
1988-07-29,1.0477,0.01729799,0.01729902,0.01652000
1988-08-01,1.0477,0.00163497,0.00163600,0.00157000
1988-08-02,1.0477,-0.00520647,-0.00520544,-0.00496000
1988-08-03,1.0477,0.00312270,0.00312372,0.00299000
1988-08-04,1.0477,0.00061871,0.00061973,0.00060000
1988-08-05,1.0477,-0.00738567,-0.00738465,-0.00704000
1988-08-08,1.0477,-0.00044994,-0.00044892,-0.00042000
1988-08-09,1.0477,-0.01481382,-0.01481280,-0.01413000
1988-08-10,1.0477,-0.02711374,-0.02711272,-0.02587000
1988-08-11,1.0477,0.01188142,0.01188244,0.01135000
1988-08-12,1.0477,-0.00532171,-0.00532069,-0.00507000
1988-08-15,1.0477,-0.02205338,-0.02205236,-0.02104000
1988-08-16,1.0477,0.01578932,0.01579034,0.01508000
1988-08-17,1.0477,0.00159307,0.00159409,0.00153000
1988-08-18,1.0477,0.00391895,0.00391997,0.00375000
1988-08-19,1.0477,-0.00442070,-0.00441967,-0.00421000
1988-08-22,1.0477,-0.01768450,-0.01768348,-0.01687000
1988-08-23,1.0477,-0.00177003,-0.00176901,-0.00168000
1988-08-24,1.0477,0.01453208,0.01453310,0.01388000
1988-08-25,1.0477,-0.00866386,-0.00866283,-0.00826000
1988-08-26,1.0477,0.00277696,0.00277798,0.00266000
1988-08-29,1.0477,0.01094897,0.01094999,0.01046000
1988-08-30,1.0477,-0.00240912,-0.00240810,-0.00229000
1988-08-31,1.0477,-0.00830764,-0.00830662,-0.00792000
1988-09-01,1.0477,-0.01698254,-0.01698152,-0.01620000
1988-09-02,1.0477,0.02022106,0.02022208,0.01931000
1988-09-06,1.0477,0.00288173,0.00288275,0.00276000
1988-09-07,1.0477,0.00098540,0.00098643,0.00095000
1988-09-08,1.0477,0.00531238,0.00531340,0.00508000
1988-09-09,1.0477,0.01524451,0.01524554,0.01456000
1988-09-12,1.0477,0.00070253,0.00070355,0.00068000
1988-09-13,1.0477,0.00165593,0.00165695,0.00159000
1988-09-14,1.0477,0.00663247,0.00663349,0.00634000
1988-09-15,1.0477,-0.00925056,-0.00924954,-0.00882000
1988-09-16,1.0477,0.00736586,0.00736688,0.00704000
1988-09-19,1.0477,-0.00315299,-0.00315196,-0.00300000
1988-09-20,1.0477,0.00414944,0.00415046,0.00397000
1988-09-21,1.0477,0.00594099,0.00594202,0.00568000
1988-09-22,1.0477,0.00278744,0.00278846,0.00267000
1988-09-23,1.0477,-0.00468262,-0.00468160,-0.00446000
1988-09-26,1.0477,-0.00946010,-0.00945908,-0.00902000
1988-09-27,1.0477,-0.00039755,-0.00039653,-0.00037000
1988-09-28,1.0477,0.00749158,0.00749260,0.00716000
1988-09-29,1.0477,0.01048798,0.01048901,0.01002000
1988-09-30,1.0477,0.00317508,0.00317610,0.00304000
1988-10-03,1.0477,-0.01502336,-0.01502233,-0.01433000
1988-10-04,1.0477,-0.00294345,-0.00294243,-0.00280000
1988-10-05,1.0477,-0.00254532,-0.00254430,-0.00242000
1988-10-06,1.0477,0.00225311,0.00225413,0.00216000
1988-10-07,1.0477,-0.00138238,-0.00138136,-0.00131000
1988-10-10,1.0477,-0.00632750,-0.00632648,-0.00603000
1988-10-11,1.0477,0.00414944,0.00415046,0.00397000
1988-10-12,1.0477,-0.01391280,-0.01391178,-0.01327000
1988-10-13,1.0477,0.00935648,0.00935750,0.00894000
1988-10-14,1.0477,0.00321699,0.00321801,0.00308000
1988-10-17,1.9120,0.00394810,0.00396764,0.00239000
1988-10-18,1.9120,0.01296512,0.01298466,0.00688000
1988-10-19,1.9120,-0.00015118,-0.00013164,0.00002000
1988-10-20,1.9120,0.03631061,0.03633015,0.01909000
1988-10-21,1.6142,-0.00582922,-0.00581606,-0.00344000
1988-10-24,1.6142,-0.01204013,-0.01202697,-0.00738000
1988-10-25,1.6142,-0.00923148,-0.00921832,-0.00564000
1988-10-26,1.6142,-0.00963502,-0.00962186,-0.00589000
1988-10-27,1.6142,-0.01902948,-0.01901632,-0.01171000
1988-10-28,1.0000,0.00319292,0.00319292,0.00350000
1988-10-31,1.0000,-0.00058000,-0.00058000,-0.00058000
1988-11-01,1.0000,-0.00103000,-0.00103000,-0.00103000
1988-11-02,1.0000,-0.00330000,-0.00330000,-0.00330000
1988-11-03,1.0000,0.00137000,0.00137000,0.00137000
1988-11-04,1.0000,-0.00394000,-0.00394000,-0.00394000
1988-11-07,1.0000,-0.01277000,-0.01277000,-0.01277000
1988-11-08,1.0000,0.01409000,0.01409000,0.01409000
1988-11-09,1.0000,-0.00144000,-0.00144000,-0.00144000
1988-11-10,1.0000,-0.00124000,-0.00124000,-0.00124000
1988-11-11,1.0000,-0.02326000,-0.02326000,-0.02326000
1988-11-14,1.0000,-0.00166000,-0.00166000,-0.00166000
1988-11-15,1.0000,-0.00501000,-0.00501000,-0.00501000
1988-11-16,1.0000,-0.01532000,-0.01532000,-0.01532000
1988-11-17,1.0000,0.00413000,0.00413000,0.00413000
1988-11-18,1.0000,0.00195000,0.00195000,0.00195000
1988-11-21,1.0000,-0.01625000,-0.01625000,-0.01625000
1988-11-22,1.0000,0.00329000,0.00329000,0.00329000
1988-11-23,1.0000,0.01730000,0.01730000,0.01730000
1988-11-25,1.0000,-0.00877000,-0.00877000,-0.00877000
1988-11-28,1.0000,0.00168000,0.00168000,0.00168000
1988-11-29,1.0000,0.00710000,0.00710000,0.00710000
1988-11-30,1.0000,0.01208000,0.01208000,0.01208000
1988-12-01,1.0000,0.01270000,0.01270000,0.01270000
1988-12-02,1.0000,0.00169000,0.00169000,0.00169000
1988-12-05,1.0000,0.00725000,0.00725000,0.00725000
1988-12-06,1.0000,0.00673000,0.00673000,0.00673000
1988-12-07,1.0000,-0.00673000,-0.00673000,-0.00673000
1988-12-08,1.0000,-0.00550000,-0.00550000,-0.00550000
1988-12-09,1.0000,-0.00050000,-0.00050000,-0.00050000
1988-12-12,1.0000,-0.00396000,-0.00396000,-0.00396000
1988-12-13,1.0000,-0.00497000,-0.00497000,-0.00497000
1988-12-14,1.0000,0.00364000,0.00364000,0.00364000
1988-12-15,1.0000,0.00441000,0.00441000,0.00441000
1988-12-16,1.0000,0.01398000,0.01398000,0.01398000
1988-12-19,1.0000,0.00793000,0.00793000,0.00793000
1988-12-20,1.0000,-0.00177000,-0.00177000,-0.00177000
1988-12-21,1.0000,-0.00235000,-0.00235000,-0.00235000
1988-12-22,1.0000,0.00060000,0.00060000,0.00060000
1988-12-23,1.0000,0.00489000,0.00489000,0.00489000
1988-12-27,1.0000,-0.00220000,-0.00220000,-0.00220000
1988-12-28,1.0000,-0.00049000,-0.00049000,-0.00049000
1988-12-29,1.0000,0.00887000,0.00887000,0.00887000
1988-12-30,1.0000,0.00416000,0.00416000,0.00416000
1989-01-03,1.0000,-0.01567000,-0.01567000,-0.01567000
1989-01-04,1.0000,0.01683000,0.01683000,0.01683000
1989-01-05,1.0000,-0.00040000,-0.00040000,-0.00040000
1989-01-06,1.0000,0.00022000,0.00022000,0.00022000
1989-01-09,1.0000,0.00076000,0.00076000,0.00076000
1989-01-10,1.0000,-0.00327000,-0.00327000,-0.00327000
1989-01-11,1.0000,0.00302000,0.00302000,0.00302000
1989-01-12,1.0000,0.00794000,0.00794000,0.00794000
1989-01-13,1.0000,0.00058000,0.00058000,0.00058000
1989-01-16,1.0000,0.00058000,0.00058000,0.00058000
1989-01-17,1.0000,-0.01175000,-0.01175000,-0.01175000
1989-01-18,1.0000,0.00880000,0.00880000,0.00880000
1989-01-19,1.0000,0.01080000,0.01080000,0.01080000
1989-01-20,1.0000,-0.00136000,-0.00136000,-0.00136000
1989-01-23,1.0000,-0.01171000,-0.01171000,-0.01171000
1989-01-24,1.0000,0.01108000,0.01108000,0.01108000
1989-01-25,1.0000,0.00771000,0.00771000,0.00771000
1989-01-26,1.0000,0.01344000,0.01344000,0.01344000
1989-01-27,1.0000,-0.00242000,-0.00242000,-0.00242000
1989-01-30,1.0000,0.00678000,0.00678000,0.00678000
1989-01-31,1.0000,0.00914000,0.00914000,0.00914000
1989-02-01,1.0000,0.01021000,0.01021000,0.01021000
1989-02-02,1.6589,0.01273846,0.01275258,0.00796000
1989-02-03,1.6589,0.00085848,0.00087260,0.00060000
1989-02-06,1.6589,-0.00454950,-0.00453538,-0.00266000
1989-02-07,1.6589,0.02257335,0.02258746,0.01369000
1989-02-08,1.5054,-0.01586803,-0.01585720,-0.01042000
1989-02-09,1.5054,-0.01083851,-0.01082768,-0.00713000
1989-02-10,1.5054,-0.02389037,-0.02387954,-0.01580000
1989-02-13,1.3461,-0.00229188,-0.00228446,-0.00159000
1989-02-14,1.3461,0.00159732,0.00160473,0.00124000
1989-02-15,1.3461,0.01290485,0.01291227,0.00964000
1989-02-16,1.3461,0.00290307,0.00291048,0.00221000
1989-02-17,1.3461,0.00486842,0.00487584,0.00367000
1989-02-21,1.3461,-0.00246801,-0.00246059,-0.00178000
1989-02-22,1.5084,-0.01946357,-0.01945267,-0.01278000
1989-02-23,1.5084,0.00570161,0.00571250,0.00385000
1989-02-24,1.5084,-0.01527971,-0.01526881,-0.01006000
1989-02-27,1.5084,-0.00639546,-0.00638456,-0.00417000
1989-02-28,1.5084,-0.00027151,-0.00026061,-0.00011000
1989-03-01,1.5084,-0.00162903,-0.00161814,-0.00101000
1989-03-02,1.6257,0.01631229,0.01632570,0.01015000
1989-03-03,1.6257,0.00302391,0.00303732,0.00194000
1989-03-06,1.6257,0.01469649,0.01470990,0.00912000
1989-03-07,1.6257,-0.00707173,-0.00705832,-0.00427000
1989-03-08,1.6257,-0.00396663,-0.00395322,-0.00236000
1989-03-09,1.7330,-0.00859349,-0.00857778,-0.00484000
1989-03-10,1.7330,-0.00342757,-0.00341186,-0.00189000
1989-03-13,1.8566,0.00869040,0.00870876,0.00481000
1989-03-14,2.0000,-0.00587941,-0.00585798,-0.00280000
1989-03-15,2.0000,-0.00004770,-0.00002627,0.00008000
1989-03-16,2.0000,0.01893230,0.01895373,0.00957000
1989-03-17,2.0000,-0.05492770,-0.05490627,-0.02736000
1989-03-20,1.4845,-0.01774158,-0.01773119,-0.01171000
1989-03-21,1.4845,0.01780213,0.01781251,0.01206000
1989-03-22,1.3691,-0.01100510,-0.01099719,-0.00794000
1989-03-23,1.3691,0.00337350,0.00338141,0.00252000
1989-03-27,1.3691,0.00074480,0.00075271,0.00060000
1989-03-28,1.3691,0.00653615,0.00654406,0.00483000
1989-03-29,1.3691,0.00991786,0.00992576,0.00730000
1989-03-30,1.3691,0.00760406,0.00761196,0.00561000
1989-03-31,1.3691,0.01113636,0.01114427,0.00819000
1989-04-03,1.3691,-0.00033680,-0.00032889,-0.00019000
1989-04-04,1.3691,-0.00221248,-0.00220457,-0.00156000
1989-04-05,1.4834,0.00432235,0.00433270,0.00302000
1989-04-06,1.0000,0.00036830,0.00036830,0.00061000
1989-04-07,1.0000,0.01184000,0.01184000,0.01184000
1989-04-10,1.0000,0.00467000,0.00467000,0.00467000
1989-04-11,1.0000,0.00866000,0.00866000,0.00866000
1989-04-12,1.0000,0.00851000,0.00851000,0.00851000
1989-04-13,1.0000,-0.00361000,-0.00361000,-0.00361000
1989-04-14,1.0000,0.01462000,0.01462000,0.01462000
1989-04-17,1.0000,-0.00018000,-0.00018000,-0.00018000
1989-04-18,1.0000,0.01154000,0.01154000,0.01154000
1989-04-19,1.0000,0.00632000,0.00632000,0.00632000
1989-04-20,1.0000,-0.00210000,-0.00210000,-0.00210000
1989-04-21,1.0000,0.00615000,0.00615000,0.00615000
1989-04-24,1.0000,-0.00272000,-0.00272000,-0.00272000
1989-04-25,1.0000,-0.00540000,-0.00540000,-0.00540000
1989-04-26,1.8286,-0.00045840,-0.00044065,0.00007000
1989-04-27,1.8286,0.02138722,0.02140498,0.01179000
1989-04-28,1.8286,0.00811151,0.00812926,0.00453000
1989-05-01,1.8286,0.00242453,0.00244228,0.00142000
1989-05-02,1.8286,-0.00017210,-0.00015435,-0.00000000
1989-05-03,1.8286,0.00752635,0.00754411,0.00421000
1989-05-04,1.8286,0.00449086,0.00450861,0.00255000
1989-05-05,1.8286,0.01204302,0.01206078,0.00668000
1989-05-08,1.8286,-0.00371961,-0.00370185,-0.00194000
1989-05-09,1.8286,-0.00331731,-0.00329956,-0.00172000
1989-05-10,1.9989,0.00300554,0.00302694,0.00165000
1989-05-11,1.9989,0.00476971,0.00479111,0.00249000
1989-05-12,1.9989,0.03559220,0.03561361,0.01791000
1989-05-15,1.9989,0.01662298,0.01664438,0.00842000
1989-05-16,1.8768,-0.00594868,-0.00592989,-0.00304000
1989-05-17,2.0000,0.02355071,0.02357214,0.01191000
1989-05-18,2.0000,0.00297230,0.00299373,0.00159000
1989-05-19,2.0000,0.01453230,0.01455373,0.00737000
1989-05-22,2.0000,-0.00242770,-0.00240627,-0.00111000
1989-05-23,2.0000,-0.01658770,-0.01656627,-0.00819000
1989-05-24,1.8692,0.01186640,0.01188503,0.00648000
1989-05-25,1.8692,0.00740837,0.00742700,0.00406000
1989-05-26,1.8692,0.01387576,0.01389439,0.00752000
1989-05-30,1.8692,-0.00750774,-0.00748912,-0.00392000
1989-05-31,1.8692,0.00823082,0.00824944,0.00450000
1989-06-01,1.8692,0.00895980,0.00897842,0.00489000
1989-06-02,1.8692,0.01894126,0.01895989,0.01023000
1989-06-05,1.8692,-0.03780728,-0.03778865,-0.02013000
1989-06-06,1.5256,0.00687432,0.00688558,0.00469000
1989-06-07,1.5256,0.03896254,0.03897380,0.02561000
1989-06-08,1.2532,-0.00294591,-0.00294049,-0.00220000
1989-06-09,1.2532,-0.00342379,-0.00341836,-0.00269000
1989-06-12,1.2532,-0.00114291,-0.00113748,-0.00087000
1989-06-13,1.3658,-0.01294320,-0.01293536,-0.00938000
1989-06-14,1.3658,0.00071618,0.00072402,0.00058000
1989-06-15,1.3658,-0.02258392,-0.02257608,-0.01648000
1989-06-16,1.3658,-0.00181050,-0.00180267,-0.00127000
1989-06-19,1.3658,-0.00344943,-0.00344159,-0.00247000
1989-06-20,1.3658,-0.00805209,-0.00804425,-0.00584000
1989-06-21,1.3658,-0.00088178,-0.00087394,-0.00059000
1989-06-22,1.3658,0.00843280,0.00844064,0.00623000
1989-06-23,1.3658,0.01309009,0.01309793,0.00964000
1989-06-26,1.3658,-0.00415963,-0.00415180,-0.00299000
1989-06-27,1.3658,0.00200001,0.00200784,0.00152000
1989-06-28,1.3658,-0.01833637,-0.01832853,-0.01337000
1989-06-29,1.3658,-0.02786947,-0.02786163,-0.02035000
1989-06-30,1.1595,-0.01235745,-0.01235403,-0.01054000
1989-07-03,1.1595,0.00498753,0.00499095,0.00433000
1989-07-05,1.2677,0.00546828,0.00547402,0.00440000
1989-07-06,1.2677,0.00799446,0.00800020,0.00635000
1989-07-07,1.5220,0.01379746,0.01380865,0.00922000
1989-07-10,1.5220,-0.00188919,-0.00187800,-0.00117000
1989-07-11,1.5220,0.00436632,0.00437750,0.00294000
1989-07-12,1.5220,0.00666457,0.00667576,0.00445000
1989-07-13,1.5220,0.00433588,0.00434706,0.00292000
1989-07-14,1.5220,0.00989125,0.00990244,0.00657000
1989-07-17,1.6618,0.00662264,0.00663682,0.00411000
1989-07-18,1.6618,-0.01836734,-0.01835316,-0.01097000
1989-07-19,1.6618,0.01739448,0.01740866,0.01055000
1989-07-20,1.5377,-0.01824123,-0.01822971,-0.01175000
1989-07-21,1.5377,-0.00175697,-0.00174544,-0.00107000
1989-07-24,1.5377,-0.02013199,-0.02012047,-0.01302000
1989-07-25,1.5377,-0.00081899,-0.00080747,-0.00046000
1989-07-26,1.5377,0.01381952,0.01383104,0.00906000
1989-07-27,1.4103,0.01910192,0.01911072,0.01365000
1989-07-28,1.4103,0.00253797,0.00254676,0.00186000
1989-07-31,1.6339,0.00846510,0.00847868,0.00533000
1989-08-01,1.6339,-0.01107858,-0.01106500,-0.00670000
1989-08-02,1.6339,-0.00004996,-0.00003638,0.00005000
1989-08-03,1.6339,0.01311903,0.01313262,0.00811000
1989-08-04,1.6339,0.00432881,0.00434239,0.00273000
1989-08-07,1.6339,0.02739906,0.02741264,0.01685000
1989-08-08,1.5277,0.00665105,0.00666236,0.00446000
1989-08-09,1.5277,-0.01314124,-0.01312993,-0.00853000
1989-08-10,1.5277,-0.00308871,-0.00307740,-0.00195000
1989-08-11,1.5277,-0.00790109,-0.00788978,-0.00510000
1989-08-14,1.5277,-0.01063575,-0.01062444,-0.00689000
1989-08-15,1.5277,0.00746798,0.00747929,0.00496000
1989-08-16,1.5277,-0.00715250,-0.00714119,-0.00461000
1989-08-17,1.5277,0.00902628,0.00903759,0.00598000
1989-08-18,1.6662,0.00422458,0.00423885,0.00266000
1989-08-21,1.6662,-0.01958342,-0.01956914,-0.01167000
1989-08-22,1.6662,0.00924256,0.00925684,0.00563000
1989-08-23,1.6662,0.01619079,0.01620507,0.00980000
1989-08-24,1.6662,0.02215594,0.02217022,0.01338000
1989-08-25,1.6662,0.00311079,0.00312507,0.00195000
1989-08-28,1.6662,0.00472705,0.00474133,0.00292000
1989-08-29,1.6662,-0.00881950,-0.00880522,-0.00521000
1989-08-30,1.6662,0.00822616,0.00824043,0.00502000
1989-08-31,1.6662,0.00446045,0.00447473,0.00276000
1989-09-01,1.6662,0.01124205,0.01125633,0.00683000
1989-09-05,1.6662,0.00037816,0.00039243,0.00031000
1989-09-06,1.9843,-0.01727008,-0.01724899,-0.00852000
1989-09-07,1.9843,-0.00437156,-0.00435047,-0.00210000
1989-09-08,1.9843,0.01289220,0.01291330,0.00660000
1989-09-11,1.9843,0.00255379,0.00257488,0.00139000
1989-09-12,1.9843,0.01199925,0.01202034,0.00615000
1989-09-13,1.9843,0.00241488,0.00243598,0.00132000
1989-09-14,1.9843,-0.01963114,-0.01961005,-0.00979000
1989-09-15,1.9843,-0.00417313,-0.00415203,-0.00200000
1989-09-18,1.9843,-0.00203004,-0.00200895,-0.00092000
1989-09-19,1.9843,0.00150209,0.00152318,0.00086000
1989-09-20,1.9843,0.00314909,0.00317018,0.00169000
1989-09-21,1.9843,0.00297050,0.00299159,0.00160000
1989-09-22,1.9843,0.01084833,0.01086943,0.00557000
1989-09-25,1.9843,-0.00016476,-0.00014367,0.00002000
1989-09-26,1.9843,-0.00034335,-0.00032226,-0.00007000
1989-09-27,1.9843,-0.00074022,-0.00071913,-0.00027000
1989-09-28,1.9843,0.02152409,0.02154518,0.01095000
1989-09-29,1.9843,0.00106553,0.00108663,0.00064000
1989-10-02,1.9843,0.01491623,0.01493732,0.00762000
1989-10-03,1.9843,0.00527233,0.00529343,0.00276000
1989-10-04,1.9843,0.01862695,0.01864804,0.00949000
1989-10-05,1.9843,0.00705824,0.00707933,0.00366000
1989-10-06,1.9843,0.02265516,0.02267625,0.01152000
1989-10-09,1.9843,0.01999614,0.02001724,0.01018000
1989-10-10,1.9843,-0.00601856,-0.00599747,-0.00293000
1989-10-11,1.9843,-0.00855852,-0.00853743,-0.00421000
1989-10-12,1.9843,-0.00470890,-0.00468781,-0.00227000
1989-10-13,1.9843,-0.08374519,-0.08372410,-0.04210000
1989-10-16,1.1474,0.00100813,0.00101129,0.00127000
1989-10-17,1.1474,-0.00357611,-0.00357296,-0.00309000
1989-10-18,1.1474,0.01166149,0.01166465,0.01019000
1989-10-19,1.1474,0.02535009,0.02535325,0.02212000
1989-10-20,1.0295,-0.00217556,-0.00217493,-0.00205000
1989-10-23,1.0295,-0.01018791,-0.01018728,-0.00989000
1989-10-24,1.0295,-0.01161892,-0.01161829,-0.01128000
1989-10-25,1.0295,-0.00025321,-0.00025258,-0.00024000
1989-10-26,1.0295,-0.01846511,-0.01846448,-0.01793000
1989-10-27,1.0295,-0.01488244,-0.01488181,-0.01445000
1989-10-30,1.0295,0.00112633,0.00112696,0.00110000
1989-10-31,1.0295,0.01665123,0.01665186,0.01618000
1989-11-01,1.0295,0.00323681,0.00323744,0.00315000
1989-11-02,1.0295,-0.01777535,-0.01777471,-0.01726000
1989-11-03,1.0295,-0.00183864,-0.00183801,-0.00178000
1989-11-06,1.0295,-0.01816656,-0.01816593,-0.01764000
1989-11-07,1.0295,0.01181257,0.01181320,0.01148000
1989-11-08,1.0295,0.01288325,0.01288388,0.01252000
1989-11-09,1.0295,0.00132193,0.00132256,0.00129000
1989-11-10,1.0295,0.00878583,0.00878646,0.00854000
1989-11-13,1.0295,0.00105426,0.00105489,0.00103000
1989-11-14,1.0295,-0.00637875,-0.00637812,-0.00619000
1989-11-15,1.0295,0.00455457,0.00455520,0.00443000
1989-11-16,1.0295,-0.00297110,-0.00297046,-0.00288000
1989-11-17,1.0295,0.00433837,0.00433901,0.00422000
1989-11-20,1.0295,0.00364861,0.00364924,0.00355000
1989-11-21,1.0295,-0.00300198,-0.00300135,-0.00291000
1989-11-22,1.0295,0.00401923,0.00401986,0.00391000
1989-11-24,1.0295,0.00558407,0.00558471,0.00543000
1989-11-27,1.0295,-0.00543161,-0.00543098,-0.00527000
1989-11-28,1.0295,-0.00025321,-0.00025258,-0.00024000
1989-11-29,1.0295,-0.00039734,-0.00039671,-0.00038000
1989-11-30,1.0295,0.00438985,0.00439048,0.00427000
1989-12-01,1.0295,0.00400893,0.00400957,0.00390000
1989-12-04,1.0295,0.00643856,0.00643919,0.00626000
1989-12-05,1.0295,0.00267058,0.00267121,0.00260000
1989-12-06,1.0295,-0.01424415,-0.01424352,-0.01383000
1989-12-07,1.0295,0.00282501,0.00282564,0.00275000
1989-12-08,1.0295,-0.00337260,-0.00337197,-0.00327000
1989-12-11,1.0295,-0.01726060,-0.01725996,-0.01676000
1989-12-12,1.0295,-0.01147479,-0.01147416,-0.01114000
1989-12-13,1.0295,0.00051892,0.00051955,0.00051000
1989-12-14,1.0295,-0.00732589,-0.00732526,-0.00711000
1989-12-15,1.0295,-0.01051735,-0.01051672,-0.01021000
1989-12-18,1.0295,-0.01579870,-0.01579807,-0.01534000
1989-12-19,1.0295,0.00165137,0.00165200,0.00161000
1989-12-20,1.0295,0.01001094,0.01001157,0.00973000
1989-12-21,1.0295,0.01447898,0.01447961,0.01407000
1989-12-22,1.0295,0.00666505,0.00666568,0.00648000
1989-12-26,1.0295,-0.00002672,-0.00002609,-0.00002000
1989-12-27,1.0295,0.01875141,0.01875205,0.01822000
1989-12-28,1.0295,0.00004535,0.00004598,0.00005000
1989-12-29,1.0295,0.01049480,0.01049543,0.01020000
1990-01-02,1.0295,0.01790722,0.01790785,0.01740000
1990-01-03,1.0295,-0.00732589,-0.00732526,-0.00711000
1990-01-04,1.0295,-0.00628610,-0.00628546,-0.00610000
1990-01-05,1.0295,-0.00720235,-0.00720172,-0.00699000
1990-01-08,1.0295,0.00186757,0.00186820,0.00182000
1990-01-09,1.0295,-0.01084679,-0.01084616,-0.01053000
1990-01-10,1.0295,-0.02151244,-0.02151181,-0.02089000
1990-01-11,1.0295,-0.01448094,-0.01448031,-0.01406000
1990-01-12,1.0295,-0.02269637,-0.02269574,-0.02204000
1990-01-15,1.0295,-0.00580223,-0.00580160,-0.00563000
1990-01-16,1.0295,0.02134576,0.02134639,0.02074000
1990-01-17,1.0295,-0.00634787,-0.00634723,-0.00616000
1990-01-18,1.0295,-0.00015026,-0.00014963,-0.00014000
1990-01-19,1.0295,0.01635267,0.01635330,0.01589000
1990-01-22,1.0295,-0.02813215,-0.02813151,-0.02732000
1990-01-23,1.0295,-0.00284756,-0.00284692,-0.00276000
1990-01-24,1.0295,-0.00362998,-0.00362935,-0.00352000
1990-01-25,1.0295,-0.00481391,-0.00481327,-0.00467000
1990-01-26,1.0295,-0.01263813,-0.01263750,-0.01227000
1990-01-29,1.0295,-0.00600813,-0.00600750,-0.00583000
1990-01-30,1.0295,-0.02239781,-0.02239718,-0.02175000
1990-01-31,1.0295,0.02233408,0.02233472,0.02170000
1990-02-01,1.0295,0.00565614,0.00565677,0.00550000
1990-02-02,1.0295,0.01304797,0.01304860,0.01268000
1990-02-05,1.0295,0.00440014,0.00440078,0.00428000
1990-02-06,1.0295,-0.00703763,-0.00703700,-0.00683000
1990-02-07,1.0295,0.00870347,0.00870410,0.00846000
1990-02-08,1.0295,0.00220730,0.00220794,0.00215000
1990-02-09,1.0295,0.00623266,0.00623329,0.00606000
1990-02-12,1.0295,-0.00795389,-0.00795326,-0.00772000
1990-02-13,1.0295,0.00161019,0.00161082,0.00157000
1990-02-14,1.0295,0.00428690,0.00428753,0.00417000
1990-02-15,1.0295,0.00926969,0.00927033,0.00901000
1990-02-16,1.0295,-0.00770681,-0.00770618,-0.00748000
1990-02-20,1.0295,-0.01624139,-0.01624076,-0.01577000
1990-02-21,1.0295,-0.00156068,-0.00156004,-0.00151000
1990-02-22,1.0295,-0.00279608,-0.00279545,-0.00271000
1990-02-23,1.0295,-0.01206161,-0.01206097,-0.01171000
1990-02-26,1.0295,0.01445839,0.01445902,0.01405000
1990-02-27,1.0295,0.00585174,0.00585238,0.00569000
1990-02-28,1.0295,0.01066982,0.01067045,0.01037000
1990-03-01,1.0295,0.00591351,0.00591415,0.00575000
1990-03-02,1.0295,0.01200817,0.01200880,0.01167000
1990-03-05,1.0295,-0.00557574,-0.00557511,-0.00541000
1990-03-06,1.0295,0.00280442,0.00280505,0.00273000
1990-03-07,1.0295,-0.00390794,-0.00390731,-0.00379000
1990-03-08,1.0295,0.01448927,0.01448990,0.01408000
1990-03-09,1.0295,0.00345300,0.00345363,0.00336000
1990-03-12,1.0295,-0.00140625,-0.00140562,-0.00136000
1990-03-13,1.0295,-0.00969375,-0.00969312,-0.00941000
1990-03-14,1.0295,0.00372067,0.00372130,0.00362000
1990-03-15,1.0295,0.00588263,0.00588326,0.00572000
1990-03-16,1.0295,0.02162373,0.02162436,0.02101000
1990-03-19,1.0295,0.00904320,0.00904383,0.00879000
1990-03-20,1.0295,-0.01377058,-0.01376995,-0.01337000
1990-03-21,1.0295,-0.00508158,-0.00508094,-0.00493000
1990-03-22,1.0295,-0.01576782,-0.01576718,-0.01531000
1990-03-23,1.0295,0.00946530,0.00946593,0.00920000
1990-03-26,1.0295,0.00935205,0.00935269,0.00909000
1990-03-27,1.0295,0.00494578,0.00494641,0.00481000
1990-03-28,1.0295,-0.01531484,-0.01531420,-0.01487000
1990-03-29,1.0295,-0.00535954,-0.00535891,-0.00520000
1990-03-30,1.0295,0.00018948,0.00019011,0.00019000
1990-04-02,1.0295,-0.00227103,-0.00227040,-0.00220000
1990-04-03,1.0295,0.02005888,0.02005952,0.01949000
1990-04-04,1.0295,-0.00629639,-0.00629576,-0.00611000
1990-04-05,1.0295,-0.00676996,-0.00676933,-0.00657000
1990-04-06,1.0295,-0.00760386,-0.00760323,-0.00738000
1990-04-09,1.0295,-0.00172540,-0.00172477,-0.00167000
1990-04-10,1.0295,0.00540906,0.00540969,0.00526000
1990-04-11,1.0295,0.00629443,0.00629506,0.00612000
1990-04-12,1.0295,0.00731364,0.00731427,0.00711000
1990-04-16,1.0295,0.00421483,0.00421547,0.00410000
1990-04-17,1.0295,-0.00200336,-0.00200273,-0.00194000
1990-04-18,1.0295,-0.01593254,-0.01593190,-0.01547000
1990-04-19,1.0295,-0.01097033,-0.01096970,-0.01065000
1990-04-20,1.0295,-0.01097033,-0.01096970,-0.01065000
1990-04-23,1.0295,-0.01473831,-0.01473768,-0.01431000
1990-04-24,1.0295,-0.00434033,-0.00433970,-0.00421000
1990-04-25,1.0295,0.00414277,0.00414340,0.00403000
1990-04-26,1.0295,0.00104397,0.00104460,0.00102000
1990-04-27,1.0295,-0.01055853,-0.01055790,-0.01025000
1990-04-30,1.0295,0.01086542,0.01086605,0.01056000
1990-05-01,1.0295,0.00615030,0.00615093,0.00598000
1990-05-02,1.0295,0.00728275,0.00728338,0.00708000
1990-05-03,1.0295,0.00786957,0.00787020,0.00765000
1990-05-04,1.0295,0.01283177,0.01283241,0.01247000
1990-05-07,1.0295,0.01126693,0.01126756,0.01095000
1990-05-08,1.0295,0.00068364,0.00068427,0.00067000
1990-05-09,1.0295,0.00126016,0.00126079,0.00123000
1990-05-10,1.0295,0.00661358,0.00661421,0.00643000
1990-05-11,1.0295,0.01938971,0.01939034,0.01884000
1990-05-14,1.0295,0.01386128,0.01386191,0.01347000
1990-05-15,1.0295,0.00291766,0.00291829,0.00284000
1990-05-16,1.0295,0.00292796,0.00292859,0.00285000
1990-05-17,1.0295,0.00694302,0.00694365,0.00675000
1990-05-18,1.0295,0.00850786,0.00850849,0.00827000
1990-05-21,1.0295,0.01671300,0.01671363,0.01624000
1990-05-22,1.0295,0.00281471,0.00281534,0.00274000
1990-05-23,1.0295,0.01423190,0.01423253,0.01383000
1990-05-24,1.0295,0.00426631,0.00426694,0.00415000
1990-05-25,1.3266,-0.02724021,-0.02723321,-0.02037000
1990-05-29,1.2245,0.01912708,0.01913189,0.01570000
1990-05-30,1.2245,0.00265953,0.00266434,0.00221000
1990-05-31,1.2245,-0.00107522,-0.00107041,-0.00084000
1990-06-01,1.2245,0.00897800,0.00898281,0.00737000
1990-06-04,1.2245,0.01143926,0.01144407,0.00938000
1990-06-05,1.2245,-0.01156925,-0.01156444,-0.00941000
1990-06-06,1.0000,0.00079775,0.00079775,0.00091000
1990-06-07,1.0000,-0.00279000,-0.00279000,-0.00279000
1990-06-08,1.0000,-0.01116000,-0.01116000,-0.01116000
1990-06-11,1.0000,0.00948000,0.00948000,0.00948000
1990-06-12,1.0000,0.01336000,0.01336000,0.01336000
1990-06-13,1.0000,0.00812000,0.00812000,0.00812000
1990-06-14,1.0000,-0.00634000,-0.00634000,-0.00634000
1990-06-15,1.0000,0.00115000,0.00115000,0.00115000
1990-06-18,1.0000,-0.01690000,-0.01690000,-0.01690000
1990-06-19,1.0000,0.00030000,0.00030000,0.00030000
1990-06-20,1.0000,0.00230000,0.00230000,0.00230000
1990-06-21,1.0000,0.00352000,0.00352000,0.00352000
1990-06-22,1.0000,-0.01008000,-0.01008000,-0.01008000
1990-06-25,1.0000,-0.01196000,-0.01196000,-0.01196000
1990-06-26,1.0000,0.00013000,0.00013000,0.00013000
1990-06-27,1.0000,0.00865000,0.00865000,0.00865000
1990-06-28,1.0000,0.01052000,0.01052000,0.01052000
1990-06-29,1.0000,0.00443000,0.00443000,0.00443000
1990-07-02,1.0000,-0.00014000,-0.00014000,-0.00014000
1990-07-03,1.0000,-0.00096000,-0.00096000,-0.00096000
1990-07-05,1.0000,-0.00369000,-0.00369000,-0.00369000
1990-07-06,1.0000,0.00493000,0.00493000,0.00493000
1990-07-09,1.0000,0.00478000,0.00478000,0.00478000
1990-07-10,1.0000,-0.00390000,-0.00390000,-0.00390000
1990-07-11,1.0000,0.00889000,0.00889000,0.00889000
1990-07-12,1.0000,0.01103000,0.01103000,0.01103000
1990-07-13,1.0000,0.00543000,0.00543000,0.00543000
1990-07-16,1.0000,0.00591000,0.00591000,0.00591000
1990-07-17,1.0000,-0.01889000,-0.01889000,-0.01889000
1990-07-18,1.0000,-0.01366000,-0.01366000,-0.01366000
1990-07-19,1.0000,-0.00762000,-0.00762000,-0.00762000
1990-07-20,1.0000,-0.01673000,-0.01673000,-0.01673000
1990-07-23,1.0000,-0.02175000,-0.02175000,-0.02175000
1990-07-24,1.0000,-0.00391000,-0.00391000,-0.00391000
1990-07-25,1.0000,0.01009000,0.01009000,0.01009000
1990-07-26,1.0000,-0.00682000,-0.00682000,-0.00682000
1990-07-27,1.0000,-0.00686000,-0.00686000,-0.00686000
1990-07-30,1.0000,-0.00758000,-0.00758000,-0.00758000
1990-07-31,1.0000,-0.00237000,-0.00237000,-0.00237000
1990-08-01,1.0000,-0.00118000,-0.00118000,-0.00118000
1990-08-02,1.0000,-0.01855000,-0.01855000,-0.01855000
1990-08-03,1.0000,-0.02904000,-0.02904000,-0.02904000
1990-08-06,1.0000,-0.05242000,-0.05242000,-0.05242000
1990-08-07,1.0000,0.00598000,0.00598000,0.00598000
1990-08-08,1.0000,0.01446000,0.01446000,0.01446000
1990-08-09,1.0000,0.01727000,0.01727000,0.01727000
1990-08-10,1.0000,-0.01382000,-0.01382000,-0.01382000
1990-08-13,1.0000,0.00579000,0.00579000,0.00579000
1990-08-14,1.0000,0.00424000,0.00424000,0.00424000
1990-08-15,1.0000,0.00084000,0.00084000,0.00084000
1990-08-16,1.0000,-0.03008000,-0.03008000,-0.03008000
1990-08-17,1.0000,-0.02641000,-0.02641000,-0.02641000
1990-08-20,1.0000,-0.01900000,-0.01900000,-0.01900000
1990-08-21,1.0000,-0.02507000,-0.02507000,-0.02507000
1990-08-22,1.0000,-0.01719000,-0.01719000,-0.01719000
1990-08-23,1.0000,-0.03630000,-0.03630000,-0.03630000
1990-08-24,1.0000,0.03743000,0.03743000,0.03743000
1990-08-27,1.0000,0.04874000,0.04874000,0.04874000
1990-08-28,1.0000,0.00482000,0.00482000,0.00482000
1990-08-29,1.0000,-0.01024000,-0.01024000,-0.01024000
1990-08-30,1.0000,-0.01128000,-0.01128000,-0.01128000
1990-08-31,1.0000,0.01518000,0.01518000,0.01518000
1990-09-04,1.0000,0.00586000,0.00586000,0.00586000
1990-09-05,1.0000,-0.00475000,-0.00475000,-0.00475000
1990-09-06,1.0000,-0.01620000,-0.01620000,-0.01620000
1990-09-07,1.0000,0.00595000,0.00595000,0.00595000
1990-09-10,1.0000,0.00446000,0.00446000,0.00446000
1990-09-11,1.0000,-0.00872000,-0.00872000,-0.00872000
1990-09-12,1.0000,0.00730000,0.00730000,0.00730000
1990-09-13,1.0000,-0.01367000,-0.01367000,-0.01367000
1990-09-14,1.0000,-0.00103000,-0.00103000,-0.00103000
1990-09-17,1.0000,0.00047000,0.00047000,0.00047000
1990-09-18,1.0000,-0.00090000,-0.00090000,-0.00090000
1990-09-19,1.0000,-0.00343000,-0.00343000,-0.00343000
1990-09-20,1.0000,-0.02538000,-0.02538000,-0.02538000
1990-09-21,1.0000,-0.00422000,-0.00422000,-0.00422000
1990-09-24,1.0000,-0.03052000,-0.03052000,-0.03052000
1990-09-25,1.0000,0.01751000,0.01751000,0.01751000
1990-09-26,1.0000,-0.00692000,-0.00692000,-0.00692000
1990-09-27,1.0000,-0.02932000,-0.02932000,-0.02932000
1990-09-28,1.0000,0.01647000,0.01647000,0.01647000
1990-10-01,1.0000,0.04340000,0.04340000,0.04340000
1990-10-02,1.0000,0.00103000,0.00103000,0.00103000
1990-10-03,1.0000,-0.02385000,-0.02385000,-0.02385000
1990-10-04,1.0000,-0.00557000,-0.00557000,-0.00557000
1990-10-05,1.0000,-0.00627000,-0.00627000,-0.00627000
1990-10-08,1.0000,0.00675000,0.00675000,0.00675000
1990-10-09,1.0000,-0.03306000,-0.03306000,-0.03306000
1990-10-10,1.0000,-0.02394000,-0.02394000,-0.02394000
1990-10-11,1.0000,-0.02517000,-0.02517000,-0.02517000
1990-10-12,1.0000,0.00922000,0.00922000,0.00922000
1990-10-15,1.0000,0.01583000,0.01583000,0.01583000
1990-10-16,1.0000,-0.02277000,-0.02277000,-0.02277000
1990-10-17,1.0000,0.01078000,0.01078000,0.01078000
1990-10-18,1.0000,0.03057000,0.03057000,0.03057000
1990-10-19,1.0000,0.01302000,0.01302000,0.01302000
1990-10-22,1.0000,0.02262000,0.02262000,0.02262000
1990-10-23,1.0000,-0.00090000,-0.00090000,-0.00090000
1990-10-24,1.0000,0.00042000,0.00042000,0.00042000
1990-10-25,1.0000,-0.00631000,-0.00631000,-0.00631000
1990-10-26,1.0000,-0.01763000,-0.01763000,-0.01763000
1990-10-29,1.0000,-0.01407000,-0.01407000,-0.01407000
1990-10-30,1.0000,0.00724000,0.00724000,0.00724000
1990-10-31,1.0000,-0.00252000,-0.00252000,-0.00252000
1990-11-01,1.0000,0.00194000,0.00194000,0.00194000
1990-11-02,1.0000,0.02304000,0.02304000,0.02304000
1990-11-05,1.0000,0.02035000,0.02035000,0.02035000
1990-11-06,1.0000,-0.00108000,-0.00108000,-0.00108000
1990-11-07,1.0000,-0.01762000,-0.01762000,-0.01762000
1990-11-08,1.0000,0.00355000,0.00355000,0.00355000
1990-11-09,1.0000,0.02554000,0.02554000,0.02554000
1990-11-12,1.0000,0.03531000,0.03531000,0.03531000
1990-11-13,1.0000,0.00641000,0.00641000,0.00641000
1990-11-14,1.0000,0.01359000,0.01359000,0.01359000
1990-11-15,1.0000,-0.01505000,-0.01505000,-0.01505000
1990-11-16,1.0000,-0.02419000,-0.02419000,-0.02419000
1990-11-19,1.0000,0.01127000,0.01127000,0.01127000
1990-11-20,1.0000,-0.01989000,-0.01989000,-0.01989000
1990-11-21,1.0000,0.00341000,0.00341000,0.00341000
1990-11-23,1.0000,0.00190000,0.00190000,0.00190000
1990-11-26,1.0000,0.00458000,0.00458000,0.00458000
1990-11-27,1.0000,0.02193000,0.02193000,0.02193000
1990-11-28,1.0000,0.00277000,0.00277000,0.00277000
1990-11-29,1.0000,0.00748000,0.00748000,0.00748000
1990-11-30,1.0000,0.00772000,0.00772000,0.00772000
1990-12-03,1.0000,0.01012000,0.01012000,0.01012000
1990-12-04,1.0000,0.00558000,0.00558000,0.00558000
1990-12-05,1.0000,0.01751000,0.01751000,0.01751000
1990-12-06,1.0000,0.00234000,0.00234000,0.00234000
1990-12-07,1.0000,-0.00068000,-0.00068000,-0.00068000
1990-12-10,1.0000,0.00050000,0.00050000,0.00050000
1990-12-11,1.0000,-0.01444000,-0.01444000,-0.01444000
1990-12-12,1.0000,0.00750000,0.00750000,0.00750000
1990-12-13,1.0000,0.00005000,0.00005000,0.00005000
1990-12-14,1.0000,-0.00955000,-0.00955000,-0.00955000
1990-12-17,1.0000,-0.00548000,-0.00548000,-0.00548000
1990-12-18,1.0000,0.02148000,0.02148000,0.02148000
1990-12-19,1.0000,0.00592000,0.00592000,0.00592000
1990-12-20,1.0000,0.00551000,0.00551000,0.00551000
1990-12-21,1.0000,0.00618000,0.00618000,0.00618000
1990-12-24,1.0000,-0.00755000,-0.00755000,-0.00755000
1990-12-26,1.0000,-0.00321000,-0.00321000,-0.00321000
1990-12-27,1.0000,-0.00701000,-0.00701000,-0.00701000
1990-12-28,1.0000,0.00133000,0.00133000,0.00133000
1990-12-31,1.0000,0.00559000,0.00559000,0.00559000
1991-01-02,1.0000,-0.00379000,-0.00379000,-0.00379000
1991-01-03,1.0000,-0.01685000,-0.01685000,-0.01685000
1991-01-04,1.0000,0.00221000,0.00221000,0.00221000
1991-01-07,1.0000,-0.02271000,-0.02271000,-0.02271000
1991-01-08,1.0000,-0.00133000,-0.00133000,-0.00133000
1991-01-09,1.0000,-0.00208000,-0.00208000,-0.00208000
1991-01-10,1.0000,0.02295000,0.02295000,0.02295000
1991-01-11,1.0000,0.00061000,0.00061000,0.00061000
1991-01-14,1.0000,-0.01234000,-0.01234000,-0.01234000
1991-01-15,1.0000,0.00810000,0.00810000,0.00810000
1991-01-16,1.0000,0.03903000,0.03903000,0.03903000
1991-01-17,1.0000,0.03109000,0.03109000,0.03109000
1991-01-18,1.0000,0.01070000,0.01070000,0.01070000
1991-01-21,1.0000,0.01359000,0.01359000,0.01359000
1991-01-22,1.0000,-0.01113000,-0.01113000,-0.01113000
1991-01-23,1.0000,0.01821000,0.01821000,0.01821000
1991-01-24,1.0000,0.01835000,0.01835000,0.01835000
1991-01-25,1.0000,0.00562000,0.00562000,0.00562000
1991-01-28,1.0000,0.00557000,0.00557000,0.00557000
1991-01-29,1.0000,0.01006000,0.01006000,0.01006000
1991-01-30,1.0000,0.02143000,0.02143000,0.02143000
1991-01-31,1.0000,0.01376000,0.01376000,0.01376000
1991-02-01,1.0000,0.00874000,0.00874000,0.00874000
1991-02-04,1.0000,0.01035000,0.01035000,0.01035000
1991-02-05,1.0000,0.01984000,0.01984000,0.01984000
1991-02-06,1.0000,0.02275000,0.02275000,0.02275000
1991-02-07,1.0000,-0.01467000,-0.01467000,-0.01467000
1991-02-08,1.0000,0.00434000,0.00434000,0.00434000
1991-02-11,1.0000,0.01978000,0.01978000,0.01978000
1991-02-12,1.0000,-0.00441000,-0.00441000,-0.00441000
1991-02-13,1.0000,0.00863000,0.00863000,0.00863000
1991-02-14,1.0000,-0.01893000,-0.01893000,-0.01893000
1991-02-15,1.0000,0.01120000,0.01120000,0.01120000
1991-02-19,1.0000,0.01001000,0.01001000,0.01001000
1991-02-20,1.0000,-0.01216000,-0.01216000,-0.01216000
1991-02-21,1.0000,-0.00363000,-0.00363000,-0.00363000
1991-02-22,1.0000,0.00723000,0.00723000,0.00723000
1991-02-25,1.0000,0.00567000,0.00567000,0.00567000
1991-02-26,1.0000,-0.00891000,-0.00891000,-0.00891000
1991-02-27,1.0000,0.00773000,0.00773000,0.00773000
1991-02-28,1.0000,0.00163000,0.00163000,0.00163000
1991-03-01,1.0000,0.00912000,0.00912000,0.00912000
1991-03-04,1.0000,0.00395000,0.00395000,0.00395000
1991-03-05,1.0000,0.03475000,0.03475000,0.03475000
1991-03-06,1.0000,0.00372000,0.00372000,0.00372000
1991-03-07,1.0000,0.00540000,0.00540000,0.00540000
1991-03-08,1.0000,-0.00642000,-0.00642000,-0.00642000
1991-03-11,1.0000,-0.02919000,-0.02919000,-0.02919000
1991-03-12,1.0000,-0.01765000,-0.01765000,-0.01765000
1991-03-13,1.0000,0.02556000,0.02556000,0.02556000
1991-03-14,1.0000,-0.00494000,-0.00494000,-0.00494000
1991-03-15,1.0000,-0.00453000,-0.00453000,-0.00453000
1991-03-18,1.0000,0.00393000,0.00393000,0.00393000
1991-03-19,1.0000,-0.00692000,-0.00692000,-0.00692000
1991-03-20,1.0000,0.00885000,0.00885000,0.00885000
1991-03-21,1.0000,-0.01216000,-0.01216000,-0.01216000
1991-03-22,1.0000,-0.00274000,-0.00274000,-0.00274000
1991-03-25,1.0000,0.01392000,0.01392000,0.01392000
1991-03-26,1.0000,0.03480000,0.03480000,0.03480000
1991-03-27,1.0000,0.00715000,0.00715000,0.00715000
1991-03-28,1.0000,-0.00617000,-0.00617000,-0.00617000
1991-04-01,1.0000,-0.00115000,-0.00115000,-0.00115000
1991-04-02,1.0000,0.03500000,0.03500000,0.03500000
1991-04-03,1.0000,0.00477000,0.00477000,0.00477000
1991-04-04,1.0000,0.00778000,0.00778000,0.00778000
1991-04-05,1.0000,-0.00663000,-0.00663000,-0.00663000
1991-04-08,1.0000,0.00080000,0.00080000,0.00080000
1991-04-09,1.0000,-0.00984000,-0.00984000,-0.00984000
1991-04-10,1.0000,-0.00683000,-0.00683000,-0.00683000
1991-04-11,1.0000,0.02727000,0.02727000,0.02727000
1991-04-12,1.0000,0.00274000,0.00274000,0.00274000
1991-04-15,1.0000,-0.00325000,-0.00325000,-0.00325000
1991-04-16,1.0000,0.01346000,0.01346000,0.01346000
1991-04-17,1.0000,0.00483000,0.00483000,0.00483000
1991-04-18,1.0000,-0.01975000,-0.01975000,-0.01975000
1991-04-19,1.0000,-0.01357000,-0.01357000,-0.01357000
1991-04-22,1.0000,-0.00976000,-0.00976000,-0.00976000
1991-04-23,1.0000,0.00305000,0.00305000,0.00305000
1991-04-24,1.0000,0.00881000,0.00881000,0.00881000
1991-04-25,1.0000,-0.00934000,-0.00934000,-0.00934000
1991-04-26,1.0000,-0.00242000,-0.00242000,-0.00242000
1991-04-29,1.0000,-0.01898000,-0.01898000,-0.01898000
1991-04-30,1.0000,-0.00933000,-0.00933000,-0.00933000
1991-05-01,1.1182,0.00234289,0.00234542,0.00217000
1991-05-02,1.1182,0.00971524,0.00971778,0.00871000
1991-05-03,1.1182,0.00250265,0.00250518,0.00226000
1991-05-06,1.1182,0.00092594,0.00092847,0.00085000
1991-05-07,1.1182,-0.00453103,-0.00452850,-0.00403000
1991-05-08,1.1182,0.00386689,0.00386942,0.00348000
1991-05-09,1.1182,0.01706203,0.01706456,0.01528000
1991-05-10,1.3027,-0.01227006,-0.01226357,-0.00930000
1991-05-13,1.3027,0.00133100,0.00133749,0.00107000
1991-05-14,1.3027,-0.01407975,-0.01407326,-0.01076000
1991-05-15,1.3027,-0.03910431,-0.03909782,-0.02997000
1991-05-16,1.0664,0.01057522,0.01057664,0.01004000
1991-05-17,1.0664,-0.00093095,-0.00092952,-0.00086000
1991-05-20,1.1737,-0.00837629,-0.00837257,-0.00706000
1991-05-21,1.1737,0.01194775,0.01195147,0.01021000
1991-05-22,1.1737,0.01991741,0.01992113,0.01700000
1991-05-23,1.1737,0.00654857,0.00655229,0.00561000
1991-05-24,1.1737,0.01022236,0.01022608,0.00874000
1991-05-28,1.1737,0.01684222,0.01684594,0.01438000
1991-05-29,1.1737,0.00422457,0.00422830,0.00363000
1991-05-30,1.1737,0.01231160,0.01231533,0.01052000
1991-05-31,1.1737,0.00744061,0.00744433,0.00637000
1991-06-03,1.1737,0.00813311,0.00813683,0.00696000
1991-06-04,1.1737,0.00080900,0.00081273,0.00072000
1991-06-05,1.1737,-0.01572892,-0.01572519,-0.01337000
1991-06-06,1.1737,-0.01335797,-0.01335425,-0.01135000
1991-06-07,1.1737,-0.01558807,-0.01558435,-0.01325000
1991-06-10,1.1737,-0.00953160,-0.00952788,-0.00809000
1991-06-11,1.1737,0.00383724,0.00384096,0.00330000
1991-06-12,1.1737,-0.01728998,-0.01728626,-0.01470000
1991-06-13,1.0693,-0.00205558,-0.00205409,-0.00186000
1991-06-14,1.3107,0.01474331,0.01474997,0.01139000
1991-06-17,1.3107,-0.00115238,-0.00114572,-0.00083000
1991-06-18,1.3107,-0.01027462,-0.01026796,-0.00779000
1991-06-19,1.3107,-0.02575360,-0.02574694,-0.01960000
1991-06-20,1.2106,0.00128626,0.00129077,0.00114000
1991-06-21,1.2106,-0.00131483,-0.00131031,-0.00105000
1991-06-24,1.2106,-0.04370876,-0.04370425,-0.03607000
1991-06-25,1.0059,0.00035913,0.00035925,0.00046000
1991-06-26,1.0059,0.00585288,0.00585301,0.00582000
1991-06-27,1.0059,0.01119399,0.01119412,0.01113000
1991-06-28,1.0059,-0.00415542,-0.00415529,-0.00413000
1991-07-01,1.0059,0.01951245,0.01951258,0.01940000
1991-07-02,1.0059,-0.01173959,-0.01173947,-0.01167000
1991-07-03,1.0059,-0.01437494,-0.01437482,-0.01429000
1991-07-05,1.0059,-0.00177153,-0.00177140,-0.00176000
1991-07-08,1.0059,0.02779067,0.02779080,0.02763000
1991-07-09,1.0059,0.00681851,0.00681863,0.00678000
1991-07-10,1.0059,0.01022837,0.01022850,0.01017000
1991-07-11,1.0059,0.00199038,0.00199051,0.00198000
1991-07-12,1.0059,0.01374888,0.01374900,0.01367000
1991-07-15,1.0059,0.00551089,0.00551102,0.00548000
1991-07-16,1.0059,-0.01652748,-0.01652736,-0.01643000
1991-07-17,1.0059,-0.00414536,-0.00414523,-0.00412000
1991-07-18,1.0059,0.01092241,0.01092254,0.01086000
1991-07-19,1.0059,0.00263413,0.00263426,0.00262000
1991-07-22,1.0059,-0.00971782,-0.00971769,-0.00966000
1991-07-23,1.0059,-0.01908236,-0.01908224,-0.01897000
1991-07-24,1.0059,-0.00566420,-0.00566408,-0.00563000
1991-07-25,1.0059,0.01307495,0.01307508,0.01300000
1991-07-26,1.0059,0.01165669,0.01165682,0.01159000
1991-07-29,1.0059,0.00156792,0.00156805,0.00156000
1991-07-30,1.0059,0.01785278,0.01785291,0.01775000
1991-07-31,1.0059,0.01063071,0.01063084,0.01057000
1991-08-01,1.0059,0.00772378,0.00772391,0.00768000
1991-08-02,1.0059,0.00453521,0.00453533,0.00451000
1991-08-05,1.0059,-0.01206147,-0.01206134,-0.01199000
1991-08-06,1.2003,0.01126387,0.01126816,0.00950000
1991-08-07,1.2003,0.00785626,0.00786055,0.00658000
1991-08-08,1.2003,0.00962067,0.00962496,0.00805000
1991-08-09,1.2003,-0.00262220,-0.00261791,-0.00215000
1991-08-12,1.2003,0.00903253,0.00903682,0.00756000
1991-08-13,1.2003,0.00950064,0.00950493,0.00795000
1991-08-14,1.2003,0.00957266,0.00957695,0.00801000
1991-08-15,1.2003,-0.01229648,-0.01229218,-0.01021000
1991-08-16,1.2003,-0.00981189,-0.00980760,-0.00814000
1991-08-19,1.2003,-0.03243720,-0.03243291,-0.02699000
1991-08-20,1.0999,0.00901441,0.00901655,0.00826000
1991-08-21,1.0999,0.04760579,0.04760793,0.04330000
1991-08-22,1.0999,-0.00579533,-0.00579319,-0.00525000
1991-08-23,1.0999,0.00859162,0.00859376,0.00783000
1991-08-26,1.0999,-0.00028473,-0.00028259,-0.00024000
1991-08-27,1.0999,0.00029822,0.00030036,0.00029000
1991-08-28,1.0999,0.01189138,0.01189352,0.01083000
1991-08-29,1.0999,-0.00487140,-0.00486926,-0.00441000
1991-08-30,1.0999,-0.00450843,-0.00450629,-0.00408000
1991-09-03,1.0999,-0.01176790,-0.01176576,-0.01068000
1991-09-04,1.0999,-0.00972205,-0.00971991,-0.00882000
1991-09-05,1.0999,-0.00421145,-0.00420931,-0.00381000
1991-09-06,1.0999,-0.00301254,-0.00301039,-0.00272000
1991-09-09,1.0999,0.00541285,0.00541499,0.00494000
1991-09-10,1.0999,-0.01936835,-0.01936621,-0.01759000
1991-09-11,1.0999,0.01302430,0.01302644,0.01186000
1991-09-12,1.0999,0.02318756,0.02318970,0.02110000
1991-09-13,1.0999,-0.02331706,-0.02331492,-0.02118000
1991-09-16,1.0999,-0.00361749,-0.00361535,-0.00327000
1991-09-17,1.0999,-0.00191262,-0.00191047,-0.00172000
1991-09-18,1.0999,0.01164940,0.01165154,0.01061000
1991-09-19,1.0999,0.00969154,0.00969368,0.00883000
1991-09-20,1.2597,0.01378556,0.01379113,0.01105000
1991-09-23,1.2597,-0.00780091,-0.00779535,-0.00615000
1991-09-24,1.2597,0.01094300,0.01094856,0.00873000
1991-09-25,1.2597,0.00718918,0.00719474,0.00575000
1991-09-26,1.2597,-0.00471472,-0.00470915,-0.00370000
1991-09-27,1.2597,-0.00867009,-0.00866452,-0.00684000
1991-09-30,1.2597,0.00700023,0.00700579,0.00560000
1991-10-01,1.2597,0.00363690,0.00364247,0.00293000
1991-10-02,1.2597,-0.01447717,-0.01447161,-0.01145000
1991-10-03,1.2597,-0.02057398,-0.02056842,-0.01629000
1991-10-04,1.2597,0.00044994,0.00045550,0.00040000
1991-10-07,1.2597,-0.00729705,-0.00729148,-0.00575000
1991-10-08,1.2597,0.00508553,0.00509109,0.00408000
1991-10-09,1.2597,-0.01583762,-0.01583205,-0.01253000
1991-10-10,1.2597,0.01183737,0.01184293,0.00944000
1991-10-11,1.3599,0.01152938,0.01153709,0.00857000
1991-10-14,1.5399,0.03082598,0.03083755,0.02015000
1991-10-15,1.3545,0.02884744,0.02885503,0.02142000
1991-10-16,1.2099,0.01783844,0.01784293,0.01484000
1991-10-17,1.2099,-0.02110728,-0.02110279,-0.01741000
1991-10-18,1.2099,0.00265440,0.00265890,0.00223000
1991-10-21,1.2099,-0.00929903,-0.00929453,-0.00765000
1991-10-22,1.2099,-0.00032186,-0.00031736,-0.00023000
1991-10-23,1.2099,-0.00600821,-0.00600371,-0.00493000
1991-10-24,1.2099,-0.01546933,-0.01546483,-0.01275000
1991-10-25,1.2099,-0.01148888,-0.01148438,-0.00946000
1991-10-28,1.2099,0.01466833,0.01467283,0.01216000
1991-10-29,1.0931,0.01411100,0.01411299,0.01298000
1991-10-30,1.0931,0.01747060,0.01747259,0.01600000
1991-10-31,1.0931,-0.00820682,-0.00820482,-0.00749000
1991-11-01,1.0931,-0.00933273,-0.00933074,-0.00852000
1991-11-04,1.0931,-0.01156270,-0.01156070,-0.01056000
1991-11-05,1.0931,0.00805882,0.00806082,0.00739000
1991-11-06,1.0931,0.00144544,0.00144744,0.00134000
1991-11-07,1.0931,0.01302159,0.01302359,0.01193000
1991-11-08,1.0931,0.00999365,0.00999564,0.00916000
1991-11-11,1.0931,0.00849607,0.00849807,0.00779000
1991-11-12,1.0931,0.01513132,0.01513331,0.01386000
1991-11-13,1.1962,0.00336465,0.00336885,0.00289000
1991-11-14,1.1962,-0.00706223,-0.00705803,-0.00587000
1991-11-15,1.3550,-0.07450226,-0.07449465,-0.05487000
1991-11-18,1.0000,0.01415250,0.01415250,0.01433000
1991-11-19,1.0000,-0.01453000,-0.01453000,-0.01453000
1991-11-20,1.0000,0.00289000,0.00289000,0.00289000
1991-11-21,1.0000,0.01196000,0.01196000,0.01196000
1991-11-22,1.0000,-0.00791000,-0.00791000,-0.00791000
1991-11-25,1.0000,-0.01152000,-0.01152000,-0.01152000
1991-11-26,1.0000,0.00396000,0.00396000,0.00396000
1991-11-27,1.0000,0.00388000,0.00388000,0.00388000
1991-11-29,1.0000,-0.00150000,-0.00150000,-0.00150000
1991-12-02,1.0000,0.03212000,0.03212000,0.03212000
1991-12-03,1.0000,0.00007000,0.00007000,0.00007000
1991-12-04,1.0000,0.00399000,0.00399000,0.00399000
1991-12-05,1.0000,-0.00260000,-0.00260000,-0.00260000
1991-12-06,1.0000,0.00616000,0.00616000,0.00616000
1991-12-09,1.0000,-0.00123000,-0.00123000,-0.00123000
1991-12-10,1.0000,0.00190000,0.00190000,0.00190000
1991-12-11,1.0000,-0.00499000,-0.00499000,-0.00499000
1991-12-12,1.0000,0.01066000,0.01066000,0.01066000
1991-12-13,1.0000,0.01128000,0.01128000,0.01128000
1991-12-16,1.0000,0.00563000,0.00563000,0.00563000
1991-12-17,1.0000,-0.01362000,-0.01362000,-0.01362000
1991-12-18,1.0000,0.00245000,0.00245000,0.00245000
1991-12-19,1.0000,-0.01693000,-0.01693000,-0.01693000
1991-12-20,1.0000,0.00440000,0.00440000,0.00440000
1991-12-23,1.0000,0.02529000,0.02529000,0.02529000
1991-12-24,1.0000,0.01252000,0.01252000,0.01252000
1991-12-26,1.0000,0.02150000,0.02150000,0.02150000
1991-12-27,1.0000,0.00989000,0.00989000,0.00989000
1991-12-30,1.0000,0.03147000,0.03147000,0.03147000
1991-12-31,1.0000,0.01263000,0.01263000,0.01263000
1992-01-02,1.0000,0.00761000,0.00761000,0.00761000
1992-01-03,1.0000,0.00440000,0.00440000,0.00440000
1992-01-06,1.0000,0.00621000,0.00621000,0.00621000
1992-01-07,1.0000,0.00819000,0.00819000,0.00819000
1992-01-08,1.0000,0.01370000,0.01370000,0.01370000
1992-01-09,1.0000,0.01754000,0.01754000,0.01754000
1992-01-10,1.0000,-0.00914000,-0.00914000,-0.00914000
1992-01-13,1.0000,0.00335000,0.00335000,0.00335000
1992-01-14,1.0000,0.01244000,0.01244000,0.01244000
1992-01-15,1.0000,0.00855000,0.00855000,0.00855000
1992-01-16,1.0000,-0.01033000,-0.01033000,-0.01033000
1992-01-17,1.0000,-0.00619000,-0.00619000,-0.00619000
1992-01-20,1.0000,-0.02262000,-0.02262000,-0.02262000
1992-01-21,1.0000,-0.04026000,-0.04026000,-0.04026000
1992-01-22,1.0000,0.05575000,0.05575000,0.05575000
1992-01-23,1.0000,-0.00068000,-0.00068000,-0.00068000
1992-01-24,1.0000,-0.00177000,-0.00177000,-0.00177000
1992-01-27,1.0000,-0.01438000,-0.01438000,-0.01438000
1992-01-28,1.0000,0.00110000,0.00110000,0.00110000
1992-01-29,1.0000,-0.01041000,-0.01041000,-0.01041000
1992-01-30,1.0000,0.00327000,0.00327000,0.00327000
1992-01-31,1.0000,-0.00018000,-0.00018000,-0.00018000
1992-02-03,1.0000,0.00908000,0.00908000,0.00908000
1992-02-04,1.0000,0.01624000,0.01624000,0.01624000
1992-02-05,1.0000,0.01140000,0.01140000,0.01140000
1992-02-06,1.0000,-0.00508000,-0.00508000,-0.00508000
1992-02-07,1.0000,-0.00646000,-0.00646000,-0.00646000
1992-02-10,1.0000,-0.00450000,-0.00450000,-0.00450000
1992-02-11,1.0000,-0.00238000,-0.00238000,-0.00238000
1992-02-12,1.0000,0.03362000,0.03362000,0.03362000
1992-02-13,1.0000,-0.01729000,-0.01729000,-0.01729000
1992-02-14,1.0000,-0.00888000,-0.00888000,-0.00888000
1992-02-18,1.0000,-0.02348000,-0.02348000,-0.02348000
1992-02-19,1.0000,-0.00141000,-0.00141000,-0.00141000
1992-02-20,1.0000,0.02154000,0.02154000,0.02154000
1992-02-21,1.0000,-0.00850000,-0.00850000,-0.00850000
1992-02-24,1.0000,-0.00998000,-0.00998000,-0.00998000
1992-02-25,1.0000,-0.00185000,-0.00185000,-0.00185000
1992-02-26,1.0000,0.02804000,0.02804000,0.02804000
1992-02-27,1.0000,-0.00118000,-0.00118000,-0.00118000
1992-02-28,1.0000,-0.00432000,-0.00432000,-0.00432000
1992-03-02,1.0000,0.00221000,0.00221000,0.00221000
1992-03-03,1.0000,-0.00266000,-0.00266000,-0.00266000
1992-03-04,1.0000,-0.01182000,-0.01182000,-0.01182000
1992-03-05,1.0000,-0.01195000,-0.01195000,-0.01195000
1992-03-06,1.0000,-0.01337000,-0.01337000,-0.01337000
1992-03-09,1.0000,0.00097000,0.00097000,0.00097000
1992-03-10,1.0000,0.02104000,0.02104000,0.02104000
1992-03-11,1.0000,-0.01548000,-0.01548000,-0.01548000
1992-03-12,1.0000,-0.00062000,-0.00062000,-0.00062000
1992-03-13,1.0000,0.00492000,0.00492000,0.00492000
1992-03-16,1.0000,0.00539000,0.00539000,0.00539000
1992-03-17,1.0000,0.01376000,0.01376000,0.01376000
1992-03-18,1.0000,-0.00084000,-0.00084000,-0.00084000
1992-03-19,1.0000,-0.00020000,-0.00020000,-0.00020000
1992-03-20,1.1603,-0.00579876,-0.00579532,-0.00490000
1992-03-23,1.1603,-0.00622914,-0.00622571,-0.00534000
1992-03-24,1.1603,-0.00719217,-0.00718873,-0.00617000
1992-03-25,1.1603,0.00247290,0.00247633,0.00216000
1992-03-26,1.4483,-0.01890509,-0.01889548,-0.01289000
1992-03-27,1.4483,-0.03948561,-0.03947601,-0.02720000
1992-03-30,1.1426,-0.00674074,-0.00673769,-0.00574000
1992-03-31,1.1426,0.00248402,0.00248707,0.00220000
1992-04-01,1.1426,0.00305530,0.00305835,0.00270000
1992-04-02,1.1426,-0.02204670,-0.02204365,-0.01927000
1992-04-03,1.1426,-0.00461127,-0.00460821,-0.00401000
1992-04-06,1.1426,0.02948266,0.02948572,0.02583000
1992-04-07,1.0247,-0.03664593,-0.03664540,-0.03570000
1992-04-08,1.0247,-0.00687064,-0.00687011,-0.00670000
1992-04-09,1.0247,0.02864555,0.02864608,0.02796000
1992-04-10,1.0247,-0.02098079,-0.02098026,-0.02047000
1992-04-13,1.0247,0.01365415,0.01365468,0.01333000
1992-04-14,1.0247,0.01100017,0.01100070,0.01074000
1992-04-15,1.0247,0.01766074,0.01766127,0.01724000
1992-04-16,1.0247,-0.02146240,-0.02146187,-0.02094000
1992-04-20,1.0247,-0.03644355,-0.03644302,-0.03556000
1992-04-21,1.0247,-0.00746496,-0.00746443,-0.00728000
1992-04-22,1.0247,0.01314180,0.01314233,0.01283000
1992-04-23,1.0247,-0.00666570,-0.00666517,-0.00650000
1992-04-24,1.0247,-0.01232205,-0.01232152,-0.01202000
1992-04-27,1.0247,-0.01403331,-0.01403278,-0.01369000
1992-04-28,1.0247,-0.01716889,-0.01716837,-0.01675000
1992-04-29,1.0247,0.02905543,0.02905596,0.02836000
1992-04-30,1.0247,0.01654381,0.01654434,0.01615000
1992-05-01,1.0247,-0.00126551,-0.00126499,-0.00123000
1992-05-04,1.0247,0.01081573,0.01081626,0.01056000
1992-05-05,1.0247,0.01338773,0.01338826,0.01307000
1992-05-06,1.0247,0.00111179,0.00111232,0.00109000
1992-05-07,1.0247,-0.00772114,-0.00772061,-0.00753000
1992-05-08,1.0247,-0.00475975,-0.00475922,-0.00464000
1992-05-11,1.0247,0.00210576,0.00210629,0.00206000
1992-05-12,1.0247,-0.00609186,-0.00609133,-0.00594000
1992-05-13,1.0247,-0.00424740,-0.00424687,-0.00414000
1992-05-14,1.0247,-0.01394108,-0.01394055,-0.01360000
1992-05-15,1.0247,-0.00512864,-0.00512811,-0.00500000
1992-05-18,1.0247,0.00529258,0.00529311,0.00517000
1992-05-19,1.0247,0.00619432,0.00619485,0.00605000
1992-05-20,1.0247,0.01051856,0.01051909,0.01027000
1992-05-21,1.0247,-0.00531309,-0.00531256,-0.00518000
1992-05-22,1.0247,0.00148069,0.00148122,0.00145000
1992-05-26,1.0247,-0.00823349,-0.00823296,-0.00803000
1992-05-27,1.0247,0.00732149,0.00732202,0.00715000
1992-05-28,1.0247,0.01300859,0.01300912,0.01270000
1992-05-29,1.5257,0.01588895,0.01590022,0.01065000
1992-06-01,1.5257,0.01775668,0.01776795,0.01171000
1992-06-02,1.5257,-0.00842421,-0.00841295,-0.00545000
1992-06-03,1.5257,0.00042481,0.00043607,0.00035000
1992-06-04,1.6952,-0.00768824,-0.00767334,-0.00440000
1992-06-05,1.6952,-0.01453701,-0.01452211,-0.00849000
1992-06-08,1.6952,-0.01641872,-0.01640383,-0.00960000
1992-06-09,1.0000,-0.01764762,-0.01764762,-0.01730000
1992-06-10,1.0000,-0.00737000,-0.00737000,-0.00737000
1992-06-11,1.0000,-0.00006000,-0.00006000,-0.00006000
1992-06-12,1.0000,0.00510000,0.00510000,0.00510000
1992-06-15,1.0000,-0.00078000,-0.00078000,-0.00078000
1992-06-16,1.0000,-0.01531000,-0.01531000,-0.01531000
1992-06-17,1.0000,-0.01938000,-0.01938000,-0.01938000
1992-06-18,1.0000,-0.00497000,-0.00497000,-0.00497000
1992-06-19,1.0000,0.01691000,0.01691000,0.01691000
1992-06-22,1.0000,-0.00543000,-0.00543000,-0.00543000
1992-06-23,1.0000,0.00748000,0.00748000,0.00748000
1992-06-24,1.0000,-0.00722000,-0.00722000,-0.00722000
1992-06-25,1.0000,-0.01364000,-0.01364000,-0.01364000
1992-06-26,1.0000,-0.00418000,-0.00418000,-0.00418000
1992-06-29,1.0000,0.03714000,0.03714000,0.03714000
1992-06-30,1.0000,0.00147000,0.00147000,0.00147000
1992-07-01,1.0000,0.01596000,0.01596000,0.01596000
1992-07-02,1.0000,-0.01682000,-0.01682000,-0.01682000
1992-07-06,1.0000,0.00509000,0.00509000,0.00509000
1992-07-07,1.0000,-0.02026000,-0.02026000,-0.02026000
1992-07-08,1.0000,0.00439000,0.00439000,0.00439000
1992-07-09,1.0000,0.01558000,0.01558000,0.01558000
1992-07-10,1.0000,0.00216000,0.00216000,0.00216000
1992-07-13,1.0000,0.00711000,0.00711000,0.00711000
1992-07-14,1.0000,0.01401000,0.01401000,0.01401000
1992-07-15,1.0000,0.00049000,0.00049000,0.00049000
1992-07-16,1.0000,0.00613000,0.00613000,0.00613000
1992-07-17,1.0000,-0.01842000,-0.01842000,-0.01842000
1992-07-20,1.0000,-0.01665000,-0.01665000,-0.01665000
1992-07-21,1.0000,0.01552000,0.01552000,0.01552000
1992-07-22,1.0000,-0.01286000,-0.01286000,-0.01286000
1992-07-23,1.0000,0.00442000,0.00442000,0.00442000
1992-07-24,1.0000,0.00310000,0.00310000,0.00310000
1992-07-27,1.0000,-0.00520000,-0.00520000,-0.00520000
1992-07-28,1.0000,0.01631000,0.01631000,0.01631000
1992-07-29,1.0000,0.01094000,0.01094000,0.01094000
1992-07-30,1.0000,0.00270000,0.00270000,0.00270000
1992-07-31,1.0000,-0.00010000,-0.00010000,-0.00010000
1992-08-03,1.0000,0.00599000,0.00599000,0.00599000
1992-08-04,1.0000,-0.00533000,-0.00533000,-0.00533000
1992-08-05,1.0000,-0.01441000,-0.01441000,-0.01441000
1992-08-06,1.0000,-0.00658000,-0.00658000,-0.00658000
1992-08-07,1.0000,-0.00406000,-0.00406000,-0.00406000
1992-08-10,1.0000,0.00304000,0.00304000,0.00304000
1992-08-11,1.0000,-0.00563000,-0.00563000,-0.00563000
1992-08-12,1.0000,-0.00512000,-0.00512000,-0.00512000
1992-08-13,1.0000,0.00109000,0.00109000,0.00109000
1992-08-14,1.0000,0.00319000,0.00319000,0.00319000
1992-08-17,1.0000,-0.00608000,-0.00608000,-0.00608000
1992-08-18,1.0000,0.00021000,0.00021000,0.00021000
1992-08-19,1.0000,-0.00705000,-0.00705000,-0.00705000
1992-08-20,1.0000,0.00374000,0.00374000,0.00374000
1992-08-21,1.0000,-0.01245000,-0.01245000,-0.01245000
1992-08-24,1.0000,-0.01680000,-0.01680000,-0.01680000
1992-08-25,1.0000,0.00474000,0.00474000,0.00474000
1992-08-26,1.0000,0.01413000,0.01413000,0.01413000
1992-08-27,1.0000,0.01101000,0.01101000,0.01101000
1992-08-28,1.0000,-0.00106000,-0.00106000,-0.00106000
1992-08-31,1.0000,0.00044000,0.00044000,0.00044000
1992-09-01,1.0000,0.00908000,0.00908000,0.00908000
1992-09-02,1.0000,0.01524000,0.01524000,0.01524000
1992-09-03,1.0000,0.00526000,0.00526000,0.00526000
1992-09-04,1.0000,-0.00574000,-0.00574000,-0.00574000
1992-09-08,1.0000,-0.00202000,-0.00202000,-0.00202000
1992-09-09,1.0000,0.01383000,0.01383000,0.01383000
1992-09-10,1.0000,0.01559000,0.01559000,0.01559000
1992-09-11,1.0000,0.00121000,0.00121000,0.00121000
1992-09-14,1.0000,0.02997000,0.02997000,0.02997000
1992-09-15,1.1162,-0.01636765,-0.01636516,-0.01459000
1992-09-16,1.1162,-0.00502473,-0.00502224,-0.00448000
1992-09-17,1.1162,0.00276637,0.00276886,0.00250000
1992-09-18,1.1162,0.00236454,0.00236703,0.00214000
1992-09-21,1.1162,-0.00227887,-0.00227638,-0.00202000
1992-09-22,1.1162,-0.01741459,-0.01741210,-0.01558000
1992-09-23,1.0000,0.00486190,0.00486190,0.00492000
1992-09-24,1.0000,0.00547000,0.00547000,0.00547000
1992-09-25,1.0000,-0.02300000,-0.02300000,-0.02300000
1992-09-28,1.0000,-0.00757000,-0.00757000,-0.00757000
1992-09-29,1.0000,0.00905000,0.00905000,0.00905000
1992-09-30,1.0000,0.00818000,0.00818000,0.00818000
1992-10-01,1.0000,-0.01323000,-0.01323000,-0.01323000
1992-10-02,1.0000,-0.01501000,-0.01501000,-0.01501000
1992-10-05,1.0000,-0.00229000,-0.00229000,-0.00229000
1992-10-06,1.0000,0.01410000,0.01410000,0.01410000
1992-10-07,1.0000,-0.00835000,-0.00835000,-0.00835000
1992-10-08,1.0000,0.00975000,0.00975000,0.00975000
1992-10-09,1.0000,-0.00880000,-0.00880000,-0.00880000
1992-10-12,1.0000,0.00812000,0.00812000,0.00812000
1992-10-13,1.0000,0.00660000,0.00660000,0.00660000
1992-10-14,1.0000,-0.00173000,-0.00173000,-0.00173000
1992-10-15,1.0000,0.00826000,0.00826000,0.00826000
1992-10-16,1.0000,0.01364000,0.01364000,0.01364000
1992-10-19,1.0000,0.02025000,0.02025000,0.02025000
1992-10-20,1.0000,0.00187000,0.00187000,0.00187000
1992-10-21,1.0000,0.00834000,0.00834000,0.00834000
1992-10-22,1.0000,0.00010000,0.00010000,0.00010000
1992-10-23,1.0000,-0.00198000,-0.00198000,-0.00198000
1992-10-26,1.0000,0.00534000,0.00534000,0.00534000
1992-10-27,1.0000,-0.00989000,-0.00989000,-0.00989000
1992-10-28,1.0000,0.00851000,0.00851000,0.00851000
1992-10-29,1.0000,0.01354000,0.01354000,0.01354000
1992-10-30,1.0000,-0.00582000,-0.00582000,-0.00582000
1992-11-02,1.0000,0.00359000,0.00359000,0.00359000
1992-11-03,1.0000,-0.01319000,-0.01319000,-0.01319000
1992-11-04,1.0000,0.00553000,0.00553000,0.00553000
1992-11-05,1.0000,0.02666000,0.02666000,0.02666000
1992-11-06,1.0000,0.00494000,0.00494000,0.00494000
1992-11-09,1.0000,0.00724000,0.00724000,0.00724000
1992-11-10,1.0000,0.01120000,0.01120000,0.01120000
1992-11-11,1.0000,0.01009000,0.01009000,0.01009000
1992-11-12,1.0000,-0.00301000,-0.00301000,-0.00301000
1992-11-13,1.0000,0.00490000,0.00490000,0.00490000
1992-11-16,1.0000,-0.01105000,-0.01105000,-0.01105000
1992-11-17,1.0000,-0.01855000,-0.01855000,-0.01855000
1992-11-18,1.0000,0.01800000,0.01800000,0.01800000
1992-11-19,1.0000,0.00712000,0.00712000,0.00712000
1992-11-20,1.0000,0.00594000,0.00594000,0.00594000
1992-11-23,1.0000,-0.01536000,-0.01536000,-0.01536000
1992-11-24,1.0000,0.01905000,0.01905000,0.01905000
1992-11-25,1.0000,-0.00088000,-0.00088000,-0.00088000
1992-11-27,1.0000,-0.00096000,-0.00096000,-0.00096000
1992-11-30,1.0000,0.00473000,0.00473000,0.00473000
1992-12-01,1.0000,0.00490000,0.00490000,0.00490000
1992-12-02,1.0000,-0.00310000,-0.00310000,-0.00310000
1992-12-03,1.0000,0.00918000,0.00918000,0.00918000
1992-12-04,1.0000,0.01020000,0.01020000,0.01020000
1992-12-07,1.0000,0.00961000,0.00961000,0.00961000
1992-12-08,1.0000,-0.00346000,-0.00346000,-0.00346000
1992-12-09,1.0000,-0.00763000,-0.00763000,-0.00763000
1992-12-10,1.0000,-0.00909000,-0.00909000,-0.00909000
1992-12-11,1.0000,-0.01030000,-0.01030000,-0.01030000
1992-12-14,1.0000,-0.00422000,-0.00422000,-0.00422000
1992-12-15,1.0000,-0.00702000,-0.00702000,-0.00702000
1992-12-16,1.0000,0.00580000,0.00580000,0.00580000
1992-12-17,1.0000,0.02265000,0.02265000,0.02265000
1992-12-18,1.0000,0.00297000,0.00297000,0.00297000
1992-12-21,1.0000,0.00405000,0.00405000,0.00405000
1992-12-22,1.3208,-0.01377796,-0.01377108,-0.01026000
1992-12-23,1.3208,0.00314282,0.00314969,0.00243000
1992-12-24,1.5464,0.00442832,0.00444003,0.00301000
1992-12-28,1.5464,0.00642772,0.00643943,0.00423000
1992-12-29,1.5464,0.00313392,0.00314563,0.00210000
1992-12-30,1.5464,0.00045868,0.00047039,0.00037000
1992-12-31,1.5464,0.00099991,0.00101162,0.00072000
1993-01-04,1.5464,-0.01645876,-0.01644705,-0.01057000
1993-01-05,1.5464,0.01669571,0.01670742,0.01087000
1993-01-06,1.5464,0.02883483,0.02884654,0.01872000
1993-01-07,1.4077,-0.01145790,-0.01144916,-0.00803000
1993-01-08,1.4077,0.00584176,0.00585050,0.00421000
1993-01-11,1.4077,0.02022852,0.02023725,0.01443000
1993-01-12,1.4077,-0.01106479,-0.01105605,-0.00780000
1993-01-13,1.4077,0.03034992,0.03035866,0.02162000
1993-01-14,1.2188,0.01769120,0.01769589,0.01463000
1993-01-15,1.2188,-0.00674886,-0.00674418,-0.00550000
1993-01-18,1.2188,-0.00155676,-0.00155207,-0.00124000
1993-01-19,1.3297,-0.00969747,-0.00969040,-0.00720000
1993-01-20,1.3297,-0.00106572,-0.00105865,-0.00075000
1993-01-21,1.3297,0.01273618,0.01274324,0.00963000
1993-01-22,1.3297,-0.00536053,-0.00535346,-0.00398000
1993-01-25,1.3297,0.01135333,0.01136039,0.00859000
1993-01-26,1.3297,-0.00589239,-0.00588533,-0.00438000
1993-01-27,1.3297,-0.02374975,-0.02374269,-0.01781000
1993-01-28,1.1981,-0.00633706,-0.00633282,-0.00520000
1993-01-29,1.1981,-0.00035265,-0.00034841,-0.00026000
1993-02-01,1.1981,0.01588165,0.01588590,0.01329000
1993-02-02,1.1981,0.00626088,0.00626513,0.00526000
1993-02-03,1.1981,-0.00288065,-0.00287641,-0.00237000
1993-02-04,1.3043,-0.00802066,-0.00801414,-0.00606000
1993-02-05,1.3043,-0.01831100,-0.01830447,-0.01399000
1993-02-08,1.3043,-0.01160666,-0.01160014,-0.00885000
1993-02-09,1.3043,-0.00992406,-0.00991754,-0.00756000
1993-02-10,1.3043,0.01560197,0.01560849,0.01201000
1993-02-11,1.4276,-0.00390502,-0.00389586,-0.00263000
1993-02-12,1.4276,-0.02006091,-0.02005175,-0.01399000
1993-02-16,1.4276,-0.05657887,-0.05656970,-0.03957000
1993-02-17,1.0026,-0.00302022,-0.00302016,-0.00280000
1993-02-18,1.0026,0.00689708,0.00689713,0.00688000
1993-02-19,1.0026,-0.00102314,-0.00102309,-0.00102000
1993-02-22,1.0026,-0.02177612,-0.02177607,-0.02172000
1993-02-23,1.0026,0.00264623,0.00264628,0.00264000
1993-02-24,1.0026,0.02612616,0.02612622,0.02606000
1993-02-25,1.0026,0.00443078,0.00443084,0.00442000
1993-02-26,1.0026,-0.00147429,-0.00147424,-0.00147000
1993-03-01,1.0026,-0.00581538,-0.00581532,-0.00580000
1993-03-02,1.0026,0.02046170,0.02046176,0.02041000
1993-03-03,1.0026,0.01057647,0.01057652,0.01055000
1993-03-04,1.0026,-0.01231196,-0.01231191,-0.01228000
1993-03-05,1.0026,0.00011978,0.00011983,0.00012000
1993-03-08,1.0026,0.01094742,0.01094747,0.01092000
1993-03-09,1.0026,-0.00009076,-0.00009071,-0.00009000
1993-03-10,1.0026,0.00521278,0.00521283,0.00520000
1993-03-11,1.0026,0.00134290,0.00134295,0.00134000
1993-03-12,1.0026,0.00255599,0.00255605,0.00255000
1993-03-15,1.0026,0.00463129,0.00463135,0.00462000
1993-03-16,1.0026,-0.00191542,-0.00191537,-0.00191000
1993-03-17,1.2274,-0.02697742,-0.02697255,-0.02185000
1993-03-18,1.1089,-0.00053650,-0.00053417,-0.00041000
1993-03-19,1.1089,-0.01229837,-0.01229604,-0.01107000
1993-03-22,1.1089,-0.00674268,-0.00674035,-0.00606000
1993-03-23,1.1089,-0.00405909,-0.00405676,-0.00364000
1993-03-24,1.1089,0.00118610,0.00118843,0.00109000
1993-03-25,1.4240,0.02377740,0.02378649,0.01687000
1993-03-26,1.3183,-0.00652604,-0.00651922,-0.00486000
1993-03-29,1.3183,-0.00466709,-0.00466027,-0.00349000
1993-03-30,1.3183,0.02365066,0.02365748,0.01799000
1993-03-31,1.3183,0.00623551,0.00624233,0.00478000
1993-04-01,1.3183,-0.01868095,-0.01867413,-0.01412000
1993-04-02,1.3183,-0.04897620,-0.04896938,-0.03710000
1993-04-05,1.0096,0.01030362,0.01030383,0.01036000
1993-04-06,1.0096,-0.01213799,-0.01213778,-0.01202000
1993-04-07,1.0096,0.01374942,0.01374963,0.01362000
1993-04-08,1.0096,-0.01058313,-0.01058292,-0.01048000
1993-04-12,1.0096,0.02202854,0.02202875,0.02182000
1993-04-13,1.0096,-0.00904846,-0.00904825,-0.00896000
1993-04-14,1.0096,0.00183556,0.00183576,0.00182000
1993-04-15,1.0096,-0.00754408,-0.00754388,-0.00747000
1993-04-16,1.0096,-0.00950280,-0.00950260,-0.00941000
1993-04-19,1.0096,-0.00945232,-0.00945211,-0.00936000
1993-04-20,1.0096,0.00482412,0.00482433,0.00478000
1993-04-21,1.0096,0.00340051,0.00340072,0.00337000
1993-04-22,1.0096,-0.00507044,-0.00507024,-0.00502000
1993-04-23,1.0096,-0.01435922,-0.01435901,-0.01422000
1993-04-26,1.0096,-0.01928630,-0.01928610,-0.01910000
1993-04-27,1.0096,0.02260404,0.02260425,0.02239000
1993-04-28,1.0096,0.01529418,0.01529439,0.01515000
1993-04-29,1.0096,-0.00200111,-0.00200090,-0.00198000
1993-04-30,1.0096,0.00289569,0.00289590,0.00287000
1993-05-03,1.0096,0.01495090,0.01495111,0.01481000
1993-05-04,1.0096,0.02434064,0.02434085,0.02411000
1993-05-05,1.0096,0.00592464,0.00592484,0.00587000
1993-05-06,1.0096,-0.01029033,-0.01029012,-0.01019000
1993-05-07,1.0096,0.00436978,0.00436998,0.00433000
1993-05-10,1.0096,0.00464238,0.00464259,0.00460000
1993-05-11,1.0096,-0.00521179,-0.00521159,-0.00516000
1993-05-12,1.0096,-0.00582768,-0.00582747,-0.00577000
1993-05-13,1.0096,-0.00933116,-0.00933096,-0.00924000
1993-05-14,1.0096,0.00608618,0.00608639,0.00603000
1993-05-17,1.0096,0.00830741,0.00830762,0.00823000
1993-05-18,1.1100,0.01043879,0.01044115,0.00947000
1993-05-19,1.1100,0.02705038,0.02705273,0.02439000
1993-05-20,1.0000,0.01581499,0.01581499,0.01587000
1993-05-21,1.0000,-0.01019000,-0.01019000,-0.01019000
1993-05-24,1.0000,0.00117000,0.00117000,0.00117000
1993-05-25,1.0000,-0.00235000,-0.00235000,-0.00235000
1993-05-26,1.0000,0.02221000,0.02221000,0.02221000
1993-05-27,1.0000,-0.00429000,-0.00429000,-0.00429000
1993-05-28,1.0000,-0.01237000,-0.01237000,-0.01237000
1993-06-01,1.0000,0.01203000,0.01203000,0.01203000
1993-06-02,1.0000,0.00044000,0.00044000,0.00044000
1993-06-03,1.0000,-0.00165000,-0.00165000,-0.00165000
1993-06-04,1.0000,-0.00921000,-0.00921000,-0.00921000
1993-06-07,1.0000,-0.01156000,-0.01156000,-0.01156000
1993-06-08,1.0000,-0.00990000,-0.00990000,-0.00990000
1993-06-09,1.0000,-0.00133000,-0.00133000,-0.00133000
1993-06-10,1.0000,-0.00192000,-0.00192000,-0.00192000
1993-06-11,1.0000,0.00983000,0.00983000,0.00983000
1993-06-14,1.0000,0.01123000,0.01123000,0.01123000
1993-06-15,1.0000,-0.00044000,-0.00044000,-0.00044000
1993-06-16,1.0000,-0.00532000,-0.00532000,-0.00532000
1993-06-17,1.0000,-0.00273000,-0.00273000,-0.00273000
1993-06-18,1.0000,-0.01660000,-0.01660000,-0.01660000
1993-06-21,1.0000,-0.00024000,-0.00024000,-0.00024000
1993-06-22,1.0000,-0.00463000,-0.00463000,-0.00463000
1993-06-23,1.0000,-0.00353000,-0.00353000,-0.00353000
1993-06-24,1.0000,0.00817000,0.00817000,0.00817000
1993-06-25,1.0000,0.01232000,0.01232000,0.01232000
1993-06-28,1.0000,0.01721000,0.01721000,0.01721000
1993-06-29,1.0000,-0.00673000,-0.00673000,-0.00673000
1993-06-30,1.0000,0.00047000,0.00047000,0.00047000
1993-07-01,1.0000,-0.00652000,-0.00652000,-0.00652000
1993-07-02,1.0000,0.00136000,0.00136000,0.00136000
1993-07-06,1.0000,-0.00937000,-0.00937000,-0.00937000
1993-07-07,1.0000,-0.00810000,-0.00810000,-0.00810000
1993-07-08,1.0000,0.00795000,0.00795000,0.00795000
1993-07-09,1.0000,0.00490000,0.00490000,0.00490000
1993-07-12,1.0000,0.00115000,0.00115000,0.00115000
1993-07-13,1.0000,-0.00243000,-0.00243000,-0.00243000
1993-07-14,1.0000,0.00489000,0.00489000,0.00489000
1993-07-15,1.0000,-0.00898000,-0.00898000,-0.00898000
1993-07-16,1.0000,-0.02604000,-0.02604000,-0.02604000
1993-07-19,1.0000,-0.00570000,-0.00570000,-0.00570000
1993-07-20,1.0000,0.01922000,0.01922000,0.01922000
1993-07-21,1.0000,-0.00876000,-0.00876000,-0.00876000
1993-07-22,1.0000,-0.01213000,-0.01213000,-0.01213000
1993-07-23,1.0000,0.01396000,0.01396000,0.01396000
1993-07-26,1.0000,0.00908000,0.00908000,0.00908000
1993-07-27,1.1696,-0.01449385,-0.01449022,-0.01229000
1993-07-28,1.0000,0.01356522,0.01356522,0.01365000
1993-07-29,1.1711,0.00161211,0.00161577,0.00148000
1993-07-30,1.1711,-0.01463859,-0.01463493,-0.01247000
1993-08-02,1.0000,0.00669447,0.00669447,0.00678000
1993-08-03,1.1343,0.00305830,0.00306118,0.00278000
1993-08-04,1.1343,0.01236994,0.01237282,0.01093000
1993-08-05,1.1343,0.00723159,0.00723447,0.00640000
1993-08-06,1.1343,0.00229741,0.00230029,0.00205000
1993-08-09,1.1343,-0.00265946,-0.00265658,-0.00232000
1993-08-10,1.1343,-0.01142755,-0.01142467,-0.01005000
1993-08-11,1.1343,0.00344305,0.00344593,0.00306000
1993-08-12,1.1343,-0.00103741,-0.00103454,-0.00089000
1993-08-13,1.1343,0.00331828,0.00332115,0.00295000
1993-08-16,1.3571,0.03804432,0.03805197,0.02817000
1993-08-17,1.1373,0.01081338,0.01081632,0.00963000
1993-08-18,1.1373,0.00503230,0.00503524,0.00445000
1993-08-19,1.1373,-0.01679172,-0.01678878,-0.01474000
1993-08-20,1.1373,0.00185934,0.00186228,0.00166000
1993-08-23,1.2560,-0.00136856,-0.00136307,-0.00100000
1993-08-24,1.2560,0.00170524,0.00171073,0.00140000
1993-08-25,1.2560,-0.01032733,-0.01032184,-0.00818000
1993-08-26,1.3820,-0.01244221,-0.01243403,-0.00890000
1993-08-27,1.3820,0.00688598,0.00689416,0.00504000
1993-08-30,1.3820,0.01053448,0.01054267,0.00768000
1993-08-31,1.3820,0.01246929,0.01247748,0.00908000
1993-09-01,1.3820,0.00555925,0.00556744,0.00408000
1993-09-02,1.3820,0.00145469,0.00146287,0.00111000
1993-09-03,1.3820,-0.00321650,-0.00320832,-0.00227000
1993-09-07,1.3820,-0.02601964,-0.02601145,-0.01877000
1993-09-08,1.3820,-0.00696174,-0.00695356,-0.00498000
1993-09-09,1.3820,0.01303592,0.01304410,0.00949000
1993-09-10,1.3820,0.00871023,0.00871842,0.00636000
1993-09-13,1.2741,-0.01054579,-0.01053992,-0.00819000
1993-09-14,1.2741,-0.01179142,-0.01178555,-0.00921000
1993-09-15,1.5420,0.01301442,0.01302604,0.00860000
1993-09-16,1.5420,-0.00671219,-0.00670057,-0.00428000
1993-09-17,1.5420,0.00179947,0.00181109,0.00124000
1993-09-20,1.6997,0.00570766,0.00572266,0.00349000
1993-09-21,1.6997,-0.00847368,-0.00845869,-0.00490000
1993-09-22,1.6997,0.03872603,0.03874103,0.02287000
1993-09-23,1.3876,0.01116963,0.01117793,0.00822000
1993-09-24,1.3876,0.00354116,0.00354946,0.00261000
1993-09-27,1.3876,0.01633493,0.01634323,0.01183000
1993-09-28,1.3876,0.01269939,0.01270769,0.00921000
1993-09-29,1.3876,0.00308325,0.00309155,0.00228000
1993-09-30,1.3876,-0.01502507,-0.01501677,-0.01077000
1993-10-01,1.3876,0.00029415,0.00030245,0.00027000
1993-10-04,1.3876,0.00533118,0.00533948,0.00390000
1993-10-05,1.3876,-0.01094550,-0.01093719,-0.00783000
1993-10-06,1.3876,-0.00316100,-0.00315270,-0.00222000
1993-10-07,1.4877,-0.00959841,-0.00958796,-0.00635000
1993-10-08,1.4877,0.01300555,0.01301601,0.00881000
1993-10-11,1.4877,-0.00264531,-0.00263486,-0.00171000
1993-10-12,1.4877,0.00739683,0.00740728,0.00504000
1993-10-13,1.4877,0.01446352,0.01447398,0.00979000
1993-10-14,1.4877,0.02182776,0.02183821,0.01474000
1993-10-15,1.4877,0.00169885,0.00170930,0.00121000
1993-10-18,1.4877,-0.00992028,-0.00990983,-0.00660000
1993-10-19,1.4877,-0.02723740,-0.02722695,-0.01824000
1993-10-20,1.3054,0.00397036,0.00397691,0.00316000
1993-10-21,1.5296,0.01345263,0.01346398,0.00894000
1993-10-22,1.5296,0.00322456,0.00323591,0.00218000
1993-10-25,1.5296,-0.00316923,-0.00315788,-0.00200000
1993-10-26,1.5296,-0.01115381,-0.01114247,-0.00722000
1993-10-27,1.5296,0.02239062,0.02240197,0.01471000
1993-10-28,1.5296,-0.00401052,-0.00399917,-0.00255000
1993-10-29,1.5296,0.00675797,0.00676932,0.00449000
1993-11-01,1.5296,0.01575210,0.01576345,0.01037000
1993-11-02,1.5296,0.00105251,0.00106386,0.00076000
1993-11-03,1.5296,-0.02866790,-0.02865655,-0.01867000
1993-11-04,1.3687,-0.03704284,-0.03703494,-0.02695000
1993-11-05,1.1517,0.01871397,0.01871722,0.01637000
1993-11-08,1.1517,0.00364253,0.00364578,0.00319000
1993-11-09,1.1517,0.00318183,0.00318509,0.00279000
1993-11-10,1.1517,0.02109136,0.02109462,0.01834000
1993-11-11,1.1517,0.00490944,0.00491269,0.00429000
1993-11-12,1.1517,0.00150030,0.00150355,0.00133000
1993-11-15,1.1517,-0.01182532,-0.01182206,-0.01024000
1993-11-16,1.1517,0.00663705,0.00664030,0.00579000
1993-11-17,1.1517,-0.02220248,-0.02219923,-0.01925000
1993-11-18,1.1517,-0.01211325,-0.01211000,-0.01049000
1993-11-19,1.1517,-0.00354432,-0.00354107,-0.00305000
1993-11-22,1.1517,-0.02177634,-0.02177308,-0.01888000
1993-11-23,1.0074,0.02113248,0.02113263,0.02105000
1993-11-24,1.0074,0.01010287,0.01010303,0.01003000
1993-11-26,1.0074,0.00337331,0.00337347,0.00335000
1993-11-29,1.0074,-0.00814149,-0.00814133,-0.00808000
1993-11-30,1.0074,0.00941783,0.00941799,0.00935000
1993-12-01,1.0074,0.01613732,0.01613747,0.01602000
1993-12-02,1.0074,0.00827945,0.00827960,0.00822000
1993-12-03,1.0074,0.01428366,0.01428382,0.01418000
1993-12-06,1.0074,-0.00692251,-0.00692235,-0.00687000
1993-12-07,1.0074,-0.00507893,-0.00507878,-0.00504000
1993-12-08,1.0074,-0.00549198,-0.00549182,-0.00545000
1993-12-09,1.0074,-0.01926340,-0.01926324,-0.01912000
1993-12-10,1.0074,-0.00073696,-0.00073680,-0.00073000
1993-12-13,1.0074,0.00215434,0.00215450,0.00214000
1993-12-14,1.0074,-0.01283606,-0.01283590,-0.01274000
1993-12-15,1.0074,0.00558964,0.00558979,0.00555000
1993-12-16,1.0074,0.00325242,0.00325258,0.00323000
1993-12-17,1.0074,0.00747351,0.00747367,0.00742000
1993-12-20,1.0074,0.00179167,0.00179182,0.00178000
1993-12-21,1.0074,-0.00310439,-0.00310423,-0.00308000
1993-12-22,1.0074,-0.00025340,-0.00025324,-0.00025000
1993-12-23,1.0074,0.00498518,0.00498534,0.00495000
1993-12-27,1.0074,0.00394754,0.00394770,0.00392000
1993-12-28,1.0074,0.00747351,0.00747367,0.00742000
1993-12-29,1.0074,0.00166070,0.00166086,0.00165000
1993-12-30,1.0074,0.00599260,0.00599276,0.00595000
1993-12-31,1.0074,0.00142899,0.00142915,0.00142000
1994-01-03,1.0074,-0.00693259,-0.00693243,-0.00688000
1994-01-04,1.0074,0.00679854,0.00679870,0.00675000
1994-01-05,1.0074,0.00731232,0.00731248,0.00726000
1994-01-06,1.0074,0.00790670,0.00790686,0.00785000
1994-01-07,1.0074,0.00143907,0.00143923,0.00143000
1994-01-10,1.0074,0.01030436,0.01030452,0.01023000
1994-01-11,1.0074,-0.00259061,-0.00259045,-0.00257000
1994-01-12,1.0074,0.00154988,0.00155004,0.00154000
1994-01-13,1.0074,-0.00113992,-0.00113977,-0.00113000
1994-01-14,1.0074,0.00927679,0.00927695,0.00921000
1994-01-17,1.0074,-0.00232868,-0.00232852,-0.00231000
1994-01-18,1.0074,0.00041150,0.00041166,0.00041000
1994-01-19,1.0074,-0.01118389,-0.01118374,-0.01110000
1994-01-20,1.0074,0.01279268,0.01279284,0.01270000
1994-01-21,1.0074,0.00016972,0.00016988,0.00017000
1994-01-24,1.0074,-0.00575390,-0.00575375,-0.00571000
1994-01-25,1.0074,-0.00675125,-0.00675109,-0.00670000
1994-01-26,1.0074,0.00178159,0.00178175,0.00177000
1994-01-27,1.0074,0.00679854,0.00679870,0.00675000
1994-01-28,1.9644,0.01177537,0.01179604,0.00634000
1994-01-31,1.9644,0.00685181,0.00687248,0.00359000
1994-02-01,1.9644,-0.01803685,-0.01801618,-0.00908000
1994-02-02,1.9644,0.00732327,0.00734393,0.00383000
1994-02-03,1.9644,-0.00841140,-0.00839073,-0.00418000
1994-02-04,1.9644,-0.06036918,-0.06034851,-0.03063000
1994-02-07,1.3502,0.00692466,0.00693216,0.00541000
1994-02-08,1.3502,0.00617861,0.00618612,0.00463000
1994-02-09,1.3502,0.00820389,0.00821139,0.00613000
1994-02-10,1.3502,-0.00872740,-0.00871990,-0.00641000
1994-02-11,1.3502,0.00170951,0.00171701,0.00132000
1994-02-14,1.3502,0.01098526,0.01099276,0.00819000
1994-02-15,1.3502,0.01052620,0.01053370,0.00785000
1994-02-16,1.3502,0.00147998,0.00148748,0.00115000
1994-02-17,1.3502,-0.00450133,-0.00449383,-0.00328000
1994-02-18,1.3502,0.00177702,0.00178452,0.00137000
1994-02-22,1.3502,0.00836591,0.00837341,0.00625000
1994-02-23,1.3502,-0.00520342,-0.00519592,-0.00380000
1994-02-24,1.4529,-0.02185161,-0.02184191,-0.01494000
1994-02-25,1.4529,0.01314177,0.01315148,0.00911000
1994-02-28,1.3405,0.01877342,0.01878071,0.01410000
1994-03-01,1.3405,-0.00810001,-0.00809271,-0.00599000
1994-03-02,1.3405,-0.00497676,-0.00496946,-0.00366000
1994-03-03,1.3405,-0.00007071,-0.00006342,-0.00000000
1994-03-04,1.3405,0.01250271,0.01251001,0.00938000
1994-03-07,1.3405,0.01073332,0.01074061,0.00806000
1994-03-08,1.7560,-0.01439563,-0.01437943,-0.00799000
1994-03-09,1.7560,0.00461941,0.00463562,0.00272000
1994-03-10,1.7560,-0.01418783,-0.01417163,-0.00799000
1994-03-11,1.7560,-0.00157943,-0.00156323,-0.00081000
1994-03-14,1.7560,0.01489228,0.01490848,0.00857000
1994-03-15,1.7560,-0.00054336,-0.00052716,-0.00022000
1994-03-16,1.7560,0.01043192,0.01044813,0.00603000
1994-03-17,1.7560,0.01315379,0.01317000,0.00758000
1994-03-18,1.7560,-0.00402033,-0.00400413,-0.00220000
1994-03-21,1.7560,-0.01917500,-0.01915880,-0.01083000
1994-03-22,1.6360,-0.00933733,-0.00932370,-0.00559000
1994-03-23,1.6360,-0.00077013,-0.00075650,-0.00039000
1994-03-24,1.6360,-0.02632437,-0.02631074,-0.01601000
1994-03-25,1.6360,-0.01654112,-0.01652749,-0.01003000
1994-03-28,1.6360,-0.02439390,-0.02438027,-0.01483000
1994-03-29,1.6360,-0.04544915,-0.04543552,-0.02770000
1994-03-30,1.0000,-0.00747800,-0.00747800,-0.00716000
1994-03-31,1.0000,0.00715000,0.00715000,0.00715000
1994-04-04,1.0000,-0.01966000,-0.01966000,-0.01966000
1994-04-05,1.0000,0.03702000,0.03702000,0.03702000
1994-04-06,1.0000,-0.00139000,-0.00139000,-0.00139000
1994-04-07,1.0000,0.00571000,0.00571000,0.00571000
1994-04-08,1.0000,-0.01550000,-0.01550000,-0.01550000
1994-04-11,1.0000,-0.00270000,-0.00270000,-0.00270000
1994-04-12,1.0000,-0.02183000,-0.02183000,-0.02183000
1994-04-13,1.0000,-0.02184000,-0.02184000,-0.02184000
1994-04-14,1.0000,-0.00433000,-0.00433000,-0.00433000
1994-04-15,1.0000,0.00177000,0.00177000,0.00177000
1994-04-18,1.0000,-0.01589000,-0.01589000,-0.01589000
1994-04-19,1.0000,-0.00858000,-0.00858000,-0.00858000
1994-04-20,1.0000,-0.00552000,-0.00552000,-0.00552000
1994-04-21,1.0000,0.03278000,0.03278000,0.03278000
1994-04-22,1.0000,0.00564000,0.00564000,0.00564000
1994-04-25,1.0000,0.01549000,0.01549000,0.01549000
1994-04-26,1.0000,0.00181000,0.00181000,0.00181000
1994-04-28,1.0000,-0.00799000,-0.00799000,-0.00799000
1994-04-29,1.0000,0.00217000,0.00217000,0.00217000
1994-05-02,1.0000,0.01763000,0.01763000,0.01763000
1994-05-03,1.0000,-0.00722000,-0.00722000,-0.00722000
1994-05-04,1.0000,0.00124000,0.00124000,0.00124000
1994-05-05,1.0000,0.00188000,0.00188000,0.00188000
1994-05-06,1.0000,-0.00965000,-0.00965000,-0.00965000
1994-05-09,1.0000,-0.01752000,-0.01752000,-0.01752000
1994-05-10,1.0000,0.00551000,0.00551000,0.00551000
1994-05-11,1.0000,-0.01306000,-0.01306000,-0.01306000
1994-05-12,1.0000,0.00402000,0.00402000,0.00402000
1994-05-13,1.0000,-0.00494000,-0.00494000,-0.00494000
1994-05-16,1.0000,-0.01185000,-0.01185000,-0.01185000
1994-05-17,1.0000,0.00005000,0.00005000,0.00005000
1994-05-18,1.0000,0.02246000,0.02246000,0.02246000
1994-05-19,1.0000,0.00849000,0.00849000,0.00849000
1994-05-20,1.0000,-0.00358000,-0.00358000,-0.00358000
1994-05-23,1.0000,-0.00127000,-0.00127000,-0.00127000
1994-05-24,1.0000,0.01925000,0.01925000,0.01925000
1994-05-25,1.0000,0.00331000,0.00331000,0.00331000
1994-05-26,1.0000,-0.00643000,-0.00643000,-0.00643000
1994-05-27,1.0000,0.00271000,0.00271000,0.00271000
1994-05-31,1.0000,0.00544000,0.00544000,0.00544000
1994-06-01,1.0000,0.00103000,0.00103000,0.00103000
1994-06-02,1.0000,0.00379000,0.00379000,0.00379000
1994-06-03,1.0000,0.00559000,0.00559000,0.00559000
1994-06-06,1.0000,0.00008000,0.00008000,0.00008000
1994-06-07,1.0000,-0.00732000,-0.00732000,-0.00732000
1994-06-08,1.0000,-0.02363000,-0.02363000,-0.02363000
1994-06-09,1.0000,-0.00186000,-0.00186000,-0.00186000
1994-06-10,1.0000,0.01174000,0.01174000,0.01174000
1994-06-13,1.0000,-0.00734000,-0.00734000,-0.00734000
1994-06-14,1.0000,0.01481000,0.01481000,0.01481000
1994-06-15,1.0000,0.00108000,0.00108000,0.00108000
1994-06-16,1.0000,0.00008000,0.00008000,0.00008000
1994-06-17,1.0000,-0.01549000,-0.01549000,-0.01549000
1994-06-20,1.0000,-0.01103000,-0.01103000,-0.01103000
1994-06-21,1.0000,-0.01860000,-0.01860000,-0.01860000
1994-06-22,1.0000,0.00626000,0.00626000,0.00626000
1994-06-23,1.0000,-0.02679000,-0.02679000,-0.02679000
1994-06-24,1.0000,-0.00487000,-0.00487000,-0.00487000
1994-06-27,1.0000,0.02675000,0.02675000,0.02675000
1994-06-28,1.0000,0.00249000,0.00249000,0.00249000
1994-06-29,1.0000,0.00190000,0.00190000,0.00190000
1994-06-30,1.0000,-0.00668000,-0.00668000,-0.00668000
1994-07-01,1.0000,-0.00073000,-0.00073000,-0.00073000
1994-07-05,0.0000,-0.00033000,-0.00033000,-0.00864000
1994-07-06,0.0000,0.00017000,0.00017000,-0.00919000
1994-07-07,0.0000,0.00017000,0.00017000,0.01589000
1994-07-08,0.0000,0.00017000,0.00017000,0.00025000
1994-07-11,0.0000,0.00017000,0.00017000,-0.00142000
1994-07-12,0.0000,0.00017000,0.00017000,0.00705000
1994-07-13,0.0000,0.00017000,0.00017000,0.02169000
1994-07-14,0.0000,0.00017000,0.00017000,-0.00436000
1994-07-15,0.0000,0.00017000,0.00017000,-0.00074000
1994-07-18,0.0000,0.00017000,0.00017000,0.00258000
1994-07-19,0.0000,0.00017000,0.00017000,-0.00937000
1994-07-20,0.0000,0.00017000,0.00017000,-0.01421000
1994-07-21,0.0000,0.00017000,0.00017000,0.00748000
1994-07-22,0.0000,0.00017000,0.00017000,0.00789000
1994-07-25,0.0000,0.00017000,0.00017000,0.00290000
1994-07-26,0.0000,0.00017000,0.00017000,-0.00571000
1994-07-27,0.0000,0.00017000,0.00017000,-0.00602000
1994-07-28,0.0000,0.00017000,0.00017000,0.00094000
1994-07-29,0.0000,0.00017000,0.00017000,0.02217000
1994-08-01,0.0000,0.00017000,0.00017000,0.00926000
1994-08-02,0.0000,0.00017000,0.00017000,-0.00212000
1994-08-03,0.0000,0.00017000,0.00017000,-0.00615000
1994-08-04,0.0000,0.00017000,0.00017000,-0.00788000
1994-08-05,0.0000,0.00017000,0.00017000,-0.00106000
1994-08-08,0.0000,0.00017000,0.00017000,0.00476000
1994-08-09,0.0000,0.00017000,0.00017000,0.00482000
1994-08-10,0.0000,0.00017000,0.00017000,0.00885000
1994-08-11,0.0000,0.00017000,0.00017000,0.00152000
1994-08-12,0.0000,0.00017000,0.00017000,0.00662000
1994-08-15,0.0000,0.00017000,0.00017000,0.00034000
1994-08-16,0.0000,0.00017000,0.00017000,0.00917000
1994-08-17,0.0000,0.00017000,0.00017000,0.01676000
1994-08-18,0.0000,0.00017000,0.00017000,-0.00326000
1994-08-19,0.0000,0.00017000,0.00017000,-0.00389000
1994-08-22,0.0000,0.00017000,0.00017000,-0.00339000
1994-08-23,0.0000,0.00017000,0.00017000,0.01029000
1994-08-24,0.0000,0.00017000,0.00017000,0.00442000
1994-08-25,0.0000,0.00017000,0.00017000,0.00788000
1994-08-26,0.0000,0.00017000,0.00017000,0.01987000
1994-08-29,0.0000,0.00017000,0.00017000,-0.00203000
1994-08-30,0.0000,0.00017000,0.00017000,0.00831000
1994-08-31,0.0000,0.00017000,0.00017000,-0.00953000
1994-09-01,0.0000,0.00017000,0.00017000,-0.01578000
1994-09-02,0.0000,0.00017000,0.00017000,-0.00049000
1994-09-06,0.0000,0.00017000,0.00017000,0.00585000
1994-09-07,0.0000,0.00017000,0.00017000,0.00856000
1994-09-08,0.0000,0.00017000,0.00017000,0.00934000
1994-09-09,0.0000,0.00017000,0.00017000,-0.01472000
1994-09-12,0.0000,0.00017000,0.00017000,-0.00800000
1994-09-13,0.0000,0.00017000,0.00017000,0.01284000
1994-09-14,1.0000,0.00230000,0.00230000,0.00280000
1994-09-15,1.0000,0.02343000,0.02343000,0.02343000
1994-09-16,1.0000,-0.00644000,-0.00644000,-0.00644000
1994-09-19,1.0000,-0.00143000,-0.00143000,-0.00143000
1994-09-20,1.1919,-0.02085142,-0.02084730,-0.01738000
1994-09-21,1.1919,-0.00944412,-0.00944001,-0.00789000
1994-09-22,1.1919,-0.00049279,-0.00048868,-0.00038000
1994-09-23,1.1919,-0.01015927,-0.01015516,-0.00849000
1994-09-26,1.1919,-0.00398512,-0.00398101,-0.00331000
1994-09-27,1.1919,0.00130701,0.00131112,0.00113000
1994-09-28,1.0000,0.00670404,0.00670404,0.00680000
1994-09-29,1.0000,-0.00189000,-0.00189000,-0.00189000
1994-09-30,1.0000,0.00675000,0.00675000,0.00675000
1994-10-03,1.0000,-0.00285000,-0.00285000,-0.00285000
1994-10-04,1.0000,-0.02547000,-0.02547000,-0.02547000
1994-10-05,1.0000,0.01121000,0.01121000,0.01121000
1994-10-06,1.0000,-0.01067000,-0.01067000,-0.01067000
1994-10-07,1.0000,0.01180000,0.01180000,0.01180000
1994-10-10,1.0000,0.01420000,0.01420000,0.01420000
1994-10-11,1.0000,0.01896000,0.01896000,0.01896000
1994-10-12,1.0000,-0.00108000,-0.00108000,-0.00108000
1994-10-13,1.0000,0.00005000,0.00005000,0.00005000
1994-10-14,1.0000,-0.00263000,-0.00263000,-0.00263000
1994-10-17,1.0000,-0.00487000,-0.00487000,-0.00487000
1994-10-18,1.0000,0.00292000,0.00292000,0.00292000
1994-10-19,1.0000,0.01442000,0.01442000,0.01442000
1994-10-20,1.0000,-0.00181000,-0.00181000,-0.00181000
1994-10-21,1.0000,-0.00611000,-0.00611000,-0.00611000
1994-10-24,1.0000,-0.00430000,-0.00430000,-0.00430000
1994-10-25,1.0000,-0.00075000,-0.00075000,-0.00075000
1994-10-26,1.0000,0.01345000,0.01345000,0.01345000
1994-10-27,1.0000,0.00446000,0.00446000,0.00446000
1994-10-28,1.0000,0.01536000,0.01536000,0.01536000
1994-10-31,1.0000,0.00296000,0.00296000,0.00296000
1994-11-01,1.0000,-0.00722000,-0.00722000,-0.00722000
1994-11-02,1.0000,-0.00278000,-0.00278000,-0.00278000
1994-11-03,1.0000,-0.00179000,-0.00179000,-0.00179000
1994-11-04,1.0000,-0.01642000,-0.01642000,-0.01642000
1994-11-07,1.0000,-0.00314000,-0.00314000,-0.00314000
1994-11-08,1.0000,0.01814000,0.01814000,0.01814000
1994-11-09,1.0000,0.00218000,0.00218000,0.00218000
1994-11-10,1.0000,-0.00536000,-0.00536000,-0.00536000
1994-11-11,1.0000,-0.00328000,-0.00328000,-0.00328000
1994-11-14,1.0000,0.01828000,0.01828000,0.01828000
1994-11-15,1.0000,-0.00092000,-0.00092000,-0.00092000
1994-11-16,1.0000,0.00231000,0.00231000,0.00231000
1994-11-17,1.0000,-0.00419000,-0.00419000,-0.00419000
1994-11-18,1.0000,0.00355000,0.00355000,0.00355000
1994-11-21,1.0000,-0.00761000,-0.00761000,-0.00761000
1994-11-22,1.0000,-0.02771000,-0.02771000,-0.02771000
1994-11-23,1.0000,-0.00189000,-0.00189000,-0.00189000
1994-11-25,1.0000,0.01010000,0.01010000,0.01010000
1994-11-28,1.0000,0.00663000,0.00663000,0.00663000
1994-11-29,1.0000,0.01310000,0.01310000,0.01310000
1994-11-30,1.0000,-0.01044000,-0.01044000,-0.01044000
1994-12-01,1.0000,-0.01766000,-0.01766000,-0.01766000
1994-12-02,1.0000,0.01104000,0.01104000,0.01104000
1994-12-05,1.0000,0.00169000,0.00169000,0.00169000
1994-12-06,1.0000,-0.00676000,-0.00676000,-0.00676000
1994-12-07,1.0000,-0.01055000,-0.01055000,-0.01055000
1994-12-08,1.0000,-0.02385000,-0.02385000,-0.02385000
1994-12-09,1.0000,0.00606000,0.00606000,0.00606000
1994-12-12,1.0000,0.00067000,0.00067000,0.00067000
1994-12-13,1.0000,-0.00345000,-0.00345000,-0.00345000
1994-12-14,1.0000,0.01066000,0.01066000,0.01066000
1994-12-15,1.0000,0.00526000,0.00526000,0.00526000
1994-12-16,1.0000,-0.00427000,-0.00427000,-0.00427000
1994-12-19,1.0000,-0.00403000,-0.00403000,-0.00403000
1994-12-20,1.0000,0.00051000,0.00051000,0.00051000
1994-12-21,1.0000,0.01843000,0.01843000,0.01843000
1994-12-22,1.0000,0.00505000,0.00505000,0.00505000
1994-12-23,1.0000,0.00340000,0.00340000,0.00340000
1994-12-27,1.0000,0.00720000,0.00720000,0.00720000
1994-12-28,1.0000,-0.00931000,-0.00931000,-0.00931000
1994-12-29,1.0000,0.01514000,0.01514000,0.01514000
1994-12-30,1.0000,-0.00500000,-0.00500000,-0.00500000
1995-01-03,1.0000,-0.01549000,-0.01549000,-0.01549000
1995-01-04,1.0000,0.00417000,0.00417000,0.00417000
1995-01-05,1.0000,-0.00405000,-0.00405000,-0.00405000
1995-01-06,1.0000,0.00899000,0.00899000,0.00899000
1995-01-09,1.0000,0.00485000,0.00485000,0.00485000
1995-01-10,1.0000,0.01004000,0.01004000,0.01004000
1995-01-11,1.0000,-0.00113000,-0.00113000,-0.00113000
1995-01-12,1.0000,0.00056000,0.00056000,0.00056000
1995-01-13,1.0000,0.00778000,0.00778000,0.00778000
1995-01-16,1.0000,0.00775000,0.00775000,0.00775000
1995-01-17,1.0000,0.00786000,0.00786000,0.00786000
1995-01-18,1.0000,0.00571000,0.00571000,0.00571000
1995-01-19,1.0000,-0.00339000,-0.00339000,-0.00339000
1995-01-20,1.0000,-0.01840000,-0.01840000,-0.01840000
1995-01-23,1.0000,0.00432000,0.00432000,0.00432000
1995-01-24,1.0000,0.00418000,0.00418000,0.00418000
1995-01-25,1.0000,-0.00658000,-0.00658000,-0.00658000
1995-01-26,1.0000,-0.01061000,-0.01061000,-0.01061000
1995-01-27,1.0000,0.00180000,0.00180000,0.00180000
1995-01-30,1.0000,-0.01351000,-0.01351000,-0.01351000
1995-01-31,1.0000,0.00904000,0.00904000,0.00904000
1995-02-01,1.0000,0.00429000,0.00429000,0.00429000
1995-02-02,1.0000,0.01007000,0.01007000,0.01007000
1995-02-03,1.0000,0.01216000,0.01216000,0.01216000
1995-02-06,1.0000,0.01153000,0.01153000,0.01153000
1995-02-07,1.4394,-0.00150572,-0.00149631,-0.00083000
1995-02-08,1.4394,0.01736912,0.01737853,0.01213000
1995-02-09,1.4394,0.00254290,0.00255232,0.00183000
1995-02-10,1.4394,0.01459100,0.01460042,0.01020000
1995-02-13,1.4394,-0.00674148,-0.00673206,-0.00462000
1995-02-14,1.4394,0.00343535,0.00344477,0.00245000
1995-02-15,1.4394,0.00891961,0.00892903,0.00626000
1995-02-16,1.4394,-0.00548916,-0.00547975,-0.00375000
1995-02-17,1.4394,-0.01743650,-0.01742708,-0.01205000
1995-02-21,1.5411,-0.00316836,-0.00315676,-0.00195000
1995-02-22,1.5411,0.01585340,0.01586499,0.01036000
1995-02-23,1.5411,0.00645269,0.00646429,0.00426000
1995-02-24,1.5411,-0.00940521,-0.00939361,-0.00603000
1995-02-27,1.5411,-0.01327337,-0.01326177,-0.00854000
1995-02-28,1.5411,0.02804349,0.02805508,0.01827000
1995-03-01,1.5411,-0.00969802,-0.00968642,-0.00622000
1995-03-02,1.5411,0.00666845,0.00668004,0.00440000
1995-03-03,1.5411,0.01777977,0.01779136,0.01161000
1995-03-06,1.5411,0.00190645,0.00191805,0.00131000
1995-03-07,1.5411,-0.01812783,-0.01811623,-0.01169000
1995-03-08,1.5411,0.01736367,0.01737527,0.01134000
1995-03-09,1.5411,-0.00003533,-0.00002374,0.00005000
1995-03-10,1.5411,0.01663936,0.01665095,0.01087000
1995-03-13,1.5411,-0.00334869,-0.00333710,-0.00210000
1995-03-14,1.5411,0.01898183,0.01899342,0.01239000
1995-03-15,1.5411,-0.00940521,-0.00939361,-0.00603000
1995-03-16,1.4397,0.00350049,0.00350992,0.00253000
1995-03-17,1.4397,-0.00245248,-0.00244306,-0.00164000
1995-03-20,1.4397,0.00860462,0.00861404,0.00604000
1995-03-21,1.4397,0.00162194,0.00163137,0.00119000
1995-03-22,1.4397,-0.00006254,-0.00005311,0.00002000
1995-03-23,1.5823,0.00582062,0.00583310,0.00380000
1995-03-24,1.5823,0.02321852,0.02323100,0.01475000
1995-03-27,1.5823,0.00578117,0.00579364,0.00373000
1995-03-28,1.5823,0.01176240,0.01177488,0.00751000
1995-03-29,1.6864,-0.03189981,-0.03188510,-0.01880000
1995-03-30,1.4887,-0.01152957,-0.01151910,-0.00761000
1995-03-31,1.4887,-0.00428483,-0.00427435,-0.00281000
1995-04-03,1.4887,0.00439444,0.00440492,0.00302000
1995-04-04,1.4887,-0.02207510,-0.02206463,-0.01476000
1995-04-05,1.4887,0.00936679,0.00937726,0.00636000
1995-04-06,1.4887,-0.01594155,-0.01593108,-0.01064000
1995-04-07,1.4887,0.01377342,0.01378389,0.00932000
1995-04-10,1.4887,0.01786741,0.01787789,0.01207000
1995-04-11,1.4887,0.01308860,0.01309908,0.00886000
1995-04-12,1.4887,0.01192740,0.01193787,0.00808000
1995-04-13,1.4887,0.00628513,0.00629560,0.00429000
1995-04-17,1.4887,-0.00613085,-0.00612037,-0.00405000
1995-04-18,1.4887,-0.01189222,-0.01188174,-0.00792000
1995-04-19,1.4887,-0.02097344,-0.02096297,-0.01402000
1995-04-20,1.3372,0.00572470,0.00573193,0.00439000
1995-04-21,1.3372,0.00689698,0.00690421,0.00521000
1995-04-24,1.3372,0.01498729,0.01499452,0.01126000
1995-04-25,1.3372,0.00784642,0.00785365,0.00592000
1995-04-26,1.3372,0.01140348,0.01141071,0.00858000
1995-04-27,1.3372,0.00662953,0.00663676,0.00501000
1995-04-28,1.4927,0.01338829,0.01339884,0.00909000
1995-05-01,1.4927,-0.01122268,-0.01121212,-0.00745000
1995-05-02,1.4927,-0.00220698,-0.00219643,-0.00141000
1995-05-03,1.4927,0.03055701,0.03056757,0.02054000
1995-05-04,1.3746,-0.00250108,-0.00249306,-0.00172000
1995-05-05,1.3746,-0.01106048,-0.01105245,-0.00799000
1995-05-08,1.3746,0.01889104,0.01889907,0.01380000
1995-05-09,1.3746,-0.00229082,-0.00228280,-0.00161000
1995-05-10,1.3746,-0.00905363,-0.00904560,-0.00653000
1995-05-11,1.3746,0.01939963,0.01940765,0.01417000
1995-05-12,1.3746,0.01032757,0.01033560,0.00757000
1995-05-15,1.3746,0.00891178,0.00891981,0.00654000
1995-05-16,1.3746,0.01324163,0.01324965,0.00969000
1995-05-17,1.3746,0.01017637,0.01018440,0.00746000
1995-05-18,1.3746,-0.01857928,-0.01857126,-0.01346000
1995-05-19,1.3746,0.00515925,0.00516728,0.00381000
1995-05-22,1.3746,0.01460244,0.01461046,0.01068000
1995-05-23,1.3746,0.02224495,0.02225298,0.01624000
1995-05-24,1.2712,-0.00669282,-0.00668701,-0.00518000
1995-05-25,1.2712,0.00291828,0.00292409,0.00234000
1995-05-26,1.2712,-0.01421750,-0.01421169,-0.01114000
1995-05-30,1.2712,-0.03585334,-0.03584753,-0.02816000
1995-05-31,1.0838,0.01344735,0.01344915,0.01251000
1995-06-01,1.0838,0.00635539,0.00635719,0.00588000
1995-06-02,1.0838,0.00374341,0.00374521,0.00347000
1995-06-05,1.0838,0.01796299,0.01796479,0.01659000
1995-06-06,1.0838,-0.01230780,-0.01230601,-0.01134000
1995-06-07,1.0838,0.00444789,0.00444968,0.00412000
1995-06-08,1.0838,0.00810032,0.00810212,0.00749000
1995-06-09,1.0838,-0.00096032,-0.00095853,-0.00087000
1995-06-12,1.0838,0.00277882,0.00278062,0.00258000
1995-06-13,1.0838,0.00785105,0.00785284,0.00726000
1995-06-14,1.0838,0.00166250,0.00166429,0.00155000
1995-06-15,1.0838,0.01264149,0.01264328,0.01168000
1995-06-16,1.0838,0.01181779,0.01181959,0.01092000
1995-06-19,1.0838,0.02714285,0.02714465,0.02506000
1995-06-20,1.0838,0.01843987,0.01844166,0.01703000
1995-06-21,1.0838,-0.00809179,-0.00808999,-0.00745000
1995-06-22,1.0838,0.02134447,0.02134627,0.01971000
1995-06-23,1.0838,-0.00277028,-0.00276849,-0.00254000
1995-06-26,1.0838,-0.01625287,-0.01625107,-0.01498000
1995-06-27,1.0838,-0.01746674,-0.01746494,-0.01610000
1995-06-28,1.0838,0.00578097,0.00578277,0.00535000
1995-06-29,1.0838,0.01136259,0.01136439,0.01050000
1995-06-30,1.0838,0.00368922,0.00369102,0.00342000
1995-07-03,1.0838,0.00190094,0.00190273,0.00177000
1995-07-05,1.0838,0.00889151,0.00889330,0.00822000
1995-07-06,1.0838,0.02091095,0.02091275,0.01931000
1995-07-07,1.0838,0.02679604,0.02679783,0.02474000
1995-07-10,1.0838,0.01147097,0.01147277,0.01060000
1995-07-11,1.0838,-0.01809535,-0.01809355,-0.01668000
1995-07-12,1.0838,0.03023171,0.03023351,0.02791000
1995-07-13,1.0838,0.00662634,0.00662814,0.00613000
1995-07-14,1.0838,0.01227299,0.01227479,0.01134000
1995-07-17,1.0838,0.01297747,0.01297926,0.01199000
1995-07-18,1.0838,-0.03349628,-0.03349448,-0.03089000
1995-07-19,1.0838,-0.05870568,-0.05870388,-0.05415000
1995-07-20,1.0838,0.00636623,0.00636803,0.00589000
1995-07-21,1.0838,-0.00501377,-0.00501197,-0.00461000
1995-07-24,1.0838,0.02940802,0.02940981,0.02715000
1995-07-25,1.0838,0.01940446,0.01940625,0.01792000
1995-07-26,1.0838,0.00782937,0.00783117,0.00724000
1995-07-27,1.0838,0.01393122,0.01393301,0.01287000
1995-07-28,1.0838,-0.01866977,-0.01866797,-0.01721000
1995-07-31,1.0838,-0.00999929,-0.00999749,-0.00921000
1995-08-01,1.0838,-0.01840965,-0.01840785,-0.01697000
1995-08-02,1.0838,-0.01482224,-0.01482045,-0.01366000
1995-08-03,1.0838,0.00295223,0.00295403,0.00274000
1995-08-04,1.0838,0.01474408,0.01474587,0.01362000
1995-08-07,1.0838,0.00594354,0.00594534,0.00550000
1995-08-08,1.0838,0.00397101,0.00397281,0.00368000
1995-08-09,1.0838,0.01874333,0.01874513,0.01731000
1995-08-10,1.0838,-0.01080131,-0.01079951,-0.00995000
1995-08-11,1.0838,0.01121086,0.01121265,0.01036000
1995-08-14,1.0838,0.01711762,0.01711941,0.01581000
1995-08-15,1.0838,-0.00125295,-0.00125115,-0.00114000
1995-08-16,1.0838,0.02298103,0.02298282,0.02122000
1995-08-17,1.0838,-0.00026668,-0.00026489,-0.00023000
1995-08-18,1.0838,-0.00137217,-0.00137037,-0.00125000
1995-08-21,1.0838,-0.03025569,-0.03025389,-0.02790000
1995-08-22,1.0838,0.01940446,0.01940625,0.01792000
1995-08-23,1.0838,0.00381928,0.00382107,0.00354000
1995-08-24,1.0838,-0.01495230,-0.01495050,-0.01378000
1995-08-25,1.0838,-0.00567489,-0.00567310,-0.00522000
1995-08-28,1.0838,-0.02624559,-0.02624380,-0.02420000
1995-08-29,1.0838,0.00147825,0.00148005,0.00138000
1995-08-30,1.0838,0.01150349,0.01150528,0.01063000
1995-08-31,1.0838,0.00746088,0.00746267,0.00690000
1995-09-01,1.0838,-0.00668283,-0.00668104,-0.00615000
1995-09-05,1.0838,0.04189350,0.04189529,0.03867000
1995-09-06,1.0838,-0.00225005,-0.00224826,-0.00206000
1995-09-07,1.0838,0.00916246,0.00916425,0.00847000
1995-09-08,1.0838,0.00929251,0.00929431,0.00859000
1995-09-11,1.0838,0.00983442,0.00983622,0.00909000
1995-09-12,1.0838,-0.00667200,-0.00667020,-0.00614000
1995-09-13,1.0838,0.00307145,0.00307325,0.00285000
1995-09-14,1.0838,-0.00637937,-0.00637757,-0.00587000
1995-09-15,1.0838,-0.02710180,-0.02710001,-0.02499000
1995-09-18,1.0838,0.00390598,0.00390778,0.00362000
1995-09-19,1.0838,0.01813640,0.01813819,0.01675000
1995-09-20,1.0838,0.00391682,0.00391862,0.00363000
1995-09-21,1.0838,-0.01497398,-0.01497218,-0.01380000
1995-09-22,1.0838,-0.00401666,-0.00401487,-0.00369000
1995-09-25,1.0838,-0.00860118,-0.00859938,-0.00792000
1995-09-26,1.0838,-0.01318569,-0.01318389,-0.01215000
1995-09-27,1.0838,-0.00848196,-0.00848016,-0.00781000
1995-09-28,1.0838,0.03616015,0.03616194,0.03338000
1995-09-29,1.0838,-0.01885401,-0.01885222,-0.01738000
1995-10-02,1.0838,-0.02076152,-0.02075972,-0.01914000
1995-10-03,1.0838,-0.00132882,-0.00132702,-0.00121000
1995-10-04,1.0838,-0.02678750,-0.02678570,-0.02470000
1995-10-05,1.0838,0.02668765,0.02668945,0.02464000
1995-10-06,1.0838,-0.01007516,-0.01007336,-0.00928000
1995-10-09,1.0838,-0.03913208,-0.03913029,-0.03609000
1995-10-10,1.0838,0.00760177,0.00760357,0.00703000
1995-10-11,1.0838,0.02670933,0.02671113,0.02466000
1995-10-12,1.0838,0.01684667,0.01684846,0.01556000
1995-10-13,1.0838,-0.00585914,-0.00585734,-0.00539000
1995-10-16,1.0838,-0.00292202,-0.00292022,-0.00268000
1995-10-17,1.0838,0.03998599,0.03998779,0.03691000
1995-10-18,1.0838,0.01570867,0.01571046,0.01451000
1995-10-19,1.0838,0.00597606,0.00597785,0.00553000
1995-10-20,1.0838,-0.01690316,-0.01690136,-0.01558000
1995-10-23,1.0838,0.00255122,0.00255302,0.00237000
1995-10-24,1.0838,0.00176004,0.00176184,0.00164000
1995-10-25,1.0838,-0.01805199,-0.01805020,-0.01664000
1995-10-26,1.0838,-0.00344224,-0.00344045,-0.00316000
1995-10-27,1.0838,0.02058581,0.02058760,0.01901000
1995-10-30,1.0838,0.02479099,0.02479278,0.02289000
1995-10-31,1.0838,-0.01484392,-0.01484212,-0.01368000
1995-11-01,1.0838,0.00386263,0.00386443,0.00358000
1995-11-02,1.0838,0.02486685,0.02486865,0.02296000
1995-11-03,1.0838,0.01238137,0.01238317,0.01144000
1995-11-06,1.0838,-0.01043281,-0.01043102,-0.00961000
1995-11-07,1.0838,-0.03429830,-0.03429650,-0.03163000
1995-11-08,1.0838,0.00453459,0.00453639,0.00420000
1995-11-09,1.0838,0.03300626,0.03300806,0.03047000
1995-11-10,1.0838,-0.00585914,-0.00585734,-0.00539000
1995-11-13,1.0838,-0.00933817,-0.00933637,-0.00860000
1995-11-14,1.0838,-0.02963792,-0.02963612,-0.02733000
1995-11-15,1.0838,0.00330989,0.00331168,0.00307000
1995-11-16,1.0838,-0.00324716,-0.00324536,-0.00298000
1995-11-17,1.0838,-0.00528472,-0.00528292,-0.00486000
1995-11-20,1.0838,-0.03154542,-0.03154362,-0.02909000
1995-11-21,1.0838,0.00483806,0.00483985,0.00448000
1995-11-22,1.0838,-0.00977169,-0.00976989,-0.00900000
1995-11-24,1.0838,0.01768120,0.01768299,0.01633000
1995-11-27,1.0838,-0.00825436,-0.00825256,-0.00760000
1995-11-28,1.0838,0.04550258,0.04550438,0.04200000
1995-11-29,1.0838,0.00287636,0.00287816,0.00267000
1995-11-30,1.0838,-0.01058455,-0.01058275,-0.00975000
1995-12-01,1.0838,-0.01222110,-0.01221930,-0.01126000
1995-12-04,1.0838,0.02028234,0.02028414,0.01873000
1995-12-05,1.0838,-0.01226445,-0.01226266,-0.01130000
1995-12-06,1.0838,-0.00228257,-0.00228077,-0.00209000
1995-12-07,1.0838,-0.00523053,-0.00522873,-0.00481000
1995-12-08,1.0838,0.02262337,0.02262517,0.02089000
1995-12-11,1.0838,-0.00590249,-0.00590070,-0.00543000
1995-12-12,1.0838,-0.02012207,-0.02012027,-0.01855000
1995-12-13,1.0838,0.00464297,0.00464477,0.00430000
1995-12-14,1.0838,-0.03918628,-0.03918448,-0.03614000
1995-12-15,1.0838,-0.00575076,-0.00574896,-0.00529000
1995-12-18,1.0838,-0.02931277,-0.02931098,-0.02703000
1995-12-19,1.0838,0.05334936,0.05335116,0.04924000
1995-12-20,1.0838,-0.01857222,-0.01857043,-0.01712000
1995-12-21,1.0838,0.02993908,0.02994088,0.02764000
1995-12-22,1.0838,0.00825206,0.00825385,0.00763000
1995-12-26,1.0838,-0.00015830,-0.00015651,-0.00013000
1995-12-27,1.0838,-0.00873123,-0.00872944,-0.00804000
1995-12-28,1.0838,-0.01570013,-0.01569833,-0.01447000
1995-12-29,1.0838,0.00810032,0.00810212,0.00749000
1996-01-02,1.0838,0.01826646,0.01826825,0.01687000
1996-01-03,1.0838,-0.02523765,-0.02523585,-0.02327000
1996-01-04,1.0838,-0.01667556,-0.01667376,-0.01537000
1996-01-05,1.0838,0.00320151,0.00320330,0.00297000
1996-01-08,1.0838,-0.00381074,-0.00380894,-0.00350000
1996-01-09,1.0838,-0.05528084,-0.05527905,-0.05099000
1996-01-10,1.0838,0.00177088,0.00177267,0.00165000
1996-01-11,1.0838,0.04032198,0.04032377,0.03722000
1996-01-12,1.0838,-0.00485120,-0.00484940,-0.00446000
1996-01-15,1.0838,-0.03581563,-0.03581383,-0.03303000
1996-01-16,1.0838,0.02355545,0.02355724,0.02175000
1996-01-17,1.0838,-0.00106870,-0.00106691,-0.00097000
1996-01-18,1.0838,0.01750779,0.01750959,0.01617000
1996-01-19,1.0838,0.02018480,0.02018659,0.01864000
1996-01-22,1.0838,0.01269568,0.01269747,0.01173000
1996-01-23,1.0838,-0.00738731,-0.00738551,-0.00680000
1996-01-24,1.0838,0.02825918,0.02826097,0.02609000
1996-01-25,1.0838,-0.01838797,-0.01838618,-0.01695000
1996-01-26,1.0838,0.00907575,0.00907755,0.00839000
1996-01-29,1.0838,-0.00153474,-0.00153294,-0.00140000
1996-01-30,1.0838,0.01460318,0.01460498,0.01349000
1996-01-31,1.0838,0.01453815,0.01453995,0.01343000
1996-02-01,1.0838,0.01842903,0.01843082,0.01702000
1996-02-02,1.0838,-0.00081943,-0.00081763,-0.00074000
1996-02-05,1.0838,0.02533289,0.02533469,0.02339000
1996-02-06,1.0838,0.00657215,0.00657395,0.00608000
1996-02-07,1.0838,-0.00722474,-0.00722294,-0.00665000
1996-02-08,1.0838,0.01539436,0.01539616,0.01422000
1996-02-09,1.0838,-0.00136133,-0.00135953,-0.00124000
1996-02-12,1.0838,0.00397101,0.00397281,0.00368000
1996-02-13,1.0838,-0.01169003,-0.01168824,-0.01077000
1996-02-14,1.0838,-0.00165396,-0.00165216,-0.00151000
1996-02-15,1.0838,0.00464297,0.00464477,0.00430000
1996-02-16,1.0838,-0.00206581,-0.00206401,-0.00189000
1996-02-20,1.0838,-0.00386493,-0.00386313,-0.00355000
1996-02-21,1.0838,0.01837484,0.01837663,0.01697000
1996-02-22,1.0838,0.02787984,0.02788164,0.02574000
1996-02-23,1.0838,-0.00137217,-0.00137037,-0.00125000
1996-02-26,1.0838,-0.00786419,-0.00786239,-0.00724000
1996-02-27,1.0838,-0.01158165,-0.01157986,-0.01067000
1996-02-28,1.0838,0.00058953,0.00059132,0.00056000
1996-02-29,1.0838,-0.01476805,-0.01476626,-0.01361000
1996-03-01,1.0838,-0.03143704,-0.03143524,-0.02899000
1996-03-04,1.0838,-0.00583746,-0.00583567,-0.00537000
1996-03-05,1.0838,0.02591815,0.02591995,0.02393000
1996-03-06,1.0838,-0.01413944,-0.01413765,-0.01303000
1996-03-07,1.0838,0.00306061,0.00306241,0.00284000
1996-03-08,1.0838,-0.03170799,-0.03170620,-0.02924000
1996-03-11,1.0838,0.02523535,0.02523715,0.02330000
1996-03-12,1.0838,-0.01155998,-0.01155818,-0.01065000
1996-03-13,1.0838,0.02846510,0.02846690,0.02628000
1996-03-14,1.0838,-0.00737647,-0.00737468,-0.00679000
1996-03-15,1.0838,0.01980547,0.01980726,0.01829000
1996-03-18,1.0838,0.02014145,0.02014324,0.01860000
1996-03-19,1.0838,-0.00661781,-0.00661601,-0.00609000
1996-03-20,1.0838,-0.02432725,-0.02432545,-0.02243000
1996-03-21,1.0838,-0.00659613,-0.00659433,-0.00607000
1996-03-22,1.0838,0.00243200,0.00243380,0.00226000
1996-03-25,1.0838,-0.02662493,-0.02662313,-0.02455000
1996-03-26,1.0838,0.00773183,0.00773363,0.00715000
1996-03-27,1.0838,0.01077733,0.01077913,0.00996000
1996-03-28,1.0838,0.00004762,0.00004942,0.00006000
1996-03-29,1.0838,0.00287636,0.00287816,0.00267000
1996-04-01,1.0838,0.00587852,0.00588031,0.00544000
1996-04-02,1.0838,0.00498979,0.00499159,0.00462000
1996-04-03,1.0838,0.00487057,0.00487237,0.00451000
1996-04-04,1.0838,-0.00099284,-0.00099104,-0.00090000
1996-04-08,1.0838,-0.01294725,-0.01294546,-0.01193000
1996-04-09,1.0838,0.00080629,0.00080808,0.00076000
1996-04-10,1.0838,-0.00345308,-0.00345129,-0.00317000
1996-04-11,1.0838,-0.00895883,-0.00895704,-0.00825000
1996-04-12,1.0838,0.00177088,0.00177267,0.00165000
1996-04-15,1.0838,0.01080985,0.01081164,0.00999000
1996-04-16,1.0838,0.02636251,0.02636431,0.02434000
1996-04-17,1.0838,-0.00904554,-0.00904374,-0.00833000
1996-04-18,1.0838,0.02223320,0.02223499,0.02053000
1996-04-19,1.0838,-0.00073272,-0.00073093,-0.00066000
1996-04-22,1.0838,0.01931775,0.01931955,0.01784000
1996-04-23,1.0838,0.01717181,0.01717360,0.01586000
1996-04-24,1.0838,0.01577369,0.01577549,0.01457000
1996-04-25,1.0838,0.00436118,0.00436298,0.00404000
1996-04-26,1.0838,-0.00003908,-0.00003729,-0.00002000
1996-04-29,1.0838,0.00057869,0.00058048,0.00055000
1996-04-30,1.0838,-0.00042925,-0.00042746,-0.00038000
1996-05-01,1.0838,0.01078817,0.01078997,0.00997000
1996-05-02,1.0838,-0.02675498,-0.02675319,-0.02467000
1996-05-03,1.0838,0.00716825,0.00717004,0.00663000
1996-05-06,1.0838,0.00306061,0.00306241,0.00284000
1996-05-07,1.0838,-0.00344224,-0.00344045,-0.00316000
1996-05-08,1.0838,0.00444789,0.00444968,0.00412000
1996-05-09,1.0838,-0.00161061,-0.00160881,-0.00147000
1996-05-10,1.0838,0.01636979,0.01637159,0.01512000
1996-05-13,1.0838,0.02575558,0.02575737,0.02378000
1996-05-14,1.0838,0.01088571,0.01088751,0.01006000
1996-05-15,1.0838,-0.00820017,-0.00819837,-0.00755000
1996-05-16,1.0838,0.00800278,0.00800458,0.00740000
1996-05-17,1.0838,-0.00691043,-0.00690864,-0.00636000
1996-05-20,1.0838,0.00386263,0.00386443,0.00358000
1996-05-21,1.0838,-0.00844944,-0.00844765,-0.00778000
1996-05-22,1.0838,0.00090383,0.00090563,0.00085000
1996-05-23,1.0838,0.00577013,0.00577193,0.00534000
1996-05-24,1.0838,-0.00497042,-0.00496862,-0.00457000
1996-05-28,1.0838,-0.00603255,-0.00603075,-0.00555000
1996-05-29,1.0838,-0.01261127,-0.01260948,-0.01162000
1996-05-30,1.0838,0.01113499,0.01113679,0.01029000
1996-05-31,1.0838,0.01323758,0.01323938,0.01223000
1996-06-03,1.0838,-0.00490539,-0.00490359,-0.00451000
1996-06-04,1.0838,0.00526074,0.00526254,0.00487000
1996-06-05,1.0838,0.01058225,0.01058404,0.00978000
1996-06-06,1.0838,-0.01911413,-0.01911233,-0.01762000
1996-06-07,1.0838,0.00702735,0.00702915,0.00650000
1996-06-10,1.0838,-0.00410337,-0.00410157,-0.00377000
1996-06-11,1.0838,0.00330989,0.00331168,0.00307000
1996-06-12,1.0838,0.00976939,0.00977119,0.00903000
1996-06-13,1.0838,-0.00826520,-0.00826340,-0.00761000
1996-06-14,1.0838,-0.01677310,-0.01677130,-0.01546000
1996-06-17,1.0838,-0.00427678,-0.00427498,-0.00393000
1996-06-18,1.0838,-0.01975357,-0.01975178,-0.01821000
1996-06-19,1.0838,0.00269212,0.00269391,0.00250000
1996-06-20,1.0838,-0.00529556,-0.00529376,-0.00487000
1996-06-21,1.0838,0.01318339,0.01318519,0.01218000
1996-06-24,1.0838,0.00748255,0.00748435,0.00692000
1996-06-25,1.0838,-0.01460548,-0.01460368,-0.01346000
1996-06-26,1.0838,-0.01354335,-0.01354155,-0.01248000
1996-06-27,1.0838,0.01884087,0.01884267,0.01740000
1996-06-28,1.0838,0.00994280,0.00994460,0.00919000
1996-07-01,1.0838,0.01564364,0.01564543,0.01445000
1996-07-02,1.0838,-0.01087718,-0.01087538,-0.01002000
1996-07-03,1.0838,-0.01007516,-0.01007336,-0.00928000
1996-07-05,1.0838,-0.02598548,-0.02598368,-0.02396000
1996-07-08,1.0838,-0.00275944,-0.00275765,-0.00253000
1996-07-09,1.0838,0.00787272,0.00787452,0.00728000
1996-07-10,1.0838,-0.00542562,-0.00542382,-0.00499000
1996-07-11,1.0838,-0.03571809,-0.03571629,-0.03294000
1996-07-12,1.0838,-0.00122044,-0.00121864,-0.00111000
1996-07-15,1.0838,-0.04806267,-0.04806088,-0.04433000
1996-07-16,1.0838,0.01315088,0.01315267,0.01215000
1996-07-17,1.0838,0.03009082,0.03009261,0.02778000
1996-07-18,1.0838,0.02136615,0.02136795,0.01973000
1996-07-19,1.0838,-0.01798697,-0.01798517,-0.01658000
1996-07-22,1.0838,-0.01542918,-0.01542738,-0.01422000
1996-07-23,1.0838,-0.04460532,-0.04460353,-0.04114000
1996-07-24,1.0838,0.01216461,0.01216641,0.01124000
1996-07-25,1.0838,0.02748967,0.02749147,0.02538000
1996-07-26,1.0838,0.02272091,0.02272271,0.02098000
1996-07-29,1.0838,-0.02202957,-0.02202778,-0.02031000
1996-07-30,1.0838,0.01713929,0.01714109,0.01583000
1996-07-31,1.0838,0.00979107,0.00979286,0.00905000
1996-08-01,1.0838,0.02566887,0.02567067,0.02370000
1996-08-02,1.0838,0.02792320,0.02792499,0.02578000
1996-08-05,1.0838,-0.01106142,-0.01105963,-0.01019000
1996-08-06,1.0838,0.01750779,0.01750959,0.01617000
1996-08-07,1.0838,0.01723684,0.01723863,0.01592000
1996-08-08,1.0838,-0.00769078,-0.00768898,-0.00708000
1996-08-09,1.0838,0.00127233,0.00127412,0.00119000
1996-08-12,1.0838,0.00173836,0.00174016,0.00162000
1996-08-13,1.0838,-0.01640460,-0.01640281,-0.01512000
1996-08-14,1.0838,0.01307501,0.01307681,0.01208000
1996-08-15,1.0838,-0.00011495,-0.00011315,-0.00009000
1996-08-16,1.0838,-0.00769078,-0.00768898,-0.00708000
1996-08-19,1.0838,-0.00326883,-0.00326704,-0.00300000
1996-08-20,1.0838,-0.01192847,-0.01192668,-0.01099000
1996-08-21,1.0838,0.00745004,0.00745183,0.00689000
1996-08-22,1.0838,0.02307857,0.02308037,0.02131000
1996-08-23,1.0838,-0.00644440,-0.00644260,-0.00593000
1996-08-26,1.0838,-0.00743066,-0.00742887,-0.00684000
1996-08-27,1.0838,0.00987777,0.00987957,0.00913000
1996-08-28,1.0838,0.00100137,0.00100317,0.00094000
1996-08-29,1.0838,-0.01366257,-0.01366077,-0.01259000
1996-08-30,1.0838,-0.01215607,-0.01215428,-0.01120000
1996-09-03,1.0838,0.00934671,0.00934850,0.00864000
1996-09-04,1.0838,-0.00013663,-0.00013483,-0.00011000
1996-09-05,1.0838,-0.02732940,-0.02732761,-0.02520000
1996-09-06,1.0838,0.01978379,0.01978558,0.01827000
1996-09-09,1.0838,0.01267400,0.01267580,0.01171000
1996-09-10,1.0838,-0.00052680,-0.00052500,-0.00047000
1996-09-11,1.0838,0.00560756,0.00560936,0.00519000
1996-09-12,1.0838,0.01691169,0.01691349,0.01562000
1996-09-13,1.0838,0.03511969,0.03512149,0.03242000
1996-09-16,1.0838,0.00209602,0.00209782,0.00195000
1996-09-17,1.0838,0.02030402,0.02030581,0.01875000
1996-09-18,1.0838,0.00769932,0.00770111,0.00712000
1996-09-19,1.0838,0.01360608,0.01360787,0.01257000
1996-09-20,1.0838,0.00980191,0.00980370,0.00906000
1996-09-23,1.0838,-0.01458380,-0.01458201,-0.01344000
1996-09-24,1.0838,0.00474052,0.00474231,0.00439000
1996-09-25,1.0838,0.01336764,0.01336943,0.01235000
1996-09-26,1.0838,-0.00155642,-0.00155462,-0.00142000
1996-09-27,1.0838,0.00017768,0.00017947,0.00018000
1996-09-30,1.0838,-0.01041114,-0.01040934,-0.00959000
1996-10-01,1.0838,-0.00450438,-0.00450258,-0.00414000
1996-10-02,1.0838,0.01926356,0.01926536,0.01779000
1996-10-03,1.0838,-0.00618428,-0.00618249,-0.00569000
1996-10-04,1.0838,0.02310025,0.02310204,0.02133000
1996-10-07,1.0838,0.00814368,0.00814547,0.00753000
1996-10-08,1.0838,-0.01640460,-0.01640281,-0.01512000
1996-10-09,1.0838,0.00105556,0.00105736,0.00099000
1996-10-10,1.0838,-0.00362649,-0.00362470,-0.00333000
1996-10-11,1.0838,0.02048826,0.02049006,0.01892000
1996-10-14,1.0838,0.00899989,0.00900168,0.00832000
1996-10-15,1.0838,0.00435034,0.00435214,0.00403000
1996-10-16,1.0838,-0.01040030,-0.01039850,-0.00958000
1996-10-17,1.0838,-0.01670807,-0.01670627,-0.01540000
1996-10-18,1.0838,0.00148909,0.00149088,0.00139000
1996-10-21,1.0838,-0.01510403,-0.01510224,-0.01392000
1996-10-22,1.0838,-0.01398771,-0.01398591,-0.01289000
1996-10-23,1.0838,0.01922021,0.01922200,0.01775000
1996-10-24,1.0838,-0.00185988,-0.00185809,-0.00170000
1996-10-25,1.0838,-0.00702965,-0.00702786,-0.00647000
1996-10-28,1.0838,-0.00277028,-0.00276849,-0.00254000
1996-10-29,1.0838,-0.01523409,-0.01523229,-0.01404000
1996-10-30,1.0838,0.00764512,0.00764692,0.00707000
1996-10-31,1.0838,0.02301354,0.02301534,0.02125000
1996-11-01,1.0838,0.00507650,0.00507829,0.00470000
1996-11-04,1.0838,0.00104473,0.00104652,0.00098000
1996-11-05,1.0838,0.01961038,0.01961218,0.01811000
1996-11-06,1.0838,0.02392394,0.02392574,0.02209000
1996-11-07,1.0838,0.01174192,0.01174372,0.01085000
1996-11-08,1.0838,0.00442621,0.00442801,0.00410000
1996-11-11,1.0838,0.00823038,0.00823218,0.00761000
1996-11-12,1.0838,-0.01431285,-0.01431106,-0.01319000
1996-11-13,1.0838,0.00630120,0.00630300,0.00583000
1996-11-14,1.0838,0.01500419,0.01500599,0.01386000
1996-11-15,1.0838,-0.01379262,-0.01379083,-0.01271000
1996-11-18,1.0838,-0.00833022,-0.00832843,-0.00767000
1996-11-19,1.0838,0.01707427,0.01707606,0.01577000
1996-11-20,1.0838,0.00351581,0.00351761,0.00326000
1996-11-21,1.0838,-0.01060622,-0.01060443,-0.00977000
1996-11-22,1.0838,0.02424908,0.02425088,0.02239000
1996-11-25,1.0838,0.00380844,0.00381024,0.00353000
1996-11-26,1.0838,0.00564008,0.00564187,0.00522000
1996-11-27,1.0838,0.00901072,0.00901252,0.00833000
1996-11-29,1.0838,0.00213937,0.00214117,0.00199000
1996-12-02,1.0838,0.01381200,0.01381380,0.01276000
1996-12-03,1.0838,-0.00861201,-0.00861022,-0.00793000
1996-12-04,1.0838,-0.00421175,-0.00420995,-0.00387000
1996-12-05,1.0838,0.00149993,0.00150172,0.00140000
1996-12-06,1.2581,-0.01303665,-0.01303111,-0.01025000
1996-12-09,1.2581,0.04473594,0.04474148,0.03560000
1996-12-10,1.0000,-0.00906907,-0.00906907,-0.00894000
1996-12-11,1.0000,0.00876000,0.00876000,0.00876000
1996-12-12,1.0000,-0.01517000,-0.01517000,-0.01517000
1996-12-13,1.0000,-0.01767000,-0.01767000,-0.01767000
1996-12-16,1.0000,-0.02855000,-0.02855000,-0.02855000
1996-12-17,1.0000,0.01370000,0.01370000,0.01370000
1996-12-18,1.0000,0.02546000,0.02546000,0.02546000
1996-12-19,1.0000,0.00862000,0.00862000,0.00862000
1996-12-20,1.0000,-0.01145000,-0.01145000,-0.01145000
1996-12-23,1.0000,-0.01108000,-0.01108000,-0.01108000
1996-12-24,1.0000,0.01289000,0.01289000,0.01289000
1996-12-26,1.0000,0.00910000,0.00910000,0.00910000
1996-12-27,1.0000,-0.00890000,-0.00890000,-0.00890000
1996-12-30,1.0000,-0.01071000,-0.01071000,-0.01071000
1996-12-31,1.0000,-0.00618000,-0.00618000,-0.00618000
1997-01-02,1.0000,-0.00699000,-0.00699000,-0.00699000
1997-01-03,1.0000,0.03996000,0.03996000,0.03996000
1997-01-06,1.0000,0.00601000,0.00601000,0.00601000
1997-01-07,1.0000,0.01327000,0.01327000,0.01327000
1997-01-08,1.0000,-0.01323000,-0.01323000,-0.01323000
1997-01-09,1.0000,0.00455000,0.00455000,0.00455000
1997-01-10,1.0000,0.01009000,0.01009000,0.01009000
1997-01-13,1.0000,-0.00136000,-0.00136000,-0.00136000
1997-01-14,1.0000,0.01969000,0.01969000,0.01969000
1997-01-15,1.0000,-0.01937000,-0.01937000,-0.01937000
1997-01-16,1.0000,0.01083000,0.01083000,0.01083000
1997-01-17,1.0000,0.01125000,0.01125000,0.01125000
1997-01-20,1.0000,0.01852000,0.01852000,0.01852000
1997-01-21,1.0000,0.01553000,0.01553000,0.01553000
1997-01-22,1.0000,0.01293000,0.01293000,0.01293000
1997-01-23,1.0000,-0.01378000,-0.01378000,-0.01378000
1997-01-24,1.0000,-0.01572000,-0.01572000,-0.01572000
1997-01-27,1.0000,-0.00949000,-0.00949000,-0.00949000
1997-01-28,1.0000,0.00111000,0.00111000,0.00111000
1997-01-29,1.0000,0.00190000,0.00190000,0.00190000
1997-01-30,1.0000,0.02159000,0.02159000,0.02159000
1997-01-31,1.0000,0.01082000,0.01082000,0.01082000
1997-02-03,1.0000,-0.00382000,-0.00382000,-0.00382000
1997-02-04,1.0000,-0.00184000,-0.00184000,-0.00184000
1997-02-05,1.0000,-0.03153000,-0.03153000,-0.03153000
1997-02-06,1.0000,-0.00208000,-0.00208000,-0.00208000
1997-02-07,1.0000,0.01620000,0.01620000,0.01620000
1997-02-10,1.0000,-0.03085000,-0.03085000,-0.03085000
1997-02-11,1.0000,-0.00038000,-0.00038000,-0.00038000
1997-02-12,1.0000,0.03305000,0.03305000,0.03305000
1997-02-13,1.0000,0.00784000,0.00784000,0.00784000
1997-02-14,1.0000,-0.00838000,-0.00838000,-0.00838000
1997-02-18,1.0000,-0.00262000,-0.00262000,-0.00262000
1997-02-19,1.0000,0.00016000,0.00016000,0.00016000
1997-02-20,1.0000,-0.01933000,-0.01933000,-0.01933000
1997-02-21,1.0000,-0.01815000,-0.01815000,-0.01815000
1997-02-24,1.0000,0.01851000,0.01851000,0.01851000
1997-02-25,1.0000,0.00205000,0.00205000,0.00205000
1997-02-26,1.0000,-0.00145000,-0.00145000,-0.00145000
1997-02-27,1.0000,-0.03649000,-0.03649000,-0.03649000
1997-02-28,1.0000,0.00224000,0.00224000,0.00224000
1997-03-03,1.0000,0.00663000,0.00663000,0.00663000
1997-03-04,1.0000,0.00699000,0.00699000,0.00699000
1997-03-05,1.0000,0.01166000,0.01166000,0.01166000
1997-03-06,1.0000,-0.02355000,-0.02355000,-0.02355000
1997-03-07,1.0000,-0.01228000,-0.01228000,-0.01228000
1997-03-10,1.0000,0.01644000,0.01644000,0.01644000
1997-03-11,1.0000,-0.00739000,-0.00739000,-0.00739000
1997-03-12,1.0000,-0.01080000,-0.01080000,-0.01080000
1997-03-13,1.0000,0.00143000,0.00143000,0.00143000
1997-03-14,1.0000,-0.00178000,-0.00178000,-0.00178000
1997-03-17,1.0000,-0.00801000,-0.00801000,-0.00801000
1997-03-18,1.0000,-0.00559000,-0.00559000,-0.00559000
1997-03-19,1.0000,-0.01903000,-0.01903000,-0.01903000
1997-03-20,1.0000,0.01226000,0.01226000,0.01226000
1997-03-21,1.0000,-0.01093000,-0.01093000,-0.01093000
1997-03-24,1.0000,-0.01272000,-0.01272000,-0.01272000
1997-03-25,1.0000,0.00603000,0.00603000,0.00603000
1997-03-26,1.0000,0.03371000,0.03371000,0.03371000
1997-03-27,1.0000,-0.01872000,-0.01872000,-0.01872000
1997-03-31,1.0000,-0.02646000,-0.02646000,-0.02646000
1997-04-01,1.0000,-0.00031000,-0.00031000,-0.00031000
1997-04-02,1.0000,-0.01613000,-0.01613000,-0.01613000
1997-04-03,1.0000,0.02649000,0.02649000,0.02649000
1997-04-04,1.0000,0.02206000,0.02206000,0.02206000
1997-04-07,1.0000,0.01207000,0.01207000,0.01207000
1997-04-08,1.0000,0.00970000,0.00970000,0.00970000
1997-04-09,1.0000,-0.01382000,-0.01382000,-0.01382000
1997-04-10,1.0000,-0.01844000,-0.01844000,-0.01844000
1997-04-11,1.0000,-0.02882000,-0.02882000,-0.02882000
1997-04-14,1.0000,0.02132000,0.02132000,0.02132000
1997-04-15,1.0000,-0.01087000,-0.01087000,-0.01087000
1997-04-16,1.0000,0.00088000,0.00088000,0.00088000
1997-04-17,1.0000,0.01197000,0.01197000,0.01197000
1997-04-18,1.0000,0.01018000,0.01018000,0.01018000
1997-04-21,1.0000,-0.01704000,-0.01704000,-0.01704000
1997-04-22,1.0000,0.01944000,0.01944000,0.01944000
1997-04-23,1.0000,0.02434000,0.02434000,0.02434000
1997-04-24,1.0000,-0.00024000,-0.00024000,-0.00024000
1997-04-25,1.0000,-0.02287000,-0.02287000,-0.02287000
1997-04-28,1.0000,0.01324000,0.01324000,0.01324000
1997-04-29,1.0000,0.03242000,0.03242000,0.03242000
1997-04-30,1.0000,0.02161000,0.02161000,0.02161000
1997-05-01,1.0000,0.00846000,0.00846000,0.00846000
1997-05-02,1.0000,0.03105000,0.03105000,0.03105000
1997-05-05,1.0000,0.02575000,0.02575000,0.02575000
1997-05-06,1.0000,-0.01926000,-0.01926000,-0.01926000
1997-05-07,1.0000,-0.00611000,-0.00611000,-0.00611000
1997-05-08,1.0000,0.01104000,0.01104000,0.01104000
1997-05-09,1.0000,-0.00023000,-0.00023000,-0.00023000
1997-05-12,1.0000,0.00607000,0.00607000,0.00607000
1997-05-13,1.0000,-0.01519000,-0.01519000,-0.01519000
1997-05-14,1.0000,-0.00069000,-0.00069000,-0.00069000
1997-05-15,1.0000,0.02410000,0.02410000,0.02410000
1997-05-16,1.0000,-0.01773000,-0.01773000,-0.01773000
1997-05-19,1.0000,-0.00186000,-0.00186000,-0.00186000
1997-05-20,1.0000,0.03126000,0.03126000,0.03126000
1997-05-21,1.0000,0.00896000,0.00896000,0.00896000
1997-05-22,1.0000,-0.00464000,-0.00464000,-0.00464000
1997-05-23,1.0000,0.01374000,0.01374000,0.01374000
1997-05-27,1.0000,0.02664000,0.02664000,0.02664000
1997-05-28,1.0000,-0.00202000,-0.00202000,-0.00202000
1997-05-29,1.0000,-0.01225000,-0.01225000,-0.01225000
1997-05-30,1.0000,-0.01202000,-0.01202000,-0.01202000
1997-06-02,1.0000,-0.00014000,-0.00014000,-0.00014000
1997-06-03,1.0000,-0.03010000,-0.03010000,-0.03010000
1997-06-04,1.0000,-0.00842000,-0.00842000,-0.00842000
1997-06-05,1.0000,0.00941000,0.00941000,0.00941000
1997-06-06,1.0000,0.01548000,0.01548000,0.01548000
1997-06-09,1.0000,0.01036000,0.01036000,0.01036000
1997-06-10,1.0000,-0.01420000,-0.01420000,-0.01420000
1997-06-11,1.0000,0.00833000,0.00833000,0.00833000
1997-06-12,1.0000,0.00108000,0.00108000,0.00108000
1997-06-13,1.0000,0.01518000,0.01518000,0.01518000
1997-06-16,1.0000,0.01204000,0.01204000,0.01204000
1997-06-17,1.0000,0.01373000,0.01373000,0.01373000
1997-06-18,1.0000,-0.01799000,-0.01799000,-0.01799000
1997-06-19,1.0000,0.01073000,0.01073000,0.01073000
1997-06-20,1.0000,-0.00053000,-0.00053000,-0.00053000
1997-06-23,1.0000,-0.01256000,-0.01256000,-0.01256000
1997-06-24,1.0000,0.01794000,0.01794000,0.01794000
1997-06-25,1.0000,-0.00728000,-0.00728000,-0.00728000
1997-06-26,1.0000,-0.01211000,-0.01211000,-0.01211000
1997-06-27,1.0000,-0.00445000,-0.00445000,-0.00445000
1997-06-30,1.0000,-0.00591000,-0.00591000,-0.00591000
1997-07-01,1.0000,-0.00401000,-0.00401000,-0.00401000
1997-07-02,1.1211,0.02638242,0.02638501,0.02361000
1997-07-03,1.1211,0.01217193,0.01217452,0.01088000
1997-07-07,1.1211,0.00514292,0.00514551,0.00461000
1997-07-08,1.1211,0.01671219,0.01671479,0.01493000
1997-07-09,1.1211,0.00478418,0.00478677,0.00429000
1997-07-10,1.1211,-0.00006998,-0.00006739,-0.00004000
1997-07-11,1.1211,0.00619671,0.00619930,0.00555000
1997-07-14,1.1211,0.02898774,0.02899033,0.02588000
1997-07-15,1.0073,0.01653135,0.01653151,0.01647000
1997-07-16,1.0073,0.04226359,0.04226374,0.04196000
1997-07-17,1.0073,-0.00780786,-0.00780771,-0.00775000
1997-07-18,1.0073,-0.02192980,-0.02192965,-0.02177000
1997-07-21,1.0073,-0.01177651,-0.01177635,-0.01169000
1997-07-22,1.0073,0.03094186,0.03094201,0.03072000
1997-07-23,1.0073,0.00105612,0.00105628,0.00105000
1997-07-24,1.0073,-0.00355718,-0.00355702,-0.00353000
1997-07-25,1.0073,-0.00255998,-0.00255982,-0.00254000
1997-07-28,1.0073,-0.00944971,-0.00944956,-0.00938000
1997-07-29,1.0073,0.01195480,0.01195495,0.01187000
1997-07-30,1.0073,0.01211596,0.01211612,0.01203000
1997-07-31,1.0073,0.00555863,0.00555878,0.00552000
1997-08-01,1.0073,0.00176121,0.00176137,0.00175000
1997-08-04,1.0073,0.01377796,0.01377811,0.01368000
1997-08-05,1.0073,0.01106840,0.01106856,0.01099000
1997-08-06,1.0073,0.00481325,0.00481340,0.00478000
1997-08-07,1.0073,-0.00545085,-0.00545069,-0.00541000
1997-08-08,1.0073,-0.01824319,-0.01824303,-0.01811000
1997-08-11,1.0073,-0.01248160,-0.01248144,-0.01239000
1997-08-12,1.0073,-0.00949000,-0.00948985,-0.00942000
1997-08-13,1.0073,0.00770411,0.00770427,0.00765000
1997-08-14,1.0073,0.00406787,0.00406802,0.00404000
1997-08-15,1.0073,-0.02447820,-0.02447804,-0.02430000
1997-08-18,1.0073,0.01207567,0.01207583,0.01199000
1997-08-19,1.0073,0.02925972,0.02925987,0.02905000
1997-08-20,1.0073,0.02148358,0.02148374,0.02133000
1997-08-21,1.0073,-0.02315867,-0.02315852,-0.02299000
1997-08-22,1.0073,-0.00701212,-0.00701196,-0.00696000
1997-08-25,1.0073,-0.00284201,-0.00284186,-0.00282000
1997-08-26,1.0073,-0.01319676,-0.01319661,-0.01310000
1997-08-27,1.0073,-0.00119009,-0.00118993,-0.00118000
1997-08-28,1.0073,-0.01964330,-0.01964314,-0.01950000
1997-08-29,1.0073,0.00329227,0.00329242,0.00327000
1997-09-02,1.0073,0.02694299,0.02694315,0.02675000
1997-09-03,1.0073,-0.00208656,-0.00208641,-0.00207000
1997-09-04,1.0073,0.00494419,0.00494435,0.00491000
1997-09-05,1.0073,0.00487368,0.00487384,0.00484000
1997-09-08,1.0073,0.00607233,0.00607249,0.00603000
1997-09-09,1.0073,0.00804659,0.00804674,0.00799000
1997-09-10,1.0073,-0.02123479,-0.02123463,-0.02108000
1997-09-11,1.0073,0.00195260,0.00195275,0.00194000
1997-09-12,1.0073,0.00094532,0.00094548,0.00094000
1997-09-15,1.0073,-0.02345078,-0.02345063,-0.02328000
1997-09-16,1.0073,0.03380251,0.03380266,0.03356000
1997-09-17,1.0073,-0.00709270,-0.00709254,-0.00704000
1997-09-18,1.0073,0.00062300,0.00062315,0.00062000
1997-09-19,1.0073,0.00855022,0.00855038,0.00849000
1997-09-22,1.0073,0.00450099,0.00450115,0.00447000
1997-09-23,1.0073,0.01023236,0.01023252,0.01016000
1997-09-24,1.0073,-0.01698410,-0.01698395,-0.01686000
1997-09-25,1.0073,-0.00846259,-0.00846243,-0.00840000
1997-09-26,1.0073,0.00033089,0.00033105,0.00033000
1997-09-29,1.0073,0.01089716,0.01089732,0.01082000
1997-09-30,1.0073,-0.01943177,-0.01943161,-0.01929000
1997-10-01,1.0073,0.00452114,0.00452129,0.00449000
1997-10-02,1.0073,0.00987982,0.00987998,0.00981000
1997-10-03,1.0073,0.01052447,0.01052463,0.01045000
1997-10-06,1.0073,0.00135831,0.00135846,0.00135000
1997-10-07,1.0073,0.01327432,0.01327448,0.01318000
1997-10-08,1.0073,0.00408801,0.00408817,0.00406000
1997-10-09,1.0073,0.00254689,0.00254704,0.00253000
1997-10-10,1.0073,-0.00913746,-0.00913730,-0.00907000
1997-10-13,1.0073,0.00242601,0.00242617,0.00241000
1997-10-14,1.0073,-0.00796902,-0.00796887,-0.00791000
1997-10-15,1.0073,-0.01098077,-0.01098061,-0.01090000
1997-10-16,1.0073,-0.01769926,-0.01769911,-0.01757000
1997-10-17,1.0073,-0.02220177,-0.02220161,-0.02204000
1997-10-20,1.0073,0.01232749,0.01232764,0.01224000
1997-10-21,1.0073,0.02066769,0.02066785,0.02052000
1997-10-22,1.0073,-0.01071887,-0.01071872,-0.01064000
1997-10-23,1.0073,-0.02203053,-0.02203037,-0.02187000
1997-10-24,1.0073,-0.01619843,-0.01619827,-0.01608000
1997-10-27,1.0073,-0.07543604,-0.07543589,-0.07489000
1997-10-28,1.0073,0.07080965,0.07080980,0.07030000
1997-10-29,1.0073,-0.01644017,-0.01644002,-0.01632000
1997-10-30,1.0073,-0.02840656,-0.02840640,-0.02820000
1997-10-31,1.0073,0.01906613,0.01906629,0.01893000
1997-11-03,1.0073,0.03075048,0.03075063,0.03053000
1997-11-04,1.0073,-0.00295281,-0.00295266,-0.00293000
1997-11-05,1.0073,-0.00064616,-0.00064601,-0.00064000
1997-11-06,1.0073,-0.01223985,-0.01223970,-0.01215000
1997-11-07,1.0073,-0.00567245,-0.00567229,-0.00563000
1997-11-10,1.0073,-0.01640996,-0.01640980,-0.01629000
1997-11-11,1.0073,-0.00055551,-0.00055535,-0.00055000
1997-11-12,1.0073,-0.03070313,-0.03070298,-0.03048000
1997-11-13,1.0073,0.02584507,0.02584522,0.02566000
1997-11-14,1.0073,0.02267216,0.02267232,0.02251000
1997-11-17,1.0073,0.02143322,0.02143337,0.02128000
1997-11-18,1.0073,-0.01282407,-0.01282392,-0.01273000
1997-11-19,1.0073,0.00275841,0.00275857,0.00274000
1997-11-20,1.0073,0.02267216,0.02267232,0.02251000
1997-11-21,1.0073,-0.00557172,-0.00557156,-0.00553000
1997-11-24,1.0073,-0.02511278,-0.02511262,-0.02493000
1997-11-25,1.0073,0.00768397,0.00768412,0.00763000
1997-11-26,1.0073,0.00602197,0.00602213,0.00598000
1997-11-28,1.0073,0.00607233,0.00607249,0.00603000
1997-12-01,1.0073,0.02755743,0.02755758,0.02736000
1997-12-02,1.0073,-0.02532431,-0.02532415,-0.02514000
1997-12-03,1.0073,0.00916466,0.00916481,0.00910000
1997-12-04,1.0073,-0.00838201,-0.00838185,-0.00832000
1997-12-05,1.0073,0.01677963,0.01677978,0.01666000
1997-12-08,1.0073,0.01192458,0.01192474,0.01184000
1997-12-09,1.0073,-0.02997790,-0.02997774,-0.02976000
1997-12-10,1.0073,-0.01671214,-0.01671198,-0.01659000
1997-12-11,1.0073,-0.03052182,-0.03052167,-0.03030000
1997-12-12,1.0073,-0.02349107,-0.02349092,-0.02332000
1997-12-15,1.0073,0.00608241,0.00608256,0.00604000
1997-12-16,1.0073,0.01325418,0.01325433,0.01316000
1997-12-17,1.0073,-0.01379105,-0.01379090,-0.01369000
1997-12-18,1.0073,-0.01724599,-0.01724584,-0.01712000
1997-12-19,1.0073,0.00328219,0.00328235,0.00326000
1997-12-22,1.0073,0.00601190,0.00601205,0.00597000
1997-12-23,1.0073,-0.02692587,-0.02692571,-0.02673000
1997-12-24,1.0073,-0.01120236,-0.01120221,-0.01112000
1997-12-26,1.0073,0.01619541,0.01619556,0.01608000
1997-12-29,1.0073,0.02584507,0.02584522,0.02566000
1997-12-30,1.0073,0.02053675,0.02053690,0.02039000
1997-12-31,1.0073,-0.00767692,-0.00767676,-0.00762000
1998-01-02,1.0073,0.01770632,0.01770647,0.01758000
1998-01-05,1.0073,0.00920495,0.00920510,0.00914000
1998-01-06,1.0073,-0.01100091,-0.01100075,-0.01092000
1998-01-07,1.0073,-0.01509043,-0.01509028,-0.01498000
1998-01-08,1.0073,0.00343328,0.00343344,0.00341000
1998-01-09,1.0073,-0.03883181,-0.03883166,-0.03855000
1998-01-12,1.0073,0.01580257,0.01580273,0.01569000
1998-01-13,1.0073,0.02478743,0.02478759,0.02461000
1998-01-14,1.0073,0.00135831,0.00135846,0.00135000
1998-01-15,1.0073,-0.00077711,-0.00077695,-0.00077000
1998-01-16,1.0073,0.01043382,0.01043397,0.01036000
1998-01-20,1.0073,0.02106053,0.02106068,0.02091000
1998-01-21,1.0073,-0.00033391,-0.00033375,-0.00033000
1998-01-22,1.0073,-0.00575303,-0.00575287,-0.00571000
1998-01-23,1.0073,0.00381605,0.00381620,0.00379000
1998-01-26,1.0073,-0.00790859,-0.00790843,-0.00785000
1998-01-27,1.0073,0.01920715,0.01920731,0.01907000
1998-01-28,1.0073,0.02671132,0.02671148,0.02652000
1998-01-29,1.0073,0.00551834,0.00551849,0.00548000
1998-01-30,1.0073,0.00203318,0.00203333,0.00202000
1998-02-02,1.0073,0.02810135,0.02810151,0.02790000
1998-02-03,1.0073,0.00941647,0.00941663,0.00935000
1998-02-04,1.0073,0.01196487,0.01196503,0.01188000
1998-02-05,1.0073,-0.00856331,-0.00856316,-0.00850000
1998-02-06,1.0073,0.01760559,0.01760574,0.01748000
1998-02-09,1.0073,-0.01027568,-0.01027552,-0.01020000
1998-02-10,1.0073,0.01533923,0.01533938,0.01523000
1998-02-11,1.0073,-0.00084762,-0.00084746,-0.00084000
1998-02-12,1.0073,0.00531688,0.00531704,0.00528000
1998-02-13,1.0073,-0.00711284,-0.00711269,-0.00706000
1998-02-17,1.0073,-0.00712292,-0.00712276,-0.00707000
1998-02-18,1.0073,0.01082665,0.01082681,0.01075000
1998-02-19,1.0073,0.01416072,0.01416088,0.01406000
1998-02-20,1.0073,0.00261739,0.00261755,0.00260000
1998-02-23,1.0073,0.02243042,0.02243057,0.02227000
1998-02-24,1.0073,-0.01113186,-0.01113170,-0.01105000
1998-02-25,1.0073,0.02407227,0.02407242,0.02390000
1998-02-26,1.0073,0.00554855,0.00554871,0.00551000
1998-02-27,1.0073,-0.01068866,-0.01068850,-0.01061000
1998-03-02,1.0073,-0.01393207,-0.01393191,-0.01383000
1998-03-03,1.0073,-0.00157285,-0.00157270,-0.00156000
1998-03-04,1.0073,0.00357430,0.00357446,0.00355000
1998-03-05,1.0073,-0.04525820,-0.04525805,-0.04493000
1998-03-06,1.0073,0.03245276,0.03245292,0.03222000
1998-03-09,1.0073,-0.03005848,-0.03005832,-0.02984000
1998-03-10,1.0073,0.01808908,0.01808923,0.01796000
1998-03-11,1.0073,0.00463194,0.00463209,0.00460000
1998-03-12,1.0073,0.00822789,0.00822805,0.00817000
1998-03-13,1.0073,0.00523630,0.00523646,0.00520000
1998-03-16,1.0073,0.00939633,0.00939649,0.00933000
1998-03-17,1.0073,-0.01045698,-0.01045683,-0.01038000
1998-03-18,1.0073,0.00788542,0.00788558,0.00783000
1998-03-19,1.0073,0.00785520,0.00785536,0.00780000
1998-03-20,1.0073,-0.01418389,-0.01418373,-0.01408000
1998-03-23,1.0073,0.00841928,0.00841943,0.00836000
1998-03-24,1.0073,0.01593352,0.01593367,0.01582000
1998-03-25,1.0073,0.01432188,0.01432204,0.01422000
1998-03-26,1.0073,0.00260732,0.00260748,0.00259000
1998-03-27,1.0073,-0.00518896,-0.00518880,-0.00515000
1998-03-30,1.0073,-0.00413132,-0.00413117,-0.00410000
1998-03-31,1.0073,0.01172313,0.01172328,0.01164000
1998-04-01,1.0073,0.00641481,0.00641496,0.00637000
1998-04-02,1.0073,0.00146911,0.00146926,0.00146000
1998-04-03,1.0073,0.00286921,0.00286937,0.00285000
1998-04-06,1.0073,-0.02307809,-0.02307794,-0.02291000
1998-04-07,1.0073,-0.01940155,-0.01940140,-0.01926000
1998-04-08,1.0073,0.00763360,0.00763376,0.00758000
1998-04-09,1.0073,0.00496434,0.00496449,0.00493000
1998-04-13,1.0073,0.00513557,0.00513573,0.00510000
1998-04-14,1.0073,0.00852000,0.00852016,0.00846000
1998-04-15,1.0073,0.01516799,0.01516815,0.01506000
1998-04-16,1.0073,-0.00311398,-0.00311382,-0.00309000
1998-04-17,1.0073,0.00307067,0.00307082,0.00305000
1998-04-20,1.0073,0.01790777,0.01790793,0.01778000
1998-04-21,1.0073,0.01335490,0.01335506,0.01326000
1998-04-22,1.0073,0.01684006,0.01684022,0.01672000
1998-04-23,1.0073,-0.02519336,-0.02519320,-0.02501000
1998-04-24,1.0073,-0.00673008,-0.00672993,-0.00668000
1998-04-27,1.0073,-0.02422638,-0.02422622,-0.02405000
1998-04-28,1.0073,0.00204325,0.00204341,0.00203000
1998-04-29,1.0073,0.01408014,0.01408030,0.01398000
1998-04-30,1.0073,0.00697888,0.00697903,0.00693000
1998-05-01,1.0073,0.00277856,0.00277871,0.00276000
1998-05-04,1.0073,0.00347358,0.00347373,0.00345000
1998-05-05,1.0073,-0.00683081,-0.00683065,-0.00678000
1998-05-06,1.0073,-0.00403059,-0.00403044,-0.00400000
1998-05-07,1.0073,-0.01584588,-0.01584573,-0.01573000
1998-05-08,1.0073,0.02584507,0.02584522,0.02566000
1998-05-11,1.0073,-0.01312625,-0.01312610,-0.01303000
1998-05-12,1.0073,0.01527879,0.01527895,0.01517000
1998-05-13,1.0073,0.00536724,0.00536740,0.00533000
1998-05-14,1.0073,0.00246630,0.00246646,0.00245000
1998-05-15,1.0073,-0.01322698,-0.01322682,-0.01313000
1998-05-18,1.0073,-0.00561201,-0.00561185,-0.00557000
1998-05-19,1.0073,0.01063527,0.01063543,0.01056000
1998-05-20,1.0073,-0.01428461,-0.01428446,-0.01418000
1998-05-21,1.0073,-0.01141389,-0.01141374,-0.01133000
1998-05-22,1.0073,-0.00785822,-0.00785807,-0.00780000
1998-05-26,1.0073,-0.01160527,-0.01160512,-0.01152000
1998-05-27,1.0073,0.00786528,0.00786543,0.00781000
1998-05-28,1.0073,0.00449092,0.00449107,0.00446000
1998-05-29,1.0073,-0.01884755,-0.01884740,-0.01871000
1998-06-01,1.0073,-0.02238307,-0.02238292,-0.02222000
1998-06-02,1.0073,0.01869344,0.01869360,0.01856000
1998-06-03,1.0073,-0.01963322,-0.01963307,-0.01949000
1998-06-04,1.0073,0.02703365,0.02703380,0.02684000
1998-06-05,1.0073,0.00971866,0.00971881,0.00965000
1998-06-08,1.0073,0.00029060,0.00029075,0.00029000
1998-06-09,1.0073,0.01375781,0.01375797,0.01366000
1998-06-10,1.0073,-0.01987497,-0.01987481,-0.01973000
1998-06-11,1.0073,-0.01190745,-0.01190730,-0.01182000
1998-06-12,1.0073,0.00162020,0.00162035,0.00161000
1998-06-15,1.0073,-0.01136353,-0.01136337,-0.01128000
1998-06-16,1.0073,0.03205993,0.03206008,0.03183000
1998-06-17,1.0073,0.01098782,0.01098797,0.01091000
1998-06-18,1.0073,0.00269798,0.00269813,0.00268000
1998-06-19,1.0073,0.01018200,0.01018216,0.01011000
1998-06-22,1.0073,0.01970071,0.01970087,0.01956000
1998-06-23,1.0073,0.03066989,0.03067005,0.03045000
1998-06-24,1.0073,0.02226925,0.02226941,0.02211000
1998-06-25,1.0073,-0.01492927,-0.01492911,-0.01482000
1998-06-26,1.0073,0.00735157,0.00735172,0.00730000
1998-06-29,1.0073,0.01433196,0.01433211,0.01423000
1998-06-30,1.0073,-0.00176423,-0.00176408,-0.00175000
1998-07-01,1.0073,0.01418087,0.01418102,0.01408000
1998-07-02,1.0073,-0.01751795,-0.01751780,-0.01739000
1998-07-06,1.0073,0.00762353,0.00762369,0.00757000
1998-07-07,1.0073,0.00282892,0.00282908,0.00281000
1998-07-08,1.0073,0.02360892,0.02360908,0.02344000
1998-07-09,1.0073,0.00395707,0.00395722,0.00393000
1998-07-10,1.0073,0.00577015,0.00577031,0.00573000
1998-07-13,1.0073,0.02136271,0.02136287,0.02121000
1998-07-14,1.0073,-0.00171387,-0.00171372,-0.00170000
1998-07-15,1.0073,0.02235991,0.02236006,0.02220000
1998-07-16,1.0073,0.00213390,0.00213406,0.00212000
1998-07-17,1.0073,0.00789550,0.00789565,0.00784000
1998-07-20,1.0073,0.00134823,0.00134839,0.00134000
1998-07-21,1.0073,-0.02333998,-0.02333983,-0.02317000
1998-07-22,1.0073,-0.00089798,-0.00089783,-0.00089000
1998-07-23,1.0073,-0.01742730,-0.01742714,-0.01730000
1998-07-24,1.0073,0.00203318,0.00203333,0.00202000
1998-07-27,1.0073,0.01273040,0.01273055,0.01264000
1998-07-28,1.0073,-0.02333998,-0.02333983,-0.02317000
1998-07-29,1.0073,-0.00952022,-0.00952007,-0.00945000
1998-07-30,1.0073,0.03065982,0.03065998,0.03044000
1998-07-31,1.0073,-0.03170033,-0.03170018,-0.03147000
1998-08-03,1.0073,-0.00642790,-0.00642774,-0.00638000
1998-08-04,1.0073,-0.03766338,-0.03766322,-0.03739000
1998-08-05,1.0073,0.00969851,0.00969867,0.00963000
1998-08-06,1.0073,0.02726532,0.02726547,0.02707000
1998-08-07,1.0073,-0.00130089,-0.00130073,-0.00129000
1998-08-10,1.0073,-0.00085769,-0.00085753,-0.00085000
1998-08-11,1.0073,-0.02418609,-0.02418593,-0.02401000
1998-08-12,1.0073,0.01860279,0.01860294,0.01847000
1998-08-13,1.0073,-0.01207869,-0.01207853,-0.01199000
1998-08-14,1.0073,-0.00626674,-0.00626658,-0.00622000
1998-08-17,1.0073,0.02861506,0.02861522,0.02841000
1998-08-18,1.0073,0.02465649,0.02465664,0.02448000
1998-08-19,1.0073,-0.00211678,-0.00211662,-0.00210000
1998-08-20,1.0073,-0.00002166,-0.00002150,-0.00002000
1998-08-21,1.0073,-0.01685316,-0.01685300,-0.01673000
1998-08-24,1.0073,-0.00280172,-0.00280157,-0.00278000
1998-08-25,1.0073,0.01283112,0.01283128,0.01274000
1998-08-26,1.0073,-0.01035626,-0.01035610,-0.01028000
1998-08-27,1.0073,-0.04581220,-0.04581204,-0.04548000
1998-08-28,1.0073,-0.03567905,-0.03567890,-0.03542000
1998-08-31,1.0073,-0.09926808,-0.09926792,-0.09855000
1998-09-01,1.0073,0.06602511,0.06602527,0.06555000
1998-09-02,1.0073,0.00530681,0.00530696,0.00527000
1998-09-03,1.0073,-0.01026560,-0.01026545,-0.01019000
1998-09-04,1.0073,-0.00293267,-0.00293251,-0.00291000
1998-09-08,1.0073,0.06775762,0.06775777,0.06727000
1998-09-09,1.0073,-0.01932097,-0.01932081,-0.01918000
1998-09-10,1.0073,-0.02105348,-0.02105332,-0.02090000
1998-09-11,1.0073,0.04473140,0.04473156,0.04441000
1998-09-14,1.0073,0.01410029,0.01410044,0.01400000
1998-09-15,1.0073,0.01230734,0.01230750,0.01222000
1998-09-16,1.0073,0.00554855,0.00554871,0.00551000
1998-09-17,1.0073,-0.02997790,-0.02997774,-0.02976000
1998-09-18,1.0073,0.00696881,0.00696896,0.00692000
1998-09-21,1.0073,0.02092958,0.02092974,0.02078000
1998-09-22,1.0073,0.00646517,0.00646533,0.00642000
1998-09-23,1.0073,0.04409682,0.04409697,0.04378000
1998-09-24,1.0073,-0.02756045,-0.02756029,-0.02736000
1998-09-25,1.0073,0.02499896,0.02499911,0.02482000
1998-09-28,1.0073,-0.00493714,-0.00493698,-0.00490000
1998-09-29,1.0073,0.00121729,0.00121744,0.00121000
1998-09-30,1.0073,-0.02863823,-0.02863807,-0.02843000
1998-10-01,1.0073,-0.05368906,-0.05368890,-0.05330000
1998-10-02,1.0073,0.00215405,0.00215421,0.00214000
1998-10-05,1.0073,-0.05423299,-0.05423283,-0.05384000
1998-10-06,0.0000,-0.00029364,-0.00029364,-0.01889000
1998-10-07,0.0000,0.00021000,0.00021000,-0.02846000
1998-10-08,0.0000,0.00021000,0.00021000,-0.01927000
1998-10-09,0.0000,0.00021000,0.00021000,0.06114000
1998-10-12,0.0000,0.00021000,0.00021000,0.03803000
1998-10-13,0.0000,0.00021000,0.00021000,-0.02933000
1998-10-14,0.0000,0.00021000,0.00021000,0.02386000
1998-10-15,0.0000,0.00021000,0.00021000,0.05181000
1998-10-16,0.0000,0.00021000,0.00021000,-0.00440000
1998-10-19,0.0000,0.00021000,0.00021000,0.01259000
1998-10-20,0.0000,0.00021000,0.00021000,-0.02054000
1998-10-21,0.0000,0.00021000,0.00021000,0.03807000
1998-10-22,0.0000,0.00021000,0.00021000,0.01740000
1998-10-23,0.0000,0.00021000,0.00021000,-0.01074000
1998-10-26,0.0000,0.00021000,0.00021000,0.02116000
1998-10-27,0.0000,0.00021000,0.00021000,-0.01136000
1998-10-28,0.0000,0.00021000,0.00021000,0.01969000
1998-10-29,0.0000,0.00021000,0.00021000,0.01186000
1998-10-30,0.0000,0.00021000,0.00021000,0.00305000
1998-11-02,0.0000,0.00021000,0.00021000,0.01307000
1998-11-03,0.0000,0.00021000,0.00021000,-0.01200000
1998-11-04,1.0000,0.02255000,0.02255000,0.02305000
1998-11-05,1.0000,0.00563000,0.00563000,0.00563000
1998-11-06,1.0000,0.01133000,0.01133000,0.01133000
1998-11-09,1.0000,0.00639000,0.00639000,0.00639000
1998-11-10,1.0000,0.00674000,0.00674000,0.00674000
1998-11-11,1.0000,0.00221000,0.00221000,0.00221000
1998-11-12,1.0000,-0.00955000,-0.00955000,-0.00955000
1998-11-13,1.0000,-0.00088000,-0.00088000,-0.00088000
1998-11-16,1.0000,0.00711000,0.00711000,0.00711000
1998-11-17,1.0000,0.01558000,0.01558000,0.01558000
1998-11-18,1.0000,0.01093000,0.01093000,0.01093000
1998-11-19,1.0000,0.01492000,0.01492000,0.01492000
1998-11-20,1.0000,0.00443000,0.00443000,0.00443000
1998-11-23,1.0000,0.02906000,0.02906000,0.02906000
1998-11-24,1.0000,-0.00516000,-0.00516000,-0.00516000
1998-11-25,1.0000,0.01119000,0.01119000,0.01119000
1998-11-27,1.0000,0.01871000,0.01871000,0.01871000
1998-11-30,1.0000,-0.04320000,-0.04320000,-0.04320000
1998-12-01,1.0000,0.04789000,0.04789000,0.04789000
1998-12-02,1.0000,-0.00821000,-0.00821000,-0.00821000
1998-12-03,1.0000,-0.02796000,-0.02796000,-0.02796000
1998-12-04,1.0000,0.03575000,0.03575000,0.03575000
1998-12-07,1.0000,0.02878000,0.02878000,0.02878000
1998-12-08,1.0000,-0.00518000,-0.00518000,-0.00518000
1998-12-09,1.0000,0.01035000,0.01035000,0.01035000
1998-12-10,1.0000,-0.01933000,-0.01933000,-0.01933000
1998-12-11,1.0000,0.01349000,0.01349000,0.01349000
1998-12-14,1.0000,-0.03635000,-0.03635000,-0.03635000
1998-12-15,1.0000,0.03081000,0.03081000,0.03081000
1998-12-16,1.0000,-0.00448000,-0.00448000,-0.00448000
1998-12-17,1.0000,0.02016000,0.02016000,0.02016000
1998-12-18,1.0000,0.02688000,0.02688000,0.02688000
1998-12-21,1.0000,0.03017000,0.03017000,0.03017000
1998-12-22,1.0000,-0.01088000,-0.01088000,-0.01088000
1998-12-23,1.0000,0.02895000,0.02895000,0.02895000
1998-12-24,1.0000,-0.00708000,-0.00708000,-0.00708000
1998-12-28,1.0000,0.00996000,0.00996000,0.00996000
1998-12-29,1.0000,-0.00035000,-0.00035000,-0.00035000
1998-12-30,1.0000,-0.00674000,-0.00674000,-0.00674000
1998-12-31,1.0000,0.01385000,0.01385000,0.01385000
1999-01-04,1.0000,0.01003000,0.01003000,0.01003000
1999-01-05,1.0000,0.02624000,0.02624000,0.02624000
1999-01-06,1.0000,0.03205000,0.03205000,0.03205000
1999-01-07,1.0000,0.00125000,0.00125000,0.00125000
1999-01-08,1.0000,0.00374000,0.00374000,0.00374000
1999-01-11,1.0000,0.01346000,0.01346000,0.01346000
1999-01-12,1.0000,-0.03052000,-0.03052000,-0.03052000
1999-01-13,1.0000,0.00499000,0.00499000,0.00499000
1999-01-14,1.0000,-0.02183000,-0.02183000,-0.02183000
1999-01-15,1.0000,0.03963000,0.03963000,0.03963000
1999-01-19,1.0000,0.02631000,0.02631000,0.02631000
1999-01-20,1.0000,0.00002000,0.00002000,0.00002000
1999-01-21,1.0000,-0.03535000,-0.03535000,-0.03535000
1999-01-22,1.0000,0.00127000,0.00127000,0.00127000
1999-01-25,1.0000,0.01680000,0.01680000,0.01680000
1999-01-26,1.0000,0.03259000,0.03259000,0.03259000
1999-01-27,1.0000,-0.01542000,-0.01542000,-0.01542000
1999-01-28,1.0000,0.03658000,0.03658000,0.03658000
1999-01-29,1.0000,0.01076000,0.01076000,0.01076000
1999-02-01,1.0000,0.00178000,0.00178000,0.00178000
1999-02-02,1.0000,-0.02449000,-0.02449000,-0.02449000
1999-02-03,1.0000,0.01987000,0.01987000,0.01987000
1999-02-04,1.0000,-0.04351000,-0.04351000,-0.04351000
1999-02-05,1.0000,-0.01926000,-0.01926000,-0.01926000
1999-02-08,1.0000,0.02299000,0.02299000,0.02299000
1999-02-09,1.0000,-0.04858000,-0.04858000,-0.04858000
1999-02-10,1.0000,0.00460000,0.00460000,0.00460000
1999-02-11,1.0000,0.05172000,0.05172000,0.05172000
1999-02-12,1.0000,-0.04208000,-0.04208000,-0.04208000
1999-02-16,1.0000,-0.00207000,-0.00207000,-0.00207000
1999-02-17,1.0000,-0.03227000,-0.03227000,-0.03227000
1999-02-18,1.0000,0.00781000,0.00781000,0.00781000
1999-02-19,1.0000,0.01340000,0.01340000,0.01340000
1999-02-22,1.0000,0.03338000,0.03338000,0.03338000
1999-02-23,1.0000,0.01616000,0.01616000,0.01616000
1999-02-24,1.0000,-0.01925000,-0.01925000,-0.01925000
1999-02-25,1.0000,-0.00739000,-0.00739000,-0.00739000
1999-02-26,1.0000,-0.02485000,-0.02485000,-0.02485000
1999-03-01,1.0000,0.00647000,0.00647000,0.00647000
1999-03-02,1.0000,-0.02528000,-0.02528000,-0.02528000
1999-03-03,1.0000,0.00593000,0.00593000,0.00593000
1999-03-04,1.0000,0.01751000,0.01751000,0.01751000
1999-03-05,1.0000,0.01908000,0.01908000,0.01908000
1999-03-08,1.0000,0.03260000,0.03260000,0.03260000
1999-03-09,1.0000,-0.00267000,-0.00267000,-0.00267000
1999-03-10,1.0000,0.00492000,0.00492000,0.00492000
1999-03-11,1.0000,0.00260000,0.00260000,0.00260000
1999-03-12,1.0000,-0.01700000,-0.01700000,-0.01700000
1999-03-15,1.0000,0.02560000,0.02560000,0.02560000
1999-03-16,1.0000,0.00632000,0.00632000,0.00632000
1999-03-17,1.0000,-0.00423000,-0.00423000,-0.00423000
1999-03-18,1.0000,0.01856000,0.01856000,0.01856000
1999-03-19,1.0000,-0.02332000,-0.02332000,-0.02332000
1999-03-22,1.0000,-0.01290000,-0.01290000,-0.01290000
1999-03-23,1.0000,-0.03245000,-0.03245000,-0.03245000
1999-03-24,1.0000,0.02666000,0.02666000,0.02666000
1999-03-25,1.0000,0.03469000,0.03469000,0.03469000
1999-03-26,1.0000,-0.00768000,-0.00768000,-0.00768000
1999-03-29,1.0000,0.03744000,0.03744000,0.03744000
1999-03-30,1.0000,-0.00882000,-0.00882000,-0.00882000
1999-03-31,1.0000,-0.00906000,-0.00906000,-0.00906000
1999-04-01,1.0000,0.01889000,0.01889000,0.01889000
1999-04-05,1.0000,0.03428000,0.03428000,0.03428000
1999-04-06,1.0000,-0.00034000,-0.00034000,-0.00034000
1999-04-07,1.0000,-0.01194000,-0.01194000,-0.01194000
1999-04-08,1.0000,0.01483000,0.01483000,0.01483000
1999-04-09,1.0000,0.00349000,0.00349000,0.00349000
1999-04-12,1.0000,-0.00592000,-0.00592000,-0.00592000
1999-04-13,1.0000,-0.01982000,-0.01982000,-0.01982000
1999-04-14,1.0000,-0.03287000,-0.03287000,-0.03287000
1999-04-15,1.0000,0.01532000,0.01532000,0.01532000
1999-04-16,1.0000,-0.02308000,-0.02308000,-0.02308000
1999-04-19,1.0000,-0.05695000,-0.05695000,-0.05695000
1999-04-20,1.0000,0.03189000,0.03189000,0.03189000
1999-04-21,1.0000,0.03723000,0.03723000,0.03723000
1999-04-22,1.0000,0.03691000,0.03691000,0.03691000
1999-04-23,1.0000,0.01237000,0.01237000,0.01237000
1999-04-26,1.0000,0.02274000,0.02274000,0.02274000
1999-04-27,1.0000,-0.02370000,-0.02370000,-0.02370000
1999-04-28,1.0000,-0.02562000,-0.02562000,-0.02562000
1999-04-29,1.0000,-0.01446000,-0.01446000,-0.01446000
1999-04-30,1.0000,0.00809000,0.00809000,0.00809000
1999-05-03,1.0000,0.00075000,0.00075000,0.00075000
1999-05-04,1.0000,-0.01887000,-0.01887000,-0.01887000
1999-05-05,1.0000,0.02778000,0.02778000,0.02778000
1999-05-06,1.0000,-0.03576000,-0.03576000,-0.03576000
1999-05-07,1.0000,0.01883000,0.01883000,0.01883000
1999-05-10,1.0000,0.00806000,0.00806000,0.00806000
1999-05-11,1.0000,0.01928000,0.01928000,0.01928000
1999-05-12,1.0000,0.01925000,0.01925000,0.01925000
1999-05-13,1.0000,-0.01738000,-0.01738000,-0.01738000
1999-05-14,1.0000,-0.02473000,-0.02473000,-0.02473000
1999-05-17,1.0000,0.02383000,0.02383000,0.02383000
1999-05-18,1.0000,-0.00755000,-0.00755000,-0.00755000
1999-05-19,1.0000,0.01250000,0.01250000,0.01250000
1999-05-20,1.0000,-0.02113000,-0.02113000,-0.02113000
1999-05-21,1.0000,-0.01192000,-0.01192000,-0.01192000
1999-05-24,1.0000,-0.02543000,-0.02543000,-0.02543000
1999-05-25,1.0000,-0.02985000,-0.02985000,-0.02985000
1999-05-26,1.0000,0.02704000,0.02704000,0.02704000
1999-05-27,1.0000,-0.00141000,-0.00141000,-0.00141000
1999-05-28,1.0000,0.01934000,0.01934000,0.01934000
1999-06-01,1.0000,-0.03056000,-0.03056000,-0.03056000
1999-06-02,1.0000,0.02409000,0.02409000,0.02409000
1999-06-03,1.0000,-0.02125000,-0.02125000,-0.02125000
1999-06-04,1.0000,0.03894000,0.03894000,0.03894000
1999-06-07,1.0000,0.02054000,0.02054000,0.02054000
1999-06-08,1.0000,-0.03061000,-0.03061000,-0.03061000
1999-06-09,1.0000,0.02338000,0.02338000,0.02338000
1999-06-10,1.0000,-0.01763000,-0.01763000,-0.01763000
1999-06-11,1.0000,-0.01690000,-0.01690000,-0.01690000
1999-06-14,1.0000,-0.01616000,-0.01616000,-0.01616000
1999-06-15,1.0000,0.01444000,0.01444000,0.01444000
1999-06-16,1.0000,0.05314000,0.05314000,0.05314000
1999-06-17,1.0000,0.01079000,0.01079000,0.01079000
1999-06-18,1.0000,0.00670000,0.00670000,0.00670000
1999-06-21,1.0000,0.02868000,0.02868000,0.02868000
1999-06-22,1.0000,-0.02588000,-0.02588000,-0.02588000
1999-06-23,1.0000,0.01335000,0.01335000,0.01335000
1999-06-24,1.0000,-0.02430000,-0.02430000,-0.02430000
1999-06-25,1.0000,0.00043000,0.00043000,0.00043000
1999-06-28,1.0000,0.02664000,0.02664000,0.02664000
1999-06-29,1.0000,0.01612000,0.01612000,0.01612000
1999-06-30,1.0000,0.00735000,0.00735000,0.00735000
1999-07-01,1.0000,0.01115000,0.01115000,0.01115000
1999-07-02,1.0000,0.01103000,0.01103000,0.01103000
1999-07-06,1.0000,-0.00728000,-0.00728000,-0.00728000
1999-07-07,1.0000,0.00429000,0.00429000,0.00429000
1999-07-08,1.0000,0.01451000,0.01451000,0.01451000
1999-07-09,1.0000,0.00779000,0.00779000,0.00779000
1999-07-12,1.0000,-0.00365000,-0.00365000,-0.00365000
1999-07-13,1.0000,-0.00441000,-0.00441000,-0.00441000
1999-07-14,1.0000,0.01830000,0.01830000,0.01830000
1999-07-15,1.0000,0.00508000,0.00508000,0.00508000
1999-07-16,1.0000,0.01246000,0.01246000,0.01246000
1999-07-19,1.0000,-0.01415000,-0.01415000,-0.01415000
1999-07-20,1.0000,-0.03928000,-0.03928000,-0.03928000
1999-07-21,1.0000,0.01475000,0.01475000,0.01475000
1999-07-22,1.0000,-0.03455000,-0.03455000,-0.03455000
1999-07-23,1.0000,0.00883000,0.00883000,0.00883000
1999-07-26,1.0000,-0.02974000,-0.02974000,-0.02974000
1999-07-27,1.0000,0.03372000,0.03372000,0.03372000
1999-07-28,1.0000,0.01085000,0.01085000,0.01085000
1999-07-29,1.0000,-0.03028000,-0.03028000,-0.03028000
1999-07-30,1.0000,0.00350000,0.00350000,0.00350000
1999-08-02,1.0000,-0.00267000,-0.00267000,-0.00267000
1999-08-03,1.0000,-0.01129000,-0.01129000,-0.01129000
1999-08-04,1.0000,-0.01554000,-0.01554000,-0.01554000
1999-08-05,1.0000,0.01268000,0.01268000,0.01268000
1999-08-06,1.0000,-0.00897000,-0.00897000,-0.00897000
1999-08-09,1.0000,-0.01107000,-0.01107000,-0.01107000
1999-08-10,1.0000,-0.01087000,-0.01087000,-0.01087000
1999-08-11,1.0000,0.03609000,0.03609000,0.03609000
1999-08-12,1.0000,-0.01223000,-0.01223000,-0.01223000
1999-08-13,1.0000,0.04190000,0.04190000,0.04190000
1999-08-16,1.0000,0.00263000,0.00263000,0.00263000
1999-08-17,1.0000,0.01052000,0.01052000,0.01052000
1999-08-18,1.0000,-0.00852000,-0.00852000,-0.00852000
1999-08-19,1.0000,-0.01663000,-0.01663000,-0.01663000
1999-08-20,1.0000,0.01594000,0.01594000,0.01594000
1999-08-23,1.0000,0.03061000,0.03061000,0.03061000
1999-08-24,1.0000,0.00797000,0.00797000,0.00797000
1999-08-25,1.0000,0.02335000,0.02335000,0.02335000
1999-08-26,1.0000,-0.01770000,-0.01770000,-0.01770000
1999-08-27,1.0000,-0.00607000,-0.00607000,-0.00607000
1999-08-30,1.0000,-0.01483000,-0.01483000,-0.01483000
1999-08-31,1.0000,0.01269000,0.01269000,0.01269000
1999-09-01,1.0000,0.00339000,0.00339000,0.00339000
1999-09-02,1.0000,-0.00511000,-0.00511000,-0.00511000
1999-09-03,1.0000,0.04771000,0.04771000,0.04771000
1999-09-07,1.0000,-0.00591000,-0.00591000,-0.00591000
1999-09-08,1.0000,-0.01489000,-0.01489000,-0.01489000
1999-09-09,1.0000,0.02073000,0.02073000,0.02073000
1999-09-10,1.0000,0.01164000,0.01164000,0.01164000
1999-09-13,1.0000,-0.02030000,-0.02030000,-0.02030000
1999-09-14,1.0000,0.01587000,0.01587000,0.01587000
1999-09-15,1.0000,-0.02351000,-0.02351000,-0.02351000
1999-09-16,1.0000,0.00156000,0.00156000,0.00156000
1999-09-17,1.0000,0.02841000,0.02841000,0.02841000
1999-09-20,1.0000,0.00337000,0.00337000,0.00337000
1999-09-21,1.0000,-0.02813000,-0.02813000,-0.02813000
1999-09-22,1.0000,0.01627000,0.01627000,0.01627000
1999-09-23,1.0000,-0.04408000,-0.04408000,-0.04408000
1999-09-24,1.0000,-0.00143000,-0.00143000,-0.00143000
1999-09-27,1.0000,0.01125000,0.01125000,0.01125000
1999-09-28,1.0000,0.00068000,0.00068000,0.00068000
1999-09-29,1.0000,-0.01206000,-0.01206000,-0.01206000
1999-09-30,1.0000,0.00383000,0.00383000,0.00383000
1999-10-01,1.0000,-0.00141000,-0.00141000,-0.00141000
1999-10-04,1.0000,0.02642000,0.02642000,0.02642000
1999-10-05,1.0000,0.00147000,0.00147000,0.00147000
1999-10-06,1.0000,0.02466000,0.02466000,0.02466000
1999-10-07,1.0000,-0.00013000,-0.00013000,-0.00013000
1999-10-08,1.0000,0.00925000,0.00925000,0.00925000
1999-10-11,1.0000,0.00923000,0.00923000,0.00923000
1999-10-12,1.0000,-0.02016000,-0.02016000,-0.02016000
1999-10-13,1.0000,-0.02860000,-0.02860000,-0.02860000
1999-10-14,1.0000,0.00675000,0.00675000,0.00675000
1999-10-15,1.0000,-0.02716000,-0.02716000,-0.02716000
1999-10-18,1.0000,-0.01732000,-0.01732000,-0.01732000
1999-10-19,1.0000,0.00008000,0.00008000,0.00008000
1999-10-20,1.0000,0.04407000,0.04407000,0.04407000
1999-10-21,1.0000,0.00442000,0.00442000,0.00442000
1999-10-22,1.0000,0.00356000,0.00356000,0.00356000
1999-10-25,1.0000,-0.00066000,-0.00066000,-0.00066000
1999-10-26,1.0000,-0.00714000,-0.00714000,-0.00714000
1999-10-27,1.0000,-0.00360000,-0.00360000,-0.00360000
1999-10-28,1.0000,0.03358000,0.03358000,0.03358000
1999-10-29,1.0000,0.03841000,0.03841000,0.03841000
1999-11-01,1.0000,-0.00797000,-0.00797000,-0.00797000
1999-11-02,1.0000,0.00409000,0.00409000,0.00409000
1999-11-03,1.0000,0.01743000,0.01743000,0.01743000
1999-11-04,1.0000,0.01139000,0.01139000,0.01139000
1999-11-05,1.0000,0.01948000,0.01948000,0.01948000
1999-11-08,1.0000,0.01112000,0.01112000,0.01112000
1999-11-09,1.0000,-0.00812000,-0.00812000,-0.00812000
1999-11-10,1.0000,0.01234000,0.01234000,0.01234000
1999-11-11,1.0000,0.01868000,0.01868000,0.01868000
1999-11-12,1.0000,0.01374000,0.01374000,0.01374000
1999-11-15,1.0000,-0.00449000,-0.00449000,-0.00449000
1999-11-16,1.0000,0.02241000,0.02241000,0.02241000
1999-11-17,1.0000,-0.00969000,-0.00969000,-0.00969000
1999-11-18,1.0000,0.03155000,0.03155000,0.03155000
1999-11-19,1.0000,0.00846000,0.00846000,0.00846000
1999-11-22,1.0000,0.00688000,0.00688000,0.00688000
1999-11-23,1.0000,-0.01632000,-0.01632000,-0.01632000
1999-11-24,1.0000,0.03627000,0.03627000,0.03627000
1999-11-26,1.0000,0.00263000,0.00263000,0.00263000
1999-11-29,1.0000,-0.01711000,-0.01711000,-0.01711000
1999-11-30,1.0000,-0.03149000,-0.03149000,-0.03149000
1999-12-01,1.0000,0.01033000,0.01033000,0.01033000
1999-12-02,1.0000,0.03712000,0.03712000,0.03712000
1999-12-03,1.0000,0.02058000,0.02058000,0.02058000
1999-12-06,1.0000,0.00592000,0.00592000,0.00592000
1999-12-07,1.0000,0.00441000,0.00441000,0.00441000
1999-12-08,1.0000,-0.01277000,-0.01277000,-0.01277000
1999-12-09,1.0000,0.00111000,0.00111000,0.00111000
1999-12-10,1.0000,0.01131000,0.01131000,0.01131000
1999-12-13,1.0000,0.01223000,0.01223000,0.01223000
1999-12-14,1.0000,-0.02313000,-0.02313000,-0.02313000
1999-12-15,1.0000,0.02272000,0.02272000,0.02272000
1999-12-16,1.0000,0.02877000,0.02877000,0.02877000
1999-12-17,1.0000,0.00829000,0.00829000,0.00829000
1999-12-20,1.0000,0.00900000,0.00900000,0.00900000
1999-12-21,1.0000,0.04089000,0.04089000,0.04089000
1999-12-22,1.0000,0.00959000,0.00959000,0.00959000
1999-12-23,1.0000,0.00788000,0.00788000,0.00788000
1999-12-27,1.0000,0.00232000,0.00232000,0.00232000
1999-12-28,1.0000,-0.00513000,-0.00513000,-0.00513000
1999-12-29,1.0000,0.03068000,0.03068000,0.03068000
1999-12-30,1.0000,-0.00161000,-0.00161000,-0.00161000
1999-12-31,1.0000,0.00658000,0.00658000,0.00658000
2000-01-03,1.0000,0.02233000,0.02233000,0.02233000
2000-01-04,1.0000,-0.06444000,-0.06444000,-0.06444000
2000-01-05,1.0000,-0.01094000,-0.01094000,-0.01094000
2000-01-06,1.0000,-0.04745000,-0.04745000,-0.04745000
2000-01-07,1.0000,0.05653000,0.05653000,0.05653000
2000-01-10,1.0000,0.05323000,0.05323000,0.05323000
2000-01-11,1.0000,-0.04653000,-0.04653000,-0.04653000
2000-01-12,1.0000,-0.01866000,-0.01866000,-0.01866000
2000-01-13,1.0000,0.03853000,0.03853000,0.03853000
2000-01-14,1.0000,0.02568000,0.02568000,0.02568000
2000-01-18,1.0000,0.01434000,0.01434000,0.01434000
2000-01-19,1.0000,0.00883000,0.00883000,0.00883000
2000-01-20,1.0000,0.01344000,0.01344000,0.01344000
2000-01-21,1.0000,0.00216000,0.00216000,0.00216000
2000-01-24,1.0000,-0.04907000,-0.04907000,-0.04907000
2000-01-25,1.0000,0.02683000,0.02683000,0.02683000
2000-01-26,1.0000,-0.03666000,-0.03666000,-0.03666000
2000-01-27,1.0000,-0.00772000,-0.00772000,-0.00772000
2000-01-28,1.0000,-0.04089000,-0.04089000,-0.04089000
2000-01-31,1.0000,0.03598000,0.03598000,0.03598000
2000-02-01,1.0000,0.03692000,0.03692000,0.03692000
2000-02-02,1.0000,0.00615000,0.00615000,0.00615000
2000-02-03,1.0000,0.03404000,0.03404000,0.03404000
2000-02-04,1.0000,0.00605000,0.00605000,0.00605000
2000-02-07,1.0000,0.01524000,0.01524000,0.01524000
2000-02-08,1.0000,0.03293000,0.03293000,0.03293000
2000-02-09,1.0000,-0.02319000,-0.02319000,-0.02319000
2000-02-10,1.0000,0.03065000,0.03065000,0.03065000
2000-02-11,1.0000,-0.02959000,-0.02959000,-0.02959000
2000-02-14,1.0000,0.00437000,0.00437000,0.00437000
2000-02-15,1.0000,0.00276000,0.00276000,0.00276000
2000-02-16,1.0000,0.00026000,0.00026000,0.00026000
2000-02-17,1.0000,0.03189000,0.03189000,0.03189000
2000-02-18,1.0000,-0.03867000,-0.03867000,-0.03867000
2000-02-22,1.0000,0.00088000,0.00088000,0.00088000
2000-02-23,1.0000,0.05065000,0.05065000,0.05065000
2000-02-24,1.0000,0.01992000,0.01992000,0.01992000
2000-02-25,1.0000,-0.01749000,-0.01749000,-0.01749000
2000-02-28,1.0000,-0.00391000,-0.00391000,-0.00391000
2000-02-29,1.0000,0.02521000,0.02521000,0.02521000
2000-03-01,1.0000,0.00988000,0.00988000,0.00988000
2000-03-02,1.0000,-0.01732000,-0.01732000,-0.01732000
2000-03-03,1.0000,0.04929000,0.04929000,0.04929000
2000-03-06,1.0000,0.00324000,0.00324000,0.00324000
2000-03-07,1.0000,-0.01486000,-0.01486000,-0.01486000
2000-03-08,1.0000,0.01252000,0.01252000,0.01252000
2000-03-09,1.0000,0.03165000,0.03165000,0.03165000
2000-03-10,1.0000,0.00022000,0.00022000,0.00022000
2000-03-13,1.0000,-0.03493000,-0.03493000,-0.03493000
2000-03-14,1.0000,-0.04511000,-0.04511000,-0.04511000
2000-03-15,1.0000,-0.02292000,-0.02292000,-0.02292000
2000-03-16,1.0000,0.05410000,0.05410000,0.05410000
2000-03-17,1.0000,0.02004000,0.02004000,0.02004000
2000-03-20,1.0000,-0.04036000,-0.04036000,-0.04036000
2000-03-21,1.0000,0.04419000,0.04419000,0.04419000
2000-03-22,1.0000,0.03317000,0.03317000,0.03317000
2000-03-23,1.0000,0.01391000,0.01391000,0.01391000
2000-03-24,1.0000,0.00667000,0.00667000,0.00667000
2000-03-27,1.0000,0.00282000,0.00282000,0.00282000
2000-03-28,1.0000,-0.02577000,-0.02577000,-0.02577000
2000-03-29,1.0000,-0.03695000,-0.03695000,-0.03695000
2000-03-30,1.0000,-0.03707000,-0.03707000,-0.03707000
2000-03-31,1.0000,0.03476000,0.03476000,0.03476000
2000-04-03,1.0000,-0.07293000,-0.07293000,-0.07293000
2000-04-04,1.0000,-0.01049000,-0.01049000,-0.01049000
2000-04-05,1.0000,-0.00095000,-0.00095000,-0.00095000
2000-04-06,1.0000,0.01404000,0.01404000,0.01404000
2000-04-07,1.0000,0.05014000,0.05014000,0.05014000
2000-04-10,1.0000,-0.06831000,-0.06831000,-0.06831000
2000-04-11,1.0000,-0.02225000,-0.02225000,-0.02225000
2000-04-12,1.0000,-0.07047000,-0.07047000,-0.07047000
2000-04-13,1.0000,-0.02194000,-0.02194000,-0.02194000
2000-04-14,1.0000,-0.09729000,-0.09729000,-0.09729000
2000-04-17,1.0000,0.10024000,0.10024000,0.10024000
2000-04-18,1.0000,0.05283000,0.05283000,0.05283000
2000-04-19,1.0000,-0.03570000,-0.03570000,-0.03570000
2000-04-20,1.0000,-0.02168000,-0.02168000,-0.02168000
2000-04-24,1.0000,-0.04327000,-0.04327000,-0.04327000
2000-04-25,1.0000,0.07995000,0.07995000,0.07995000
2000-04-26,1.0000,-0.03197000,-0.03197000,-0.03197000
2000-04-27,1.0000,0.05333000,0.05333000,0.05333000
2000-04-28,1.0000,0.02185000,0.02185000,0.02185000
2000-05-01,1.0000,0.01504000,0.01504000,0.01504000
2000-05-02,1.0000,-0.05286000,-0.05286000,-0.05286000
2000-05-03,1.0000,-0.01794000,-0.01794000,-0.01794000
2000-05-04,1.0000,0.00243000,0.00243000,0.00243000
2000-05-05,1.0000,0.03297000,0.03297000,0.03297000
2000-05-08,1.0000,-0.04519000,-0.04519000,-0.04519000
2000-05-09,1.0000,-0.02165000,-0.02165000,-0.02165000
2000-05-10,1.0000,-0.05818000,-0.05818000,-0.05818000
2000-05-11,1.0000,0.04220000,0.04220000,0.04220000
2000-05-12,1.0000,0.00732000,0.00732000,0.00732000
2000-05-15,1.0000,0.03110000,0.03110000,0.03110000
2000-05-16,1.0000,0.03840000,0.03840000,0.03840000
2000-05-17,1.0000,-0.02641000,-0.02641000,-0.02641000
2000-05-18,1.0000,-0.03494000,-0.03494000,-0.03494000
2000-05-19,1.0000,-0.04834000,-0.04834000,-0.04834000
2000-05-22,1.0000,0.00127000,0.00127000,0.00127000
2000-05-23,1.0000,-0.07388000,-0.07388000,-0.07388000
2000-05-24,1.0000,0.05192000,0.05192000,0.05192000
2000-05-25,1.0000,-0.02545000,-0.02545000,-0.02545000
2000-05-26,1.0000,0.00072000,0.00072000,0.00072000
2000-05-30,1.0000,0.10081000,0.10081000,0.10081000
2000-05-31,1.0000,-0.02632000,-0.02632000,-0.02632000
2000-06-01,1.0000,0.05866000,0.05866000,0.05866000
2000-06-02,1.0000,0.06728000,0.06728000,0.06728000
2000-06-05,1.0000,-0.00673000,-0.00673000,-0.00673000
2000-06-06,1.0000,-0.02249000,-0.02249000,-0.02249000
2000-06-07,1.0000,0.02462000,0.02462000,0.02462000
2000-06-08,1.0000,-0.00766000,-0.00766000,-0.00766000
2000-06-09,1.0000,0.01431000,0.01431000,0.01431000
2000-06-12,1.0000,-0.03238000,-0.03238000,-0.03238000
2000-06-13,1.0000,0.03504000,0.03504000,0.03504000
2000-06-14,1.0000,-0.02343000,-0.02343000,-0.02343000
2000-06-15,1.0000,0.02029000,0.02029000,0.02029000
2000-06-16,1.0000,0.00945000,0.00945000,0.00945000
2000-06-19,1.0000,0.03866000,0.03866000,0.03866000
2000-06-20,1.0000,0.00006000,0.00006000,0.00006000
2000-06-21,1.0000,0.00922000,0.00922000,0.00922000
2000-06-22,1.0000,-0.04176000,-0.04176000,-0.04176000
2000-06-23,1.0000,-0.03121000,-0.03121000,-0.03121000
2000-06-26,1.0000,0.02340000,0.02340000,0.02340000
2000-06-27,1.0000,-0.01919000,-0.01919000,-0.01919000
2000-06-28,1.0000,0.01950000,0.01950000,0.01950000
2000-06-29,1.0000,-0.02788000,-0.02788000,-0.02788000
2000-06-30,1.0000,0.02675000,0.02675000,0.02675000
2000-07-03,1.0000,0.01091000,0.01091000,0.01091000
2000-07-05,1.0000,-0.04071000,-0.04071000,-0.04071000
2000-07-06,1.0000,0.03939000,0.03939000,0.03939000
2000-07-07,1.0000,0.01262000,0.01262000,0.01262000
2000-07-10,1.0000,-0.01796000,-0.01796000,-0.01796000
2000-07-11,1.0000,-0.00731000,-0.00731000,-0.00731000
2000-07-12,1.0000,0.04184000,0.04184000,0.04184000
2000-07-13,1.0000,0.01426000,0.01426000,0.01426000
2000-07-14,1.0000,0.02138000,0.02138000,0.02138000
2000-07-17,1.0000,0.00515000,0.00515000,0.00515000
2000-07-18,1.0000,-0.02482000,-0.02482000,-0.02482000
2000-07-19,1.0000,-0.02951000,-0.02951000,-0.02951000
2000-07-20,1.0000,0.03943000,0.03943000,0.03943000
2000-07-21,1.0000,-0.02168000,-0.02168000,-0.02168000
2000-07-24,1.0000,-0.03020000,-0.03020000,-0.03020000
2000-07-25,1.0000,0.01975000,0.01975000,0.01975000
2000-07-26,1.0000,-0.01216000,-0.01216000,-0.01216000
2000-07-27,1.0000,-0.03577000,-0.03577000,-0.03577000
2000-07-28,1.0000,-0.05547000,-0.05547000,-0.05547000
2000-07-31,1.0000,0.03800000,0.03800000,0.03800000
2000-08-01,1.0000,-0.02441000,-0.02441000,-0.02441000
2000-08-02,1.0000,-0.00873000,-0.00873000,-0.00873000
2000-08-03,1.0000,0.03817000,0.03817000,0.03817000
2000-08-04,1.0000,-0.00132000,-0.00132000,-0.00132000
2000-08-07,1.0000,0.02538000,0.02538000,0.02538000
2000-08-08,1.0000,-0.00645000,-0.00645000,-0.00645000
2000-08-09,1.0000,0.00183000,0.00183000,0.00183000
2000-08-10,1.0000,-0.02647000,-0.02647000,-0.02647000
2000-08-11,1.0000,0.01377000,0.01377000,0.01377000
2000-08-14,1.0000,0.02060000,0.02060000,0.02060000
2000-08-15,1.0000,0.00083000,0.00083000,0.00083000
2000-08-16,1.0000,-0.00034000,-0.00034000,-0.00034000
2000-08-17,1.0000,0.02941000,0.02941000,0.02941000
2000-08-18,1.0000,-0.00600000,-0.00600000,-0.00600000
2000-08-21,1.0000,0.00531000,0.00531000,0.00531000
2000-08-22,1.0000,0.00009000,0.00009000,0.00009000
2000-08-23,1.0000,0.01806000,0.01806000,0.01806000
2000-08-24,1.0000,0.01353000,0.01353000,0.01353000
2000-08-25,1.0000,-0.00461000,-0.00461000,-0.00461000
2000-08-28,1.0000,0.00587000,0.00587000,0.00587000
2000-08-29,1.0000,-0.00056000,-0.00056000,-0.00056000
2000-08-30,1.0000,0.00427000,0.00427000,0.00427000
2000-08-31,1.0000,0.02745000,0.02745000,0.02745000
2000-09-01,1.0000,0.00535000,0.00535000,0.00535000
2000-09-05,1.0000,-0.02736000,-0.02736000,-0.02736000
2000-09-06,1.0000,-0.03745000,-0.03745000,-0.03745000
2000-09-07,1.0000,0.03018000,0.03018000,0.03018000
2000-09-08,1.0000,-0.03537000,-0.03537000,-0.03537000
2000-09-11,1.0000,-0.02796000,-0.02796000,-0.02796000
2000-09-12,1.0000,-0.01073000,-0.01073000,-0.01073000
2000-09-13,1.0000,0.02044000,0.02044000,0.02044000
2000-09-14,1.0000,-0.00113000,-0.00113000,-0.00113000
2000-09-15,1.0000,-0.01632000,-0.01632000,-0.01632000
2000-09-18,1.0000,-0.02468000,-0.02468000,-0.02468000
2000-09-19,1.0000,0.04768000,0.04768000,0.04768000
2000-09-20,1.0000,0.00909000,0.00909000,0.00909000
2000-09-21,1.0000,-0.01905000,-0.01905000,-0.01905000
2000-09-22,1.0000,-0.00454000,-0.00454000,-0.00454000
2000-09-25,1.0000,-0.02134000,-0.02134000,-0.02134000
2000-09-26,1.0000,-0.01088000,-0.01088000,-0.01088000
2000-09-27,1.0000,-0.00296000,-0.00296000,-0.00296000
2000-09-28,1.0000,0.04293000,0.04293000,0.04293000
2000-09-29,1.0000,-0.04146000,-0.04146000,-0.04146000
2000-10-02,1.0000,-0.03152000,-0.03152000,-0.03152000
2000-10-03,1.0000,-0.03023000,-0.03023000,-0.03023000
2000-10-04,1.0000,0.02985000,0.02985000,0.02985000
2000-10-05,1.0000,-0.00839000,-0.00839000,-0.00839000
2000-10-06,1.0000,-0.03279000,-0.03279000,-0.03279000
2000-10-09,1.0000,0.00213000,0.00213000,0.00213000
2000-10-10,1.0000,-0.03933000,-0.03933000,-0.03933000
2000-10-11,1.0000,-0.02750000,-0.02750000,-0.02750000
2000-10-12,1.0000,-0.03096000,-0.03096000,-0.03096000
2000-10-13,1.0000,0.09100000,0.09100000,0.09100000
2000-10-16,1.0000,-0.00861000,-0.00861000,-0.00861000
2000-10-17,1.0000,-0.02376000,-0.02376000,-0.02376000
2000-10-18,1.0000,-0.01034000,-0.01034000,-0.01034000
2000-10-19,1.0000,0.08400000,0.08400000,0.08400000
2000-10-20,1.0000,0.01579000,0.01579000,0.01579000
2000-10-23,1.0000,-0.00999000,-0.00999000,-0.00999000
2000-10-24,1.0000,-0.02006000,-0.02006000,-0.02006000
2000-10-25,1.0000,-0.07323000,-0.07323000,-0.07323000
2000-10-26,1.0000,0.01918000,0.01918000,0.01918000
2000-10-27,1.0000,0.00258000,0.00258000,0.00258000
2000-10-30,1.0000,-0.02964000,-0.02964000,-0.02964000
2000-10-31,1.0000,0.06534000,0.06534000,0.06534000
2000-11-01,1.0000,-0.01735000,-0.01735000,-0.01735000
2000-11-02,0.0000,-0.00025000,-0.00025000,0.02582000
2000-11-03,0.0000,0.00025000,0.00025000,0.00408000
2000-11-06,0.0000,0.00025000,0.00025000,-0.00944000
2000-11-07,0.0000,0.00025000,0.00025000,-0.00329000
2000-11-08,0.0000,0.00025000,0.00025000,-0.06720000
2000-11-09,0.0000,0.00025000,0.00025000,-0.00064000
2000-11-10,0.0000,0.00025000,0.00025000,-0.05454000
2000-11-13,0.0000,0.00025000,0.00025000,-0.01854000
2000-11-14,0.0000,0.00025000,0.00025000,0.07155000
2000-11-15,0.0000,0.00025000,0.00025000,0.01226000
2000-11-16,0.0000,0.00025000,0.00025000,-0.04923000
2000-11-17,0.0000,0.00025000,0.00025000,0.00332000
2000-11-20,0.0000,0.00025000,0.00025000,-0.04850000
2000-11-21,0.0000,0.00025000,0.00025000,-0.00208000
2000-11-22,0.0000,0.00025000,0.00025000,-0.04242000
2000-11-24,0.0000,0.00025000,0.00025000,0.06068000
2000-11-27,0.0000,0.00025000,0.00025000,-0.02145000
2000-11-28,0.0000,0.00025000,0.00025000,-0.05349000
2000-11-29,0.0000,0.00025000,0.00025000,-0.00694000
2000-11-30,0.0000,0.00025000,0.00025000,-0.03698000
2000-12-01,0.0000,0.00025000,0.00025000,0.01726000
2000-12-04,0.0000,0.00025000,0.00025000,0.00185000
2000-12-05,0.0000,0.00025000,0.00025000,0.11687000
2000-12-06,0.0000,0.00025000,0.00025000,-0.03824000
2000-12-07,0.0000,0.00025000,0.00025000,-0.00865000
2000-12-08,0.0000,0.00025000,0.00025000,0.06454000
2000-12-11,0.0000,0.00025000,0.00025000,0.02680000
2000-12-12,0.0000,0.00025000,0.00025000,-0.03688000
2000-12-13,0.0000,0.00025000,0.00025000,-0.03991000
2000-12-14,0.0000,0.00025000,0.00025000,-0.03985000
2000-12-15,0.0000,0.00025000,0.00025000,-0.03641000
2000-12-18,0.0000,0.00025000,0.00025000,0.00002000
2000-12-19,0.0000,0.00025000,0.00025000,-0.05639000
2000-12-20,0.0000,0.00025000,0.00025000,-0.07887000
2000-12-21,0.0000,0.00025000,0.00025000,0.00659000
2000-12-22,0.0000,0.00025000,0.00025000,0.09505000
2000-12-26,0.0000,0.00025000,0.00025000,-0.01297000
2000-12-27,0.0000,0.00025000,0.00025000,0.02315000
2000-12-28,0.0000,0.00025000,0.00025000,0.00182000
2000-12-29,0.0000,0.00025000,0.00025000,-0.04985000
2001-01-02,0.0000,0.00015000,0.00015000,-0.09090000
2001-01-03,0.0000,0.00015000,0.00015000,0.18774000
2001-01-04,0.0000,0.00015000,0.00015000,-0.02701000
2001-01-05,0.0000,0.00015000,0.00015000,-0.07810000
2001-01-08,0.0000,0.00015000,0.00015000,0.00606000
2001-01-09,0.0000,0.00015000,0.00015000,0.01311000
2001-01-10,0.0000,0.00015000,0.00015000,0.04429000
2001-01-11,0.0000,0.00015000,0.00015000,0.04584000
2001-01-12,0.0000,0.00015000,0.00015000,-0.00720000
2001-01-16,0.0000,0.00015000,0.00015000,-0.01407000
2001-01-17,0.0000,0.00015000,0.00015000,0.03562000
2001-01-18,0.0000,0.00015000,0.00015000,0.04372000
2001-01-19,0.0000,0.00015000,0.00015000,-0.00548000
2001-01-22,0.0000,0.00015000,0.00015000,-0.00474000
2001-01-23,0.0000,0.00015000,0.00015000,0.03291000
2001-01-24,0.0000,0.00015000,0.00015000,-0.00129000
2001-01-25,0.0000,0.00015000,0.00015000,-0.04788000
2001-01-26,0.0000,0.00015000,0.00015000,0.01387000
2001-01-29,0.0000,0.00015000,0.00015000,0.02387000
2001-01-30,0.0000,0.00015000,0.00015000,-0.00309000
2001-01-31,0.0000,0.00015000,0.00015000,-0.03465000
2001-02-01,0.0000,0.00015000,0.00015000,0.00548000
2001-02-02,0.0000,0.00015000,0.00015000,-0.05175000
2001-02-05,0.0000,0.00015000,0.00015000,-0.00195000
2001-02-06,0.0000,0.00015000,0.00015000,0.00243000
2001-02-07,0.0000,0.00015000,0.00015000,-0.02568000
2001-02-08,0.0000,0.00015000,0.00015000,-0.02238000
2001-02-09,0.0000,0.00015000,0.00015000,-0.03984000
2001-02-12,0.0000,0.00015000,0.00015000,0.01107000
2001-02-13,0.0000,0.00015000,0.00015000,-0.03424000
2001-02-14,0.0000,0.00015000,0.00015000,0.04414000
2001-02-15,0.0000,0.00015000,0.00015000,0.02831000
2001-02-16,0.0000,0.00015000,0.00015000,-0.06684000
2001-02-20,0.0000,0.00015000,0.00015000,-0.05304000
2001-02-21,0.0000,0.00015000,0.00015000,-0.01743000
2001-02-22,0.0000,0.00015000,0.00015000,-0.01266000
2001-02-23,0.0000,0.00015000,0.00015000,0.01166000
2001-02-26,0.0000,0.00015000,0.00015000,0.02025000
2001-02-27,0.0000,0.00015000,0.00015000,-0.06344000
2001-02-28,0.0000,0.00015000,0.00015000,-0.02858000
2001-03-01,0.0000,0.00015000,0.00015000,0.03131000
2001-03-02,0.0000,0.00015000,0.00015000,-0.04402000
2001-03-05,0.0000,0.00015000,0.00015000,0.01881000
2001-03-06,0.0000,0.00015000,0.00015000,0.03113000
2001-03-07,0.0000,0.00015000,0.00015000,0.01010000
2001-03-08,0.0000,0.00015000,0.00015000,-0.02907000
2001-03-09,0.0000,0.00015000,0.00015000,-0.06454000
2001-03-12,0.0000,0.00015000,0.00015000,-0.07299000
2001-03-13,0.0000,0.00015000,0.00015000,0.06492000
2001-03-14,0.0000,0.00015000,0.00015000,-0.02488000
2001-03-15,0.0000,0.00015000,0.00015000,-0.02703000
2001-03-16,0.0000,0.00015000,0.00015000,-0.02967000
2001-03-19,0.0000,0.00015000,0.00015000,0.05037000
2001-03-20,0.0000,0.00015000,0.00015000,-0.06700000
2001-03-21,0.0000,0.00015000,0.00015000,-0.00582000
2001-03-22,0.0000,0.00015000,0.00015000,0.06037000
2001-03-23,0.0000,0.00015000,0.00015000,0.00186000
2001-03-26,0.0000,0.00015000,0.00015000,-0.01647000
2001-03-27,0.0000,0.00015000,0.00015000,0.03505000
2001-03-28,0.0000,0.00015000,0.00015000,-0.07684000
2001-03-29,0.0000,0.00015000,0.00015000,-0.02437000
2001-03-30,0.0000,0.00015000,0.00015000,0.00649000
2001-04-02,0.0000,0.00015000,0.00015000,-0.03600000
2001-04-03,0.0000,0.00015000,0.00015000,-0.07747000
2001-04-04,0.0000,0.00015000,0.00015000,-0.02020000
2001-04-05,0.0000,0.00015000,0.00015000,0.10821000
2001-04-06,0.0000,0.00015000,0.00015000,-0.04664000
2001-04-09,0.0000,0.00015000,0.00015000,0.02285000
2001-04-10,0.0000,0.00015000,0.00015000,0.07878000
2001-04-11,0.0000,0.00015000,0.00015000,0.03100000
2001-04-12,0.0000,0.00015000,0.00015000,0.04065000
2001-04-16,0.0000,0.00015000,0.00015000,-0.03736000
2001-04-17,0.0000,0.00015000,0.00015000,0.01293000
2001-04-18,0.0000,0.00015000,0.00015000,0.09531000
2001-04-19,0.0000,0.00015000,0.00015000,0.06693000
2001-04-20,0.0000,0.00015000,0.00015000,-0.01007000
2001-04-23,0.0000,0.00015000,0.00015000,-0.06291000
2001-04-24,0.0000,0.00015000,0.00015000,-0.02740000
2001-04-25,0.0000,0.00015000,0.00015000,0.02960000
2001-04-26,0.0000,0.00015000,0.00015000,-0.02809000
2001-04-27,0.0000,0.00015000,0.00015000,0.02676000
2001-04-30,0.0000,0.00015000,0.00015000,0.02470000
2001-05-01,0.0000,0.00015000,0.00015000,0.03445000
2001-05-02,0.0000,0.00015000,0.00015000,0.02264000
2001-05-03,0.0000,0.00015000,0.00015000,-0.04310000
2001-05-04,0.0000,0.00015000,0.00015000,0.02469000
2001-05-07,0.0000,0.00015000,0.00015000,-0.01490000
2001-05-08,0.0000,0.00015000,0.00015000,0.01787000
2001-05-09,0.0000,0.00015000,0.00015000,-0.02726000
2001-05-10,0.0000,0.00015000,0.00015000,-0.02037000
2001-05-11,0.0000,0.00015000,0.00015000,-0.00929000
2001-05-14,0.0000,0.00015000,0.00015000,-0.01433000
2001-05-15,0.0000,0.00015000,0.00015000,0.00115000
2001-05-16,0.0000,0.00015000,0.00015000,0.05700000
2001-05-17,0.0000,0.00015000,0.00015000,0.01354000
2001-05-18,0.0000,0.00015000,0.00015000,0.00135000
2001-05-21,0.0000,0.00015000,0.00015000,0.06481000
2001-05-22,0.0000,0.00015000,0.00015000,-0.00467000
2001-05-23,0.0000,0.00015000,0.00015000,-0.04176000
2001-05-24,0.0000,0.00015000,0.00015000,0.02343000
2001-05-25,0.0000,0.00015000,0.00015000,-0.02126000
2001-05-29,0.0000,0.00015000,0.00015000,-0.04445000
2001-05-30,0.0000,0.00015000,0.00015000,-0.05043000
2001-05-31,0.0000,0.00015000,0.00015000,0.01177000
2001-06-01,0.0000,0.00015000,0.00015000,0.02277000
2001-06-04,0.0000,0.00015000,0.00015000,-0.00106000
2001-06-05,0.0000,0.00015000,0.00015000,0.04628000
2001-06-06,0.0000,0.00015000,0.00015000,-0.01040000
2001-06-07,0.0000,0.00015000,0.00015000,0.03126000
2001-06-08,0.0000,0.00015000,0.00015000,-0.03415000
2001-06-11,0.0000,0.00015000,0.00015000,-0.02620000
2001-06-12,0.0000,0.00015000,0.00015000,0.00302000
2001-06-13,0.0000,0.00015000,0.00015000,-0.03336000
2001-06-14,0.0000,0.00015000,0.00015000,-0.04400000
2001-06-15,0.0000,0.00015000,0.00015000,-0.00574000
2001-06-18,0.0000,0.00015000,0.00015000,-0.02057000
2001-06-19,0.0000,0.00015000,0.00015000,0.00567000
2001-06-20,0.0000,0.00015000,0.00015000,0.02727000
2001-06-21,0.0000,0.00015000,0.00015000,0.01725000
2001-06-22,0.0000,0.00015000,0.00015000,-0.01354000
2001-06-25,0.0000,0.00015000,0.00015000,0.00953000
2001-06-26,0.0000,0.00015000,0.00015000,0.00445000
2001-06-27,0.0000,0.00015000,0.00015000,0.00254000
2001-06-28,0.0000,0.00015000,0.00015000,0.03016000
2001-06-29,0.0000,0.00015000,0.00015000,0.01177000
2001-07-02,0.0000,0.00015000,0.00015000,0.00002000
2001-07-03,0.0000,0.00015000,0.00015000,-0.00436000
2001-07-05,0.0000,0.00015000,0.00015000,-0.03903000
2001-07-06,0.0000,0.00015000,0.00015000,-0.04704000
2001-07-09,0.0000,0.00015000,0.00015000,0.01708000
2001-07-10,0.0000,0.00015000,0.00015000,-0.04246000
2001-07-11,0.0000,0.00015000,0.00015000,0.01025000
2001-07-12,0.0000,0.00015000,0.00015000,0.06616000
2001-07-13,0.0000,0.00015000,0.00015000,0.00058000
2001-07-16,0.0000,0.00015000,0.00015000,-0.03731000
2001-07-17,0.0000,0.00015000,0.00015000,0.02601000
2001-07-18,0.0000,0.00015000,0.00015000,-0.03622000
2001-07-19,0.0000,0.00015000,0.00015000,0.01743000
2001-07-20,0.0000,0.00015000,0.00015000,-0.01143000
2001-07-23,0.0000,0.00015000,0.00015000,-0.02773000
2001-07-24,0.0000,0.00015000,0.00015000,-0.01536000
2001-07-25,0.0000,0.00015000,0.00015000,0.01436000
2001-07-26,0.0000,0.00015000,0.00015000,0.02799000
2001-07-27,0.0000,0.00015000,0.00015000,0.00587000
2001-07-30,0.0000,0.00015000,0.00015000,-0.00779000
2001-07-31,0.0000,0.00015000,0.00015000,0.00816000
2001-08-01,0.0000,0.00015000,0.00015000,0.02730000
2001-08-02,0.0000,0.00015000,0.00015000,0.01270000
2001-08-03,0.0000,0.00015000,0.00015000,-0.01456000
2001-08-06,0.0000,0.00015000,0.00015000,-0.01334000
2001-08-07,0.0000,0.00015000,0.00015000,-0.00378000
2001-08-08,0.0000,0.00015000,0.00015000,-0.04134000
2001-08-09,0.0000,0.00015000,0.00015000,0.00170000
2001-08-10,0.0000,0.00015000,0.00015000,-0.00702000
2001-08-13,0.0000,0.00015000,0.00015000,0.02217000
2001-08-14,0.0000,0.00015000,0.00015000,-0.01408000
2001-08-15,0.0000,0.00015000,0.00015000,-0.03551000
2001-08-16,0.0000,0.00015000,0.00015000,0.00635000
2001-08-17,0.0000,0.00015000,0.00015000,-0.04132000
2001-08-20,0.0000,0.00015000,0.00015000,0.01282000
2001-08-21,0.0000,0.00015000,0.00015000,-0.03595000
2001-08-22,0.0000,0.00015000,0.00015000,0.02344000
2001-08-23,0.0000,0.00015000,0.00015000,-0.01214000
2001-08-24,0.0000,0.00015000,0.00015000,0.05523000
2001-08-27,0.0000,0.00015000,0.00015000,-0.00079000
2001-08-28,0.0000,0.00015000,0.00015000,-0.03294000
2001-08-29,0.0000,0.00015000,0.00015000,-0.01736000
2001-08-30,0.0000,0.00015000,0.00015000,-0.03055000
2001-08-31,0.0000,0.00015000,0.00015000,0.01089000
2001-09-04,0.0000,0.00015000,0.00015000,-0.03099000
2001-09-05,0.0000,0.00015000,0.00015000,-0.00617000
2001-09-06,0.0000,0.00015000,0.00015000,-0.03786000
2001-09-07,0.0000,0.00015000,0.00015000,-0.00543000
2001-09-10,0.0000,0.00015000,0.00015000,0.00823000
2001-09-17,0.0000,0.00015000,0.00015000,-0.08251000
2001-09-18,0.0000,0.00015000,0.00015000,-0.02238000
2001-09-19,0.0000,0.00015000,0.00015000,-0.01338000
2001-09-20,0.0000,0.00015000,0.00015000,-0.03470000
2001-09-21,0.0000,0.00015000,0.00015000,-0.03369000
2001-09-24,0.0000,0.00015000,0.00015000,0.05688000
2001-09-25,0.0000,0.00015000,0.00015000,-0.00270000
2001-09-26,0.0000,0.00015000,0.00015000,-0.03726000
2001-09-27,0.0000,0.00015000,0.00015000,0.00071000
2001-09-28,0.0000,0.00015000,0.00015000,0.02109000
2001-10-01,0.0000,0.00015000,0.00015000,-0.01464000
2001-10-02,0.0000,0.00015000,0.00015000,0.00709000
2001-10-03,0.0000,0.00015000,0.00015000,0.07769000
2001-10-04,0.0000,0.00015000,0.00015000,0.00903000
2001-10-05,0.0000,0.00015000,0.00015000,0.00880000
2001-10-08,0.0000,0.00015000,0.00015000,0.00624000
2001-10-09,0.0000,0.00015000,0.00015000,-0.02738000
2001-10-10,0.0000,0.00015000,0.00015000,0.04833000
2001-10-11,0.0000,0.00015000,0.00015000,0.06532000
2001-10-12,0.0000,0.00015000,0.00015000,0.00288000
2001-10-15,0.0000,0.00015000,0.00015000,-0.01068000
2001-10-16,0.0000,0.00015000,0.00015000,0.01880000
2001-10-17,0.0000,0.00015000,0.00015000,-0.06405000
2001-10-18,0.0000,0.00015000,0.00015000,0.01184000
2001-10-19,0.0000,0.00015000,0.00015000,0.01300000
2001-10-22,0.0000,0.00015000,0.00015000,0.02635000
2001-10-23,0.0000,0.00015000,0.00015000,0.00074000
2001-10-24,0.0000,0.00015000,0.00015000,0.02938000
2001-10-25,0.0000,0.00015000,0.00015000,0.03818000
2001-10-26,0.0000,0.00015000,0.00015000,-0.01630000
2001-10-29,0.0000,0.00015000,0.00015000,-0.05518000
2001-10-30,0.0000,0.00015000,0.00015000,-0.02349000
2001-10-31,0.0000,0.00015000,0.00015000,0.01680000
2001-11-01,0.0000,0.00015000,0.00015000,0.04353000
2001-11-02,0.0000,0.00015000,0.00015000,0.00117000
2001-11-05,0.0000,0.00015000,0.00015000,0.03820000
2001-11-06,0.0000,0.00015000,0.00015000,0.02899000
2001-11-07,0.0000,0.00015000,0.00015000,0.00106000
2001-11-08,0.0000,0.00015000,0.00015000,-0.00920000
2001-11-09,0.0000,0.00015000,0.00015000,0.00291000
2001-11-12,0.0000,0.00015000,0.00015000,0.00913000
2001-11-13,0.0000,0.00015000,0.00015000,0.03405000
2001-11-14,0.0000,0.00015000,0.00015000,0.00327000
2001-11-15,0.0000,0.00015000,0.00015000,-0.00206000
2001-11-16,0.0000,0.00015000,0.00015000,-0.00025000
2001-11-19,0.0000,0.00015000,0.00015000,0.02242000
2001-11-20,0.0000,0.00015000,0.00015000,-0.04194000
2001-11-21,0.0000,0.00015000,0.00015000,0.00151000
2001-11-23,0.0000,0.00015000,0.00015000,0.01643000
2001-11-26,0.0000,0.00015000,0.00015000,0.02676000
2001-11-27,0.0000,0.00015000,0.00015000,-0.00601000
2001-11-28,0.0000,0.00015000,0.00015000,-0.03280000
2001-11-29,0.0000,0.00015000,0.00015000,0.02717000
2001-11-30,0.0000,0.00015000,0.00015000,-0.00201000
2001-12-03,0.0000,0.00015000,0.00015000,-0.01784000
2001-12-04,0.0000,0.00015000,0.00015000,0.04259000
2001-12-05,0.0000,0.00015000,0.00015000,0.05304000
2001-12-06,0.0000,0.00015000,0.00015000,-0.00168000
2001-12-07,0.0000,0.00015000,0.00015000,-0.02563000
2001-12-10,0.0000,0.00015000,0.00015000,-0.01703000
2001-12-11,0.0000,0.00015000,0.00015000,0.00969000
2001-12-12,0.0000,0.00015000,0.00015000,0.00525000
2001-12-13,0.0000,0.00015000,0.00015000,-0.04072000
2001-12-14,0.0000,0.00015000,0.00015000,0.00237000
2001-12-17,0.0000,0.00015000,0.00015000,0.02162000
2001-12-18,0.0000,0.00015000,0.00015000,0.01059000
2001-12-19,0.0000,0.00015000,0.00015000,-0.01746000
2001-12-20,0.0000,0.00015000,0.00015000,-0.04377000
2001-12-21,0.0000,0.00015000,0.00015000,0.01345000
2001-12-24,0.0000,0.00015000,0.00015000,-0.00058000
2001-12-26,0.0000,0.00015000,0.00015000,0.00860000
2001-12-27,0.0000,0.00015000,0.00015000,0.00986000
2001-12-28,0.0000,0.00015000,0.00015000,0.00914000
2001-12-31,0.0000,0.00015000,0.00015000,-0.02717000
2002-01-02,0.0000,0.00007000,0.00007000,0.02116000
2002-01-03,0.0000,0.00007000,0.00007000,0.03497000
2002-01-04,0.0000,0.00007000,0.00007000,0.00505000
2002-01-07,0.0000,0.00007000,0.00007000,-0.01502000
2002-01-08,0.0000,0.00007000,0.00007000,0.01018000
2002-01-09,0.0000,0.00007000,0.00007000,-0.00767000
2002-01-10,0.0000,0.00007000,0.00007000,0.00179000
2002-01-11,0.0000,0.00007000,0.00007000,-0.01356000
2002-01-14,0.0000,0.00007000,0.00007000,-0.01859000
2002-01-15,0.0000,0.00007000,0.00007000,0.00545000
2002-01-16,0.0000,0.00007000,0.00007000,-0.03314000
2002-01-17,0.0000,0.00007000,0.00007000,0.02782000
2002-01-18,0.0000,0.00007000,0.00007000,-0.03374000
2002-01-22,0.0000,0.00007000,0.00007000,-0.02997000
2002-01-23,0.0000,0.00007000,0.00007000,0.03161000
2002-01-24,0.0000,0.00007000,0.00007000,0.01030000
2002-01-25,0.0000,0.00007000,0.00007000,-0.00437000
2002-01-28,0.0000,0.00007000,0.00007000,0.00426000
2002-01-29,0.0000,0.00007000,0.00007000,-0.02907000
2002-01-30,0.0000,0.00007000,0.00007000,0.01293000
2002-01-31,0.0000,0.00007000,0.00007000,0.00732000
2002-02-01,0.0000,0.00007000,0.00007000,-0.01418000
2002-02-04,0.0000,0.00007000,0.00007000,-0.03203000
2002-02-05,0.0000,0.00007000,0.00007000,-0.01100000
2002-02-06,0.0000,0.00007000,0.00007000,-0.01153000
2002-02-07,0.0000,0.00007000,0.00007000,-0.02218000
2002-02-08,0.0000,0.00007000,0.00007000,0.02712000
2002-02-11,0.0000,0.00007000,0.00007000,0.01756000
2002-02-12,0.0000,0.00007000,0.00007000,-0.00869000
2002-02-13,0.0000,0.00007000,0.00007000,0.01504000
2002-02-14,0.0000,0.00007000,0.00007000,-0.00807000
2002-02-15,0.0000,0.00007000,0.00007000,-0.02575000
2002-02-19,0.0000,0.00007000,0.00007000,-0.03438000
2002-02-20,0.0000,0.00007000,0.00007000,0.01515000
2002-02-21,0.0000,0.00007000,0.00007000,-0.04259000
2002-02-22,0.0000,0.00007000,0.00007000,0.00589000
2002-02-25,0.0000,0.00007000,0.00007000,0.03824000
2002-02-26,0.0000,0.00007000,0.00007000,-0.00481000
2002-02-27,0.0000,0.00007000,0.00007000,-0.01618000
2002-02-28,0.0000,0.00007000,0.00007000,-0.01395000
2002-03-01,0.0000,0.00007000,0.00007000,0.05608000
2002-03-04,0.0000,0.00007000,0.00007000,0.04133000
2002-03-05,0.0000,0.00007000,0.00007000,0.00287000
2002-03-06,0.0000,0.00007000,0.00007000,0.01403000
2002-03-07,0.0000,0.00007000,0.00007000,-0.00862000
2002-03-08,0.0000,0.00007000,0.00007000,0.03208000
2002-03-11,0.0000,0.00007000,0.00007000,-0.00082000
2002-03-12,0.0000,0.00007000,0.00007000,-0.02138000
2002-03-13,0.0000,0.00007000,0.00007000,-0.02251000
2002-03-14,0.0000,0.00007000,0.00007000,-0.00609000
2002-03-15,0.0000,0.00007000,0.00007000,0.01236000
2002-03-18,0.0000,0.00007000,0.00007000,0.00703000
2002-03-19,0.0000,0.00007000,0.00007000,-0.00079000
2002-03-20,0.0000,0.00007000,0.00007000,-0.03563000
2002-03-21,0.0000,0.00007000,0.00007000,0.02618000
2002-03-22,0.0000,0.00007000,0.00007000,-0.01265000
2002-03-25,0.0000,0.00007000,0.00007000,-0.02889000
2002-03-26,0.0000,0.00007000,0.00007000,0.00839000
2002-03-27,0.0000,0.00007000,0.00007000,-0.00209000
2002-03-28,0.0000,0.00007000,0.00007000,0.01137000
2002-04-01,0.0000,0.00007000,0.00007000,0.01772000
2002-04-02,0.0000,0.00007000,0.00007000,-0.04604000
2002-04-03,0.0000,0.00007000,0.00007000,-0.01146000
2002-04-04,0.0000,0.00007000,0.00007000,0.00200000
2002-04-05,0.0000,0.00007000,0.00007000,-0.01447000
2002-04-08,0.0000,0.00007000,0.00007000,0.01182000
2002-04-09,0.0000,0.00007000,0.00007000,-0.03418000
2002-04-10,0.0000,0.00007000,0.00007000,0.01338000
2002-04-11,0.0000,0.00007000,0.00007000,-0.02832000
2002-04-12,0.0000,0.00007000,0.00007000,0.02056000
2002-04-15,0.0000,0.00007000,0.00007000,0.00242000
2002-04-16,0.0000,0.00007000,0.00007000,0.04345000
2002-04-17,0.0000,0.00007000,0.00007000,-0.00720000
2002-04-18,0.0000,0.00007000,0.00007000,-0.00554000
2002-04-19,0.0000,0.00007000,0.00007000,-0.00778000
2002-04-22,0.0000,0.00007000,0.00007000,-0.02538000
2002-04-23,0.0000,0.00007000,0.00007000,-0.01999000
2002-04-24,0.0000,0.00007000,0.00007000,-0.01547000
2002-04-25,0.0000,0.00007000,0.00007000,0.00002000
2002-04-26,0.0000,0.00007000,0.00007000,-0.03947000
2002-04-29,0.0000,0.00007000,0.00007000,-0.00329000
2002-04-30,0.0000,0.00007000,0.00007000,0.02434000
2002-05-01,0.0000,0.00007000,0.00007000,-0.00752000
2002-05-02,0.0000,0.00007000,0.00007000,-0.03317000
2002-05-03,0.0000,0.00007000,0.00007000,-0.02824000
2002-05-06,0.0000,0.00007000,0.00007000,-0.02482000
2002-05-07,0.0000,0.00007000,0.00007000,-0.00162000
2002-05-08,0.0000,0.00007000,0.00007000,0.10626000
2002-05-09,0.0000,0.00007000,0.00007000,-0.03273000
2002-05-10,0.0000,0.00007000,0.00007000,-0.04160000
2002-05-13,0.0000,0.00007000,0.00007000,0.04441000
2002-05-14,0.0000,0.00007000,0.00007000,0.05158000
2002-05-15,0.0000,0.00007000,0.00007000,0.00424000
2002-05-16,0.0000,0.00007000,0.00007000,0.00368000
2002-05-17,0.0000,0.00007000,0.00007000,0.00759000
2002-05-20,0.0000,0.00007000,0.00007000,-0.02531000
2002-05-21,0.0000,0.00007000,0.00007000,-0.02807000
2002-05-22,0.0000,0.00007000,0.00007000,0.00687000
2002-05-23,0.0000,0.00007000,0.00007000,0.01763000
2002-05-24,0.0000,0.00007000,0.00007000,-0.02620000
2002-05-28,0.0000,0.00007000,0.00007000,-0.00653000
2002-05-29,0.0000,0.00007000,0.00007000,-0.02098000
2002-05-30,0.0000,0.00007000,0.00007000,0.00759000
2002-05-31,0.0000,0.00007000,0.00007000,-0.01591000
2002-06-03,0.0000,0.00007000,0.00007000,-0.04068000
2002-06-04,0.0000,0.00007000,0.00007000,0.01698000
2002-06-05,0.0000,0.00007000,0.00007000,0.01428000
2002-06-06,0.0000,0.00007000,0.00007000,-0.03174000
2002-06-07,0.0000,0.00007000,0.00007000,-0.01499000
2002-06-10,0.0000,0.00007000,0.00007000,-0.00403000
2002-06-11,0.0000,0.00007000,0.00007000,-0.03049000
2002-06-12,0.0000,0.00007000,0.00007000,0.02034000
2002-06-13,0.0000,0.00007000,0.00007000,-0.01493000
2002-06-14,0.0000,0.00007000,0.00007000,0.00279000
2002-06-17,0.0000,0.00007000,0.00007000,0.03635000
2002-06-18,0.0000,0.00007000,0.00007000,-0.00992000
2002-06-19,0.0000,0.00007000,0.00007000,-0.03593000
2002-06-20,0.0000,0.00007000,0.00007000,-0.03195000
2002-06-21,0.0000,0.00007000,0.00007000,-0.02522000
2002-06-24,0.0000,0.00007000,0.00007000,0.02132000
2002-06-25,0.0000,0.00007000,0.00007000,-0.03301000
2002-06-26,0.0000,0.00007000,0.00007000,0.00440000
2002-06-27,0.0000,0.00007000,0.00007000,0.02282000
2002-06-28,0.0000,0.00007000,0.00007000,0.00076000
2002-07-01,0.0000,0.00007000,0.00007000,-0.05061000
2002-07-02,0.0000,0.00007000,0.00007000,-0.03455000
2002-07-03,0.0000,0.00007000,0.00007000,0.03325000
2002-07-05,0.0000,0.00007000,0.00007000,0.06552000
2002-07-08,0.0000,0.00007000,0.00007000,-0.04386000
2002-07-09,0.0000,0.00007000,0.00007000,-0.02374000
2002-07-10,0.0000,0.00007000,0.00007000,-0.03146000
2002-07-11,0.0000,0.00007000,0.00007000,0.04067000
2002-07-12,0.0000,0.00007000,0.00007000,0.00282000
2002-07-15,0.0000,0.00007000,0.00007000,0.02021000
2002-07-16,0.0000,0.00007000,0.00007000,-0.00950000
2002-07-17,0.0000,0.00007000,0.00007000,0.01727000
2002-07-18,0.0000,0.00007000,0.00007000,-0.03315000
2002-07-19,0.0000,0.00007000,0.00007000,-0.02937000
2002-07-22,0.0000,0.00007000,0.00007000,-0.02719000
2002-07-23,0.0000,0.00007000,0.00007000,-0.04500000
2002-07-24,0.0000,0.00007000,0.00007000,0.06108000
2002-07-25,0.0000,0.00007000,0.00007000,-0.06001000
2002-07-26,0.0000,0.00007000,0.00007000,0.01843000
2002-07-29,0.0000,0.00007000,0.00007000,0.06504000
2002-07-30,0.0000,0.00007000,0.00007000,0.01057000
2002-07-31,0.0000,0.00007000,0.00007000,-0.01860000
2002-08-01,0.0000,0.00007000,0.00007000,-0.05040000
2002-08-02,0.0000,0.00007000,0.00007000,-0.02305000
2002-08-05,0.0000,0.00007000,0.00007000,-0.03967000
2002-08-06,0.0000,0.00007000,0.00007000,0.05233000
2002-08-07,0.0000,0.00007000,0.00007000,0.01906000
2002-08-08,0.0000,0.00007000,0.00007000,0.03066000
2002-08-09,0.0000,0.00007000,0.00007000,-0.01044000
2002-08-12,0.0000,0.00007000,0.00007000,0.00178000
2002-08-13,0.0000,0.00007000,0.00007000,-0.03337000
2002-08-14,0.0000,0.00007000,0.00007000,0.06747000
2002-08-15,0.0000,0.00007000,0.00007000,0.01255000
2002-08-16,0.0000,0.00007000,0.00007000,0.01540000
2002-08-19,0.0000,0.00007000,0.00007000,0.03014000
2002-08-20,0.0000,0.00007000,0.00007000,-0.01756000
2002-08-21,0.0000,0.00007000,0.00007000,0.02726000
2002-08-22,0.0000,0.00007000,0.00007000,0.01312000
2002-08-23,0.0000,0.00007000,0.00007000,-0.03671000
2002-08-26,0.0000,0.00007000,0.00007000,0.00626000
2002-08-27,0.0000,0.00007000,0.00007000,-0.04160000
2002-08-28,0.0000,0.00007000,0.00007000,-0.03039000
2002-08-29,0.0000,0.00007000,0.00007000,0.01793000
2002-08-30,0.0000,0.00007000,0.00007000,-0.02012000
2002-09-03,0.0000,0.00007000,0.00007000,-0.04533000
2002-09-04,0.0000,0.00007000,0.00007000,0.02374000
2002-09-05,0.0000,0.00007000,0.00007000,-0.04130000
2002-09-06,0.0000,0.00007000,0.00007000,0.04454000
2002-09-09,0.0000,0.00007000,0.00007000,0.01088000
2002-09-10,0.0000,0.00007000,0.00007000,0.01664000
2002-09-11,0.0000,0.00007000,0.00007000,-0.00137000
2002-09-12,0.0000,0.00007000,0.00007000,-0.03314000
2002-09-13,0.0000,0.00007000,0.00007000,0.00966000
2002-09-16,0.0000,0.00007000,0.00007000,-0.01659000
2002-09-17,0.0000,0.00007000,0.00007000,-0.01203000
2002-09-18,0.0000,0.00007000,0.00007000,-0.00257000
2002-09-19,0.0000,0.00007000,0.00007000,-0.03267000
2002-09-20,0.0000,0.00007000,0.00007000,0.00657000
2002-09-23,0.0000,0.00007000,0.00007000,-0.03270000
2002-09-24,0.0000,0.00007000,0.00007000,0.00065000
2002-09-25,0.0000,0.00007000,0.00007000,0.04368000
2002-09-26,0.0000,0.00007000,0.00007000,-0.00759000
2002-09-27,0.0000,0.00007000,0.00007000,-0.01530000
2002-09-30,0.0000,0.00007000,0.00007000,-0.03232000
2002-10-01,0.0000,0.00007000,0.00007000,0.04580000
2002-10-02,0.0000,0.00007000,0.00007000,-0.02419000
2002-10-03,0.0000,0.00007000,0.00007000,-0.01921000
2002-10-04,0.0000,0.00007000,0.00007000,-0.02135000
2002-10-07,0.0000,0.00007000,0.00007000,-0.01317000
2002-10-08,0.0000,0.00007000,0.00007000,0.00855000
2002-10-09,0.0000,0.00007000,0.00007000,-0.00500000
2002-10-10,0.0000,0.00007000,0.00007000,0.05223000
2002-10-11,0.0000,0.00007000,0.00007000,0.04833000
2002-10-14,0.0000,0.00007000,0.00007000,0.01141000
2002-10-15,0.0000,0.00007000,0.00007000,0.05517000
2002-10-16,0.0000,0.00007000,0.00007000,-0.04237000
2002-10-17,0.0000,0.00007000,0.00007000,0.03840000
2002-10-18,0.0000,0.00007000,0.00007000,0.01174000
2002-10-21,0.0000,0.00007000,0.00007000,0.02431000
2002-10-22,0.0000,0.00007000,0.00007000,-0.01578000
2002-10-23,0.0000,0.00007000,0.00007000,0.02643000
2002-10-24,0.0000,0.00007000,0.00007000,-0.02465000
2002-10-25,0.0000,0.00007000,0.00007000,0.03178000
2002-10-28,0.0000,0.00007000,0.00007000,-0.01605000
2002-10-29,0.0000,0.00007000,0.00007000,-0.01910000
2002-10-30,0.0000,0.00007000,0.00007000,0.02632000
2002-10-31,0.0000,0.00007000,0.00007000,0.00352000
2002-11-01,0.0000,0.00007000,0.00007000,0.02986000
2002-11-04,0.0000,0.00007000,0.00007000,0.02743000
2002-11-05,0.0000,0.00007000,0.00007000,0.00327000
2002-11-06,0.0000,0.00007000,0.00007000,0.01475000
2002-11-07,0.0000,0.00007000,0.00007000,-0.03757000
2002-11-08,0.0000,0.00007000,0.00007000,-0.01698000
2002-11-11,0.0000,0.00007000,0.00007000,-0.03555000
2002-11-12,0.0000,0.00007000,0.00007000,0.03032000
2002-11-13,0.0000,0.00007000,0.00007000,0.01000000
2002-11-14,0.0000,0.00007000,0.00007000,0.04537000
2002-11-15,0.0000,0.00007000,0.00007000,0.00329000
2002-11-18,0.0000,0.00007000,0.00007000,-0.01514000
2002-11-19,0.0000,0.00007000,0.00007000,-0.01837000
2002-11-20,0.0000,0.00007000,0.00007000,0.04347000
2002-11-21,0.0000,0.00007000,0.00007000,0.04450000
2002-11-22,0.0000,0.00007000,0.00007000,-0.00188000
2002-11-25,0.0000,0.00007000,0.00007000,0.00993000
2002-11-26,0.0000,0.00007000,0.00007000,-0.03509000
2002-11-27,0.0000,0.00007000,0.00007000,0.03513000
2002-11-29,0.0000,0.00007000,0.00007000,-0.00848000
2002-12-02,0.0000,0.00007000,0.00007000,0.00396000
2002-12-03,0.0000,0.00007000,0.00007000,-0.02826000
2002-12-04,0.0000,0.00007000,0.00007000,-0.01776000
2002-12-05,0.0000,0.00007000,0.00007000,-0.01529000
2002-12-06,0.0000,0.00007000,0.00007000,0.01228000
2002-12-09,0.0000,0.00007000,0.00007000,-0.04794000
2002-12-10,0.0000,0.00007000,0.00007000,0.01799000
2002-12-11,0.0000,0.00007000,0.00007000,0.00319000
2002-12-12,0.0000,0.00007000,0.00007000,0.00351000
2002-12-13,0.0000,0.00007000,0.00007000,-0.03277000
2002-12-16,0.0000,0.00007000,0.00007000,0.03640000
2002-12-17,0.0000,0.00007000,0.00007000,-0.00231000
2002-12-18,0.0000,0.00007000,0.00007000,-0.02530000
2002-12-19,0.0000,0.00007000,0.00007000,-0.00749000
2002-12-20,0.0000,0.00007000,0.00007000,0.00783000
2002-12-23,0.0000,0.00007000,0.00007000,0.01817000
2002-12-24,0.0000,0.00007000,0.00007000,-0.00870000
2002-12-26,0.0000,0.00007000,0.00007000,-0.00665000
2002-12-27,0.0000,0.00007000,0.00007000,-0.01828000
2002-12-30,0.0000,0.00007000,0.00007000,-0.00795000
2002-12-31,0.0000,0.00007000,0.00007000,-0.00555000
2003-01-02,0.0000,0.00004000,0.00004000,0.04420000
2003-01-03,0.0000,0.00004000,0.00004000,0.00369000
2003-01-06,0.0000,0.00004000,0.00004000,0.02896000
2003-01-07,0.0000,0.00004000,0.00004000,0.00979000
2003-01-08,0.0000,0.00004000,0.00004000,-0.02734000
2003-01-09,0.0000,0.00004000,0.00004000,0.03219000
2003-01-10,0.0000,0.00004000,0.00004000,0.01053000
2003-01-13,0.0000,0.00004000,0.00004000,-0.00399000
2003-01-14,0.0000,0.00004000,0.00004000,0.01098000
2003-01-15,0.0000,0.00004000,0.00004000,-0.01940000
2003-01-16,0.0000,0.00004000,0.00004000,-0.01128000
2003-01-17,0.0000,0.00004000,0.00004000,-0.04132000
2003-01-21,0.0000,0.00004000,0.00004000,-0.00848000
2003-01-22,0.0000,0.00004000,0.00004000,-0.00237000
2003-01-23,0.0000,0.00004000,0.00004000,0.02601000
2003-01-24,0.0000,0.00004000,0.00004000,-0.03531000
2003-01-27,0.0000,0.00004000,0.00004000,-0.00978000
2003-01-28,0.0000,0.00004000,0.00004000,0.01523000
2003-01-29,0.0000,0.00004000,0.00004000,0.01515000
2003-01-30,0.0000,0.00004000,0.00004000,-0.03051000
2003-01-31,0.0000,0.00004000,0.00004000,-0.00248000
2003-02-03,0.0000,0.00004000,0.00004000,0.00411000
2003-02-04,0.0000,0.00004000,0.00004000,-0.01552000
2003-02-05,0.0000,0.00004000,0.00004000,-0.00282000
2003-02-06,0.0000,0.00004000,0.00004000,0.00165000
2003-02-07,0.0000,0.00004000,0.00004000,-0.01389000
2003-02-10,0.0000,0.00004000,0.00004000,0.01351000
2003-02-11,0.0000,0.00004000,0.00004000,0.00172000
2003-02-12,0.0000,0.00004000,0.00004000,-0.01525000
2003-02-13,0.0000,0.00004000,0.00004000,-0.00507000
2003-02-14,0.0000,0.00004000,0.00004000,0.03174000
2003-02-18,0.0000,0.00004000,0.00004000,0.03344000
2003-02-19,0.0000,0.00004000,0.00004000,-0.00887000
2003-02-20,0.0000,0.00004000,0.00004000,-0.00436000
2003-02-21,0.0000,0.00004000,0.00004000,0.01445000
2003-02-24,0.0000,0.00004000,0.00004000,-0.02087000
2003-02-25,0.0000,0.00004000,0.00004000,0.00464000
2003-02-26,0.0000,0.00004000,0.00004000,-0.02478000
2003-02-27,0.0000,0.00004000,0.00004000,0.02087000
2003-02-28,0.0000,0.00004000,0.00004000,0.01504000
2003-03-03,0.0000,0.00004000,0.00004000,-0.01847000
2003-03-04,0.0000,0.00004000,0.00004000,-0.00814000
2003-03-05,0.0000,0.00004000,0.00004000,0.00740000
2003-03-06,0.0000,0.00004000,0.00004000,-0.00631000
2003-03-07,0.0000,0.00004000,0.00004000,0.00293000
2003-03-10,0.0000,0.00004000,0.00004000,-0.02281000
2003-03-11,0.0000,0.00004000,0.00004000,-0.00565000
2003-03-12,0.0000,0.00004000,0.00004000,0.01225000
2003-03-13,0.0000,0.00004000,0.00004000,0.06107000
2003-03-14,0.0000,0.00004000,0.00004000,0.00066000
2003-03-17,0.0000,0.00004000,0.00004000,0.04521000
2003-03-18,0.0000,0.00004000,0.00004000,0.00483000
2003-03-19,0.0000,0.00004000,0.00004000,-0.00665000
2003-03-20,0.0000,0.00004000,0.00004000,0.00493000
2003-03-21,0.0000,0.00004000,0.00004000,0.01195000
2003-03-24,0.0000,0.00004000,0.00004000,-0.04208000
2003-03-25,0.0000,0.00004000,0.00004000,0.01862000
2003-03-26,0.0000,0.00004000,0.00004000,-0.00023000
2003-03-27,0.0000,0.00004000,0.00004000,-0.00407000
2003-03-28,0.0000,0.00004000,0.00004000,-0.01430000
2003-03-31,0.0000,0.00004000,0.00004000,-0.02678000
2003-04-01,0.0000,0.00004000,0.00004000,0.00392000
2003-04-02,0.0000,0.00004000,0.00004000,0.03995000
2003-04-03,1.0000,0.00009000,0.00009000,0.00059000
2003-04-04,1.0000,-0.01253000,-0.01253000,-0.01253000
2003-04-07,1.0000,0.00248000,0.00248000,0.00248000
2003-04-08,1.0000,-0.00660000,-0.00660000,-0.00660000
2003-04-09,1.0000,-0.02175000,-0.02175000,-0.02175000
2003-04-10,1.0000,0.00942000,0.00942000,0.00942000
2003-04-11,1.0000,-0.00674000,-0.00674000,-0.00674000
2003-04-14,1.0000,0.02162000,0.02162000,0.02162000
2003-04-15,1.0000,0.00457000,0.00457000,0.00457000
2003-04-16,1.0000,0.00174000,0.00174000,0.00174000
2003-04-17,1.0000,0.02720000,0.02720000,0.02720000
2003-04-21,1.0000,-0.00230000,-0.00230000,-0.00230000
2003-04-22,1.0000,0.01982000,0.01982000,0.01982000
2003-04-23,1.0000,0.00954000,0.00954000,0.00954000
2003-04-24,1.0000,-0.00430000,-0.00430000,-0.00430000
2003-04-25,1.0000,-0.02247000,-0.02247000,-0.02247000
2003-04-28,1.0000,0.02213000,0.02213000,0.02213000
2003-04-29,1.0000,0.00875000,0.00875000,0.00875000
2003-04-30,1.0000,-0.00958000,-0.00958000,-0.00958000
2003-05-01,1.0000,0.00649000,0.00649000,0.00649000
2003-05-02,1.0000,0.02081000,0.02081000,0.02081000
2003-05-05,1.0000,-0.00006000,-0.00006000,-0.00006000
2003-05-06,1.0000,0.01456000,0.01456000,0.01456000
2003-05-07,1.0000,-0.01466000,-0.01466000,-0.01466000
2003-05-08,1.0000,-0.01502000,-0.01502000,-0.01502000
2003-05-09,1.0000,0.02218000,0.02218000,0.02218000
2003-05-12,1.0000,0.01478000,0.01478000,0.01478000
2003-05-13,1.0000,-0.00381000,-0.00381000,-0.00381000
2003-05-14,1.0000,-0.00675000,-0.00675000,-0.00675000
2003-05-15,1.0000,0.01291000,0.01291000,0.01291000
2003-05-16,1.0000,-0.00724000,-0.00724000,-0.00724000
2003-05-19,1.0000,-0.03635000,-0.03635000,-0.03635000
2003-05-20,1.0000,0.00035000,0.00035000,0.00035000
2003-05-21,1.0000,0.00077000,0.00077000,0.00077000
2003-05-22,1.0000,0.01598000,0.01598000,0.01598000
2003-05-23,1.0000,-0.00121000,-0.00121000,-0.00121000
2003-05-27,1.0000,0.03766000,0.03766000,0.03766000
2003-05-28,1.0000,0.00065000,0.00065000,0.00065000
2003-05-29,1.0000,0.00728000,0.00728000,0.00728000
2003-05-30,1.0000,0.01362000,0.01362000,0.01362000
2003-06-02,1.0000,-0.01063000,-0.01063000,-0.01063000
2003-06-03,1.0000,0.01136000,0.01136000,0.01136000
2003-06-04,1.0000,0.02187000,0.02187000,0.02187000
2003-06-05,1.0000,0.00571000,0.00571000,0.00571000
2003-06-06,1.0000,-0.01509000,-0.01509000,-0.01509000
2003-06-09,1.0000,-0.01445000,-0.01445000,-0.01445000
2003-06-10,1.0000,0.01461000,0.01461000,0.01461000
2003-06-11,1.0000,0.01260000,0.01260000,0.01260000
2003-06-12,1.0000,0.00090000,0.00090000,0.00090000
2003-06-13,1.0000,-0.02065000,-0.02065000,-0.02065000
2003-06-16,1.0000,0.03131000,0.03131000,0.03131000
2003-06-17,1.0000,-0.00155000,-0.00155000,-0.00155000
2003-06-18,1.0000,0.00670000,0.00670000,0.00670000
2003-06-19,1.0000,-0.01761000,-0.01761000,-0.01761000
2003-06-20,1.0000,-0.00201000,-0.00201000,-0.00201000
2003-06-23,1.0000,-0.01896000,-0.01896000,-0.01896000
2003-06-24,1.0000,-0.00703000,-0.00703000,-0.00703000
2003-06-25,1.0000,-0.00280000,-0.00280000,-0.00280000
2003-06-26,1.0000,0.02211000,0.02211000,0.02211000
2003-06-27,1.0000,-0.00767000,-0.00767000,-0.00767000
2003-06-30,1.0000,-0.00292000,-0.00292000,-0.00292000
2003-07-01,1.0000,0.01307000,0.01307000,0.01307000
2003-07-02,1.0000,0.02334000,0.02334000,0.02334000
2003-07-03,1.0000,-0.01154000,-0.01154000,-0.01154000
2003-07-07,1.0000,0.04108000,0.04108000,0.04108000
2003-07-08,1.0000,0.01288000,0.01288000,0.01288000
2003-07-09,1.0000,-0.00245000,-0.00245000,-0.00245000
2003-07-10,1.0000,-0.02044000,-0.02044000,-0.02044000
2003-07-11,1.0000,0.00942000,0.00942000,0.00942000
2003-07-14,1.0000,0.01187000,0.01187000,0.01187000
2003-07-15,1.0000,-0.00096000,-0.00096000,-0.00096000
2003-07-16,1.0000,-0.00189000,-0.00189000,-0.00189000
2003-07-17,1.0000,-0.02788000,-0.02788000,-0.02788000
2003-07-18,1.0000,0.00318000,0.00318000,0.00318000
2003-07-21,1.0000,-0.01516000,-0.01516000,-0.01516000
2003-07-22,1.0000,0.01360000,0.01360000,0.01360000
2003-07-23,1.0000,0.00868000,0.00868000,0.00868000
2003-07-24,1.0000,-0.01161000,-0.01161000,-0.01161000
2003-07-25,1.0000,0.01960000,0.01960000,0.01960000
2003-07-28,1.0000,0.00176000,0.00176000,0.00176000
2003-07-29,1.0000,-0.00416000,-0.00416000,-0.00416000
2003-07-30,1.0000,-0.00891000,-0.00891000,-0.00891000
2003-07-31,1.0000,0.01044000,0.01044000,0.01044000
2003-08-01,1.0000,-0.00984000,-0.00984000,-0.00984000
2003-08-04,1.0000,0.00243000,0.00243000,0.00243000
2003-08-05,1.0000,-0.02969000,-0.02969000,-0.02969000
2003-08-06,1.0000,-0.01184000,-0.01184000,-0.01184000
2003-08-07,1.0000,0.00170000,0.00170000,0.00170000
2003-08-08,1.0000,-0.00810000,-0.00810000,-0.00810000
2003-08-11,1.0000,0.01316000,0.01316000,0.01316000
2003-08-12,1.0000,0.01438000,0.01438000,0.01438000
2003-08-13,1.0000,-0.00024000,-0.00024000,-0.00024000
2003-08-14,1.0000,0.00932000,0.00932000,0.00932000
2003-08-15,1.0000,0.00141000,0.00141000,0.00141000
2003-08-18,1.0000,0.02490000,0.02490000,0.02490000
2003-08-19,1.0000,0.01161000,0.01161000,0.01161000
2003-08-20,1.0000,0.00005000,0.00005000,0.00005000
2003-08-21,1.0000,0.01150000,0.01150000,0.01150000
2003-08-22,1.0000,-0.00767000,-0.00767000,-0.00767000
2003-08-25,1.0000,0.00163000,0.00163000,0.00163000
2003-08-26,1.0000,0.00187000,0.00187000,0.00187000
2003-08-27,1.0000,0.00757000,0.00757000,0.00757000
2003-08-28,1.0000,0.01018000,0.01018000,0.01018000
2003-08-29,1.0000,0.00668000,0.00668000,0.00668000
2003-09-02,1.0000,0.01485000,0.01485000,0.01485000
2003-09-03,1.0000,-0.00064000,-0.00064000,-0.00064000
2003-09-04,1.2512,0.01190362,0.01190900,0.00963000
2003-09-05,1.2512,-0.01034162,-0.01033624,-0.00825000
2003-09-08,1.2512,0.02282675,0.02283213,0.01826000
2003-09-09,1.2512,-0.01458307,-0.01457769,-0.01164000
2003-09-10,1.2512,-0.03493951,-0.03493413,-0.02791000
2003-09-11,1.0519,0.01453866,0.01453978,0.01392000
2003-09-12,1.0519,0.00533958,0.00534069,0.00508000
2003-09-15,1.0519,-0.00761973,-0.00761862,-0.00724000
2003-09-16,1.0519,0.02737671,0.02737782,0.02603000
2003-09-17,1.0519,-0.00455872,-0.00455761,-0.00433000
2003-09-18,1.0519,0.01784657,0.01784768,0.01697000
2003-09-19,1.0519,-0.00589463,-0.00589351,-0.00560000
2003-09-22,1.0519,-0.01957974,-0.01957862,-0.01861000
2003-09-23,1.0519,0.01682623,0.01682735,0.01600000
2003-09-24,1.0519,-0.03673609,-0.03673498,-0.03492000
2003-09-25,1.0519,-0.01088059,-0.01087948,-0.01034000
2003-09-26,1.0519,-0.01302645,-0.01302534,-0.01238000
2003-09-29,1.0519,0.02106536,0.02106647,0.02003000
2003-09-30,1.0519,-0.02502853,-0.02502742,-0.02379000
2003-10-01,1.0519,0.02554642,0.02554753,0.02429000
2003-10-02,1.0519,0.00140550,0.00140661,0.00134000
2003-10-03,1.0519,0.03009059,0.03009170,0.02861000
2003-10-06,1.0519,0.00489778,0.00489890,0.00466000
2003-10-07,1.0519,0.00828487,0.00828599,0.00788000
2003-10-08,1.0519,-0.00765128,-0.00765017,-0.00727000
2003-10-09,1.0519,0.01109343,0.01109454,0.01055000
2003-10-10,1.0519,0.00598123,0.00598234,0.00569000
2003-10-13,1.0519,0.00740129,0.00740240,0.00704000
2003-10-14,1.0519,0.00443495,0.00443606,0.00422000
2003-10-15,1.0519,-0.00225508,-0.00225397,-0.00214000
2003-10-16,1.0519,0.00679119,0.00679230,0.00646000
2003-10-17,1.0519,-0.02408183,-0.02408072,-0.02289000
2003-10-20,1.0519,0.01155626,0.01155737,0.01099000
2003-10-21,1.0519,0.00958922,0.00959033,0.00912000
2003-10-22,1.0519,-0.02567019,-0.02566908,-0.02440000
2003-10-23,1.0519,-0.00702015,-0.00701904,-0.00667000
2003-10-24,1.0519,-0.00570528,-0.00570417,-0.00542000
2003-10-27,1.0519,0.00524491,0.00524602,0.00499000
2003-10-28,1.0519,0.03256253,0.03256365,0.03096000
2003-10-29,1.0519,-0.00005663,-0.00005551,-0.00005000
2003-10-30,1.0519,-0.00186588,-0.00186477,-0.00177000
2003-10-31,1.0519,-0.00070880,-0.00070769,-0.00067000
2003-11-03,1.0519,0.01987672,0.01987783,0.01890000
2003-11-04,1.0519,-0.00999700,-0.00999589,-0.00950000
2003-11-05,1.0519,0.00015375,0.00015486,0.00015000
2003-11-06,1.0519,0.00775893,0.00776004,0.00738000
2003-11-07,1.0519,-0.00242338,-0.00242227,-0.00230000
2003-11-10,1.0519,-0.01617161,-0.01617049,-0.01537000
2003-11-11,1.0519,-0.00368565,-0.00368454,-0.00350000
2003-11-12,1.0519,0.02530448,0.02530559,0.02406000
2003-11-13,1.0519,-0.00263376,-0.00263265,-0.00250000
2003-11-14,1.0519,-0.02361900,-0.02361789,-0.02245000
2003-11-17,1.0519,-0.01025998,-0.01025886,-0.00975000
2003-11-18,1.0519,-0.02190442,-0.02190330,-0.02082000
2003-11-19,1.0519,0.01096720,0.01096831,0.01043000
2003-11-20,1.0519,-0.01173262,-0.01173151,-0.01115000
2003-11-21,1.0519,0.00760114,0.00760226,0.00723000
2003-11-24,1.0519,0.03524486,0.03524597,0.03351000
2003-11-25,1.0519,-0.00587359,-0.00587248,-0.00558000
2003-11-26,1.0519,0.00653873,0.00653985,0.00622000
2003-11-28,1.0519,0.00308853,0.00308964,0.00294000
2003-12-01,1.0519,0.01687883,0.01687994,0.01605000
2003-12-02,1.0519,-0.01101734,-0.01101623,-0.01047000
2003-12-03,1.0519,-0.00888200,-0.00888089,-0.00844000
2003-12-04,1.0519,0.00936832,0.00936943,0.00891000
2003-12-05,1.0519,-0.01868563,-0.01868452,-0.01776000
2003-12-08,1.0519,0.00834799,0.00834910,0.00794000
2003-12-09,1.0519,-0.02549137,-0.02549025,-0.02423000
2003-12-10,1.0519,0.00404575,0.00404686,0.00385000
2003-12-11,1.0519,0.02122314,0.02122425,0.02018000
2003-12-12,1.0519,0.00024842,0.00024953,0.00024000
2003-12-15,1.0519,-0.01516179,-0.01516068,-0.01441000
2003-12-16,1.0519,0.00488726,0.00488838,0.00465000
2003-12-17,1.0519,-0.00243390,-0.00243279,-0.00231000
2003-12-18,1.0519,0.02354782,0.02354893,0.02239000
2003-12-19,1.0519,-0.00375929,-0.00375817,-0.00357000
2003-12-22,1.0519,0.00410886,0.00410998,0.00391000
2003-12-23,1.0519,0.01211376,0.01211487,0.01152000
2003-12-24,1.0519,-0.00360150,-0.00360039,-0.00342000
2003-12-26,1.0519,0.00051140,0.00051251,0.00049000
2003-12-29,1.0519,0.01932974,0.01933085,0.01838000
2003-12-30,1.0519,-0.00023545,-0.00023434,-0.00022000
2003-12-31,1.0519,-0.00147668,-0.00147557,-0.00140000
2004-01-02,1.0519,-0.00309659,-0.00309548,-0.00294000
2004-01-05,1.0519,0.02374768,0.02374879,0.02258000
2004-01-06,1.0519,0.00330943,0.00331054,0.00315000
2004-01-07,1.0519,0.00912639,0.00912750,0.00868000
2004-01-08,1.0519,0.01140899,0.01141010,0.01085000
2004-01-09,1.1620,-0.00777171,-0.00776824,-0.00663000
2004-01-12,1.1620,0.01476807,0.01477154,0.01272000
2004-01-13,1.1620,-0.01129562,-0.01129215,-0.00971000
2004-01-14,1.1620,0.00709886,0.00710233,0.00612000
2004-01-15,1.1620,-0.00155805,-0.00155458,-0.00133000
2004-01-16,1.1620,0.01640649,0.01640996,0.01413000
2004-01-20,1.1620,-0.00054711,-0.00054364,-0.00046000
2004-01-21,1.3490,-0.00552992,-0.00552244,-0.00401000
2004-01-22,1.3490,-0.01411024,-0.01410277,-0.01044000
2004-01-23,1.3490,0.00070132,0.00070880,0.00054000
2004-01-26,1.3490,0.01978909,0.01979657,0.01469000
2004-01-27,1.3490,-0.02989306,-0.02988558,-0.02214000
2004-01-28,1.1458,-0.02094292,-0.02093980,-0.01818000
2004-01-29,1.1458,0.00372387,0.00372699,0.00326000
2004-01-30,1.1458,-0.00252055,-0.00251743,-0.00219000
2004-02-02,1.1458,-0.00401004,-0.00400692,-0.00349000
2004-02-03,1.1458,0.00310515,0.00310828,0.00272000
2004-02-04,1.2757,-0.02506387,-0.02505796,-0.01958000
2004-02-05,1.1668,0.00189287,0.00189645,0.00168000
2004-02-06,1.1668,0.02703391,0.02703749,0.02318000
2004-02-09,1.1668,-0.00624378,-0.00624020,-0.00534000
2004-02-10,1.1668,0.00736134,0.00736491,0.00632000
2004-02-11,1.1668,0.01081512,0.01081870,0.00928000
2004-02-12,1.1668,-0.00988425,-0.00988068,-0.00846000
2004-02-13,1.1668,-0.01309301,-0.01308943,-0.01121000
2004-02-17,1.1668,0.01738431,0.01738789,0.01491000
2004-02-18,1.1668,0.00072213,0.00072571,0.00063000
2004-02-19,1.1668,-0.01755026,-0.01754668,-0.01503000
2004-02-20,1.0430,-0.00193225,-0.00193132,-0.00179000
2004-02-23,1.0430,-0.01289506,-0.01289413,-0.01236000
2004-02-24,1.0430,-0.00119238,-0.00119146,-0.00114000
2004-02-25,1.0430,0.00584799,0.00584892,0.00561000
2004-02-26,1.1801,0.00548761,0.00549147,0.00472000
2004-02-27,1.1801,-0.00538353,-0.00537967,-0.00455000
2004-03-01,1.1801,0.01535114,0.01535500,0.01302000
2004-03-02,1.1801,-0.01287728,-0.01287342,-0.01090000
2004-03-03,1.1801,-0.00570216,-0.00569830,-0.00482000
2004-03-04,1.1801,0.01230644,0.01231030,0.01044000
2004-03-05,1.1801,-0.00665806,-0.00665420,-0.00563000
2004-03-08,1.1801,-0.02551635,-0.02551249,-0.02161000
2004-03-09,1.1801,-0.00297609,-0.00297223,-0.00251000
2004-03-10,1.1801,-0.01638223,-0.01637837,-0.01387000
2004-03-11,1.1801,-0.01272387,-0.01272001,-0.01077000
2004-03-12,1.1801,0.02459147,0.02459533,0.02085000
2004-03-15,1.1801,-0.02597659,-0.02597273,-0.02200000
2004-03-16,1.0551,0.00538794,0.00538912,0.00517000
2004-03-17,1.0551,0.01638103,0.01638221,0.01553000
2004-03-18,1.0551,-0.00819166,-0.00819048,-0.00776000
2004-03-19,1.0551,-0.01425834,-0.01425716,-0.01351000
2004-03-22,1.0551,-0.01295005,-0.01294887,-0.01227000
2004-03-23,1.0551,-0.00864534,-0.00864416,-0.00819000
2004-03-24,1.0551,0.00912212,0.00912330,0.00865000
2004-03-25,1.0551,0.03361041,0.03361159,0.03186000
2004-03-26,1.0551,-0.00772743,-0.00772625,-0.00732000
2004-03-29,1.0551,0.02008435,0.02008553,0.01904000
2004-03-30,1.0551,0.00216918,0.00217036,0.00206000
2004-03-31,1.0551,-0.00497368,-0.00497250,-0.00471000
2004-04-01,1.0551,0.01088409,0.01088527,0.01032000
2004-04-02,1.0551,0.02694233,0.02694351,0.02554000
2004-04-05,1.0551,0.01281488,0.01281606,0.01215000
2004-04-06,1.0551,-0.01032291,-0.01032173,-0.00978000
2004-04-07,1.0551,-0.00819166,-0.00819048,-0.00776000
2004-04-08,1.0551,0.00254900,0.00255018,0.00242000
2004-04-12,1.0551,0.00742345,0.00742463,0.00704000
2004-04-13,1.0551,-0.01623133,-0.01623015,-0.01538000
2004-04-14,1.0551,0.00201091,0.00201209,0.00191000
2004-04-15,1.0551,-0.01156790,-0.01156672,-0.01096000
2004-04-16,1.0551,-0.00749531,-0.00749413,-0.00710000
2004-04-19,1.0551,0.01780538,0.01780657,0.01688000
2004-04-20,1.0551,-0.02617014,-0.02616896,-0.02480000
2004-04-21,1.0551,0.01037766,0.01037884,0.00984000
2004-04-22,1.0551,0.02509595,0.02509713,0.02379000
2004-04-23,1.0551,0.00819365,0.00819483,0.00777000
2004-04-26,1.0551,-0.01158900,-0.01158782,-0.01098000
2004-04-27,1.0551,-0.00073228,-0.00073110,-0.00069000
2004-04-28,1.0551,-0.01883737,-0.01883619,-0.01785000
2004-04-29,1.0551,-0.01571434,-0.01571316,-0.01489000
2004-04-30,1.0551,-0.02209755,-0.02209637,-0.02094000
2004-05-03,1.0551,0.01050427,0.01050545,0.00996000
2004-05-04,1.0551,0.00510228,0.00510346,0.00484000
2004-05-05,1.0551,0.00470135,0.00470253,0.00446000
2004-05-06,1.0551,-0.00944720,-0.00944602,-0.00895000
2004-05-07,1.0551,-0.00698888,-0.00698769,-0.00662000
2004-05-10,1.0551,-0.00679896,-0.00679778,-0.00644000
2004-05-11,1.0551,0.01874440,0.01874558,0.01777000
2004-05-12,1.0551,-0.00521635,-0.00521517,-0.00494000
2004-05-13,1.0551,0.00170494,0.00170612,0.00162000
2004-05-14,1.0551,-0.01281289,-0.01281171,-0.01214000
2004-05-17,1.0551,-0.01501799,-0.01501681,-0.01423000
2004-05-18,1.0551,0.01345848,0.01345966,0.01276000
2004-05-19,1.0551,-0.00082724,-0.00082606,-0.00078000
2004-05-20,1.0551,0.00041775,0.00041893,0.00040000
2004-05-21,1.0551,0.00855238,0.00855356,0.00811000
2004-05-24,1.0551,0.00436373,0.00436491,0.00414000
2004-05-25,1.0551,0.02520146,0.02520264,0.02389000
2004-05-26,1.0551,0.00450089,0.00450207,0.00427000
2004-05-27,1.0551,0.00672710,0.00672828,0.00638000
2004-05-28,1.1734,0.00245024,0.00245396,0.00215000
2004-06-01,1.3060,0.00201257,0.00201913,0.00161000
2004-06-02,1.3060,-0.00383720,-0.00383065,-0.00292000
2004-06-03,1.3060,-0.01694913,-0.01694257,-0.01296000
2004-06-04,1.3060,0.00889599,0.00890255,0.00683000
2004-06-07,1.3060,0.03269075,0.03269730,0.02505000
2004-06-08,1.1421,0.00339035,0.00339340,0.00305000
2004-06-09,1.1421,-0.02019156,-0.02018852,-0.01767000
2004-06-10,1.1421,0.00915985,0.00916289,0.00803000
2004-06-14,1.1421,-0.01742773,-0.01742469,-0.01525000
2004-06-15,1.1421,0.01611511,0.01611815,0.01412000
2004-06-16,1.1421,0.00062852,0.00063157,0.00056000
2004-06-17,1.1421,-0.01229980,-0.01229676,-0.01076000
2004-06-18,1.1421,0.00050290,0.00050594,0.00045000
2004-06-21,1.1421,-0.00888499,-0.00888194,-0.00777000
2004-06-22,1.1421,0.01701735,0.01702039,0.01491000
2004-06-23,1.1421,0.01445909,0.01446214,0.01267000
2004-06-24,1.1421,-0.00396263,-0.00395959,-0.00346000
2004-06-25,1.1421,0.00774367,0.00774672,0.00679000
2004-06-28,1.1421,-0.00403116,-0.00402811,-0.00352000
2004-06-29,1.1421,0.00963952,0.00964257,0.00845000
2004-06-30,1.1421,0.00834897,0.00835202,0.00732000
2004-07-01,1.1421,-0.02036288,-0.02035983,-0.01782000
2004-07-02,1.1421,-0.00640668,-0.00640363,-0.00560000
2004-07-06,1.1421,-0.02734097,-0.02733793,-0.02393000
2004-07-07,1.0067,0.00467340,0.00467354,0.00471000
2004-07-08,1.1171,-0.01646345,-0.01646094,-0.01468000
2004-07-09,1.0000,0.00616145,0.00616145,0.00622000
2004-07-12,1.0000,-0.00546000,-0.00546000,-0.00546000
2004-07-13,1.0000,-0.00237000,-0.00237000,-0.00237000
2004-07-14,1.0000,-0.00882000,-0.00882000,-0.00882000
2004-07-15,1.0000,-0.00007000,-0.00007000,-0.00007000
2004-07-16,1.0000,-0.01675000,-0.01675000,-0.01675000
2004-07-19,1.0000,0.00333000,0.00333000,0.00333000
2004-07-20,1.0000,0.01742000,0.01742000,0.01742000
2004-07-21,1.0000,-0.02425000,-0.02425000,-0.02425000
2004-07-22,1.0000,0.01585000,0.01585000,0.01585000
2004-07-23,1.0000,-0.02343000,-0.02343000,-0.02343000
2004-07-26,1.0000,-0.00512000,-0.00512000,-0.00512000
2004-07-27,1.0000,0.01690000,0.01690000,0.01690000
2004-07-28,1.0000,-0.00555000,-0.00555000,-0.00555000
2004-07-29,1.0000,0.01072000,0.01072000,0.01072000
2004-07-30,1.0000,0.00134000,0.00134000,0.00134000
2004-08-02,1.0000,0.00427000,0.00427000,0.00427000
2004-08-03,1.0000,-0.01931000,-0.01931000,-0.01931000
2004-08-04,1.0000,0.00007000,0.00007000,0.00007000
2004-08-05,1.0000,-0.01866000,-0.01866000,-0.01866000
2004-08-06,1.0000,-0.02816000,-0.02816000,-0.02816000
2004-08-09,1.0000,0.00271000,0.00271000,0.00271000
2004-08-10,1.0000,0.02116000,0.02116000,0.02116000
2004-08-11,1.0000,-0.01636000,-0.01636000,-0.01636000
2004-08-12,1.0000,-0.01524000,-0.01524000,-0.01524000
2004-08-13,1.0000,0.00262000,0.00262000,0.00262000
2004-08-16,1.0000,0.01457000,0.01457000,0.01457000
2004-08-17,1.0000,0.00672000,0.00672000,0.00672000
2004-08-18,1.0000,0.02099000,0.02099000,0.02099000
2004-08-19,1.0000,-0.00767000,-0.00767000,-0.00767000
2004-08-20,1.0000,0.00999000,0.00999000,0.00999000
2004-08-23,1.0000,0.00307000,0.00307000,0.00307000
2004-08-24,1.0000,-0.00079000,-0.00079000,-0.00079000
2004-08-25,1.0000,0.01418000,0.01418000,0.01418000
2004-08-26,1.0000,-0.00371000,-0.00371000,-0.00371000
2004-08-27,1.0000,0.00333000,0.00333000,0.00333000
2004-08-30,1.0000,-0.01483000,-0.01483000,-0.01483000
2004-08-31,1.0000,0.00056000,0.00056000,0.00056000
2004-09-01,1.0000,0.00680000,0.00680000,0.00680000
2004-09-02,1.0000,0.01481000,0.01481000,0.01481000
2004-09-03,1.0000,-0.01894000,-0.01894000,-0.01894000
2004-09-07,1.0000,0.00733000,0.00733000,0.00733000
2004-09-08,1.0000,-0.00365000,-0.00365000,-0.00365000
2004-09-09,1.0000,0.01074000,0.01074000,0.01074000
2004-09-10,1.0000,0.01545000,0.01545000,0.01545000
2004-09-13,1.0000,0.01017000,0.01017000,0.01017000
2004-09-14,1.0000,0.00495000,0.00495000,0.00495000
2004-09-15,1.0000,-0.01327000,-0.01327000,-0.01327000
2004-09-16,1.0000,0.00191000,0.00191000,0.00191000
2004-09-17,1.0000,0.00590000,0.00590000,0.00590000
2004-09-20,1.0000,-0.00108000,-0.00108000,-0.00108000
2004-09-21,1.0000,0.00788000,0.00788000,0.00788000
2004-09-22,1.0000,-0.02205000,-0.02205000,-0.02205000
2004-09-23,1.0000,0.00113000,0.00113000,0.00113000
2004-09-24,1.0000,-0.00476000,-0.00476000,-0.00476000
2004-09-27,1.0000,-0.00963000,-0.00963000,-0.00963000
2004-09-28,1.0000,0.00302000,0.00302000,0.00302000
2004-09-29,1.0000,0.01525000,0.01525000,0.01525000
2004-09-30,1.0000,0.00136000,0.00136000,0.00136000
2004-10-01,1.0000,0.02848000,0.02848000,0.02848000
2004-10-04,1.0000,0.00420000,0.00420000,0.00420000
2004-10-05,1.0000,0.00191000,0.00191000,0.00191000
2004-10-06,1.0000,0.00864000,0.00864000,0.00864000
2004-10-07,1.0000,-0.01259000,-0.01259000,-0.01259000
2004-10-08,1.0000,-0.01702000,-0.01702000,-0.01702000
2004-10-11,1.0000,0.00475000,0.00475000,0.00475000
2004-10-12,1.0000,-0.00188000,-0.00188000,-0.00188000
2004-10-13,1.0000,-0.00035000,-0.00035000,-0.00035000
2004-10-14,1.0000,-0.00642000,-0.00642000,-0.00642000
2004-10-15,1.0000,0.00407000,0.00407000,0.00407000
2004-10-18,1.0000,0.01842000,0.01842000,0.01842000
2004-10-19,1.0000,-0.00925000,-0.00925000,-0.00925000
2004-10-20,1.0000,0.00588000,0.00588000,0.00588000
2004-10-21,1.0000,0.01554000,0.01554000,0.01554000
2004-10-22,1.0000,-0.02475000,-0.02475000,-0.02475000
2004-10-25,1.0000,-0.00393000,-0.00393000,-0.00393000
2004-10-26,1.0000,0.00670000,0.00670000,0.00670000
2004-10-27,1.0000,0.02630000,0.02630000,0.02630000
2004-10-28,1.0000,0.00481000,0.00481000,0.00481000
2004-10-29,1.0000,-0.00025000,-0.00025000,-0.00025000
2004-11-01,1.0000,0.00142000,0.00142000,0.00142000
2004-11-02,1.0000,0.00408000,0.00408000,0.00408000
2004-11-03,1.0000,0.00608000,0.00608000,0.00608000
2004-11-04,1.0000,0.00821000,0.00821000,0.00821000
2004-11-05,1.0000,0.00599000,0.00599000,0.00599000
2004-11-08,1.0000,0.00126000,0.00126000,0.00126000
2004-11-09,1.0000,-0.00006000,-0.00006000,-0.00006000
2004-11-10,1.0000,-0.00649000,-0.00649000,-0.00649000
2004-11-11,1.0000,0.01627000,0.01627000,0.01627000
2004-11-12,1.0000,0.01086000,0.01086000,0.01086000
2004-11-15,1.0000,0.00166000,0.00166000,0.00166000
2004-11-16,1.0000,-0.00794000,-0.00794000,-0.00794000
2004-11-17,1.0000,0.01461000,0.01461000,0.01461000
2004-11-18,1.0000,0.00619000,0.00619000,0.00619000
2004-11-19,1.0000,-0.01813000,-0.01813000,-0.01813000
2004-11-22,1.0000,0.01044000,0.01044000,0.01044000
2004-11-23,1.0000,-0.00360000,-0.00360000,-0.00360000
2004-11-24,1.0000,0.01279000,0.01279000,0.01279000
2004-11-26,1.0000,-0.00269000,-0.00269000,-0.00269000
2004-11-29,1.0000,0.00141000,0.00141000,0.00141000
2004-11-30,1.4461,-0.00839951,-0.00838995,-0.00563000
2004-12-01,1.4461,0.03280721,0.03281677,0.02271000
2004-12-02,1.2486,0.00457666,0.00458199,0.00376000
2004-12-03,1.2486,0.00097957,0.00098489,0.00080000
2004-12-06,1.2486,0.00402616,0.00403149,0.00324000
2004-12-07,1.2486,-0.02331825,-0.02331292,-0.01866000
2004-12-08,1.2486,0.00989459,0.00989992,0.00794000
2004-12-09,1.2486,0.00614878,0.00615411,0.00494000
2004-12-10,1.2486,-0.00357783,-0.00357251,-0.00285000
2004-12-13,1.2486,0.01245423,0.01245956,0.00999000
2004-12-14,1.2486,0.00486272,0.00486805,0.00391000
2004-12-15,1.2486,-0.00292856,-0.00292323,-0.00233000
2004-12-16,1.2486,-0.01230557,-0.01230024,-0.00984000
2004-12-17,1.2486,-0.00853479,-0.00852946,-0.00682000
2004-12-20,1.2486,-0.00361529,-0.00360997,-0.00288000
2004-12-21,1.4187,0.01531742,0.01532639,0.01088000
2004-12-22,1.4187,0.00379784,0.00380681,0.00270000
2004-12-23,1.4187,0.00018027,0.00018924,0.00015000
2004-12-27,1.4187,-0.00543761,-0.00542864,-0.00381000
2004-12-28,1.4187,0.01465056,0.01465953,0.01035000
2004-12-29,1.4187,0.00066261,0.00067158,0.00049000
2004-12-30,1.4187,-0.00103977,-0.00103080,-0.00071000
2004-12-31,1.7872,-0.00310504,-0.00308817,-0.00160000
2005-01-03,1.7872,-0.01943483,-0.01941796,-0.01084000
2005-01-04,1.7872,-0.03532338,-0.03530651,-0.01973000
2005-01-05,1.4598,-0.00765904,-0.00764919,-0.00511000
2005-01-06,1.6550,-0.00671867,-0.00670464,-0.00397000
2005-01-07,1.6550,0.00772744,0.00774147,0.00470000
2005-01-10,1.6550,0.00009806,0.00011209,0.00009000
2005-01-11,1.6550,-0.01219832,-0.01218429,-0.00734000
2005-01-12,1.6550,0.01317227,0.01318630,0.00799000
2005-01-13,1.6550,-0.02178056,-0.02176653,-0.01313000
2005-01-14,1.6550,0.01704488,0.01705892,0.01033000
2005-01-18,1.6550,0.01310607,0.01312010,0.00795000
2005-01-19,1.6550,-0.02929409,-0.02928006,-0.01767000
2005-01-20,1.4051,-0.02838507,-0.02837639,-0.02009000
2005-01-21,1.2912,-0.00936311,-0.00935687,-0.00719000
2005-01-24,1.2912,-0.01972588,-0.01971964,-0.01526000
2005-01-25,1.2912,0.00865404,0.00866028,0.00672000
2005-01-26,1.2912,0.01597497,0.01598121,0.01239000
2005-01-27,1.1851,-0.00118141,-0.00117745,-0.00094000
2005-01-28,1.1851,-0.00634285,-0.00633888,-0.00534000
2005-01-31,1.1851,0.01596084,0.01596481,0.01348000
2005-02-01,1.1851,0.00316170,0.00316567,0.00268000
2005-02-02,1.1851,0.00113517,0.00113914,0.00097000
2005-02-03,1.1851,-0.01308610,-0.01308213,-0.01103000
2005-02-04,1.1851,0.02064201,0.02064597,0.01743000
2005-02-07,1.1851,-0.00418595,-0.00418199,-0.00352000
2005-02-08,1.1851,0.00282987,0.00283384,0.00240000
2005-02-09,1.1851,-0.01999526,-0.01999130,-0.01686000
2005-02-10,1.1851,0.00003302,0.00003699,0.00004000
2005-02-11,1.1851,0.01863918,0.01864315,0.01574000
2005-02-14,1.1851,0.00597040,0.00597437,0.00505000
2005-02-15,1.1851,0.00701329,0.00701726,0.00593000
2005-02-16,1.1851,-0.00373561,-0.00373165,-0.00314000
2005-02-17,1.1851,-0.01775541,-0.01775145,-0.01497000
2005-02-18,1.1851,-0.00302455,-0.00302058,-0.00254000
2005-02-22,1.1851,-0.01666512,-0.01666115,-0.01405000
2005-02-23,1.2960,0.00257843,0.00258477,0.00205000
2005-02-24,1.2960,0.01786246,0.01786881,0.01380000
2005-02-25,1.2960,0.00785697,0.00786332,0.00608000
2005-02-28,1.2960,-0.01347598,-0.01346964,-0.01038000
2005-03-01,1.2960,0.01392248,0.01392882,0.01076000
2005-03-02,1.2960,-0.00166898,-0.00166264,-0.00127000
2005-03-03,1.2960,-0.01136343,-0.01135708,-0.00875000
2005-03-04,1.2960,0.00745520,0.00746154,0.00577000
2005-03-07,1.2960,0.02098594,0.02099229,0.01621000
2005-03-08,1.2960,-0.01387776,-0.01387142,-0.01069000
2005-03-09,1.2960,-0.00564785,-0.00564151,-0.00434000
2005-03-10,1.2960,0.00205067,0.00205702,0.00160000
2005-03-11,1.2960,-0.01592552,-0.01591917,-0.01227000
2005-03-14,1.2960,0.00814210,0.00814845,0.00630000
2005-03-15,1.2960,-0.01114310,-0.01113675,-0.00858000
2005-03-16,1.2960,-0.01365743,-0.01365109,-0.01052000
2005-03-17,1.2960,0.00123416,0.00124051,0.00097000
2005-03-18,1.2960,-0.00280951,-0.00280316,-0.00215000
2005-03-21,1.4306,-0.00001491,-0.00000568,0.00006000
2005-03-22,1.4306,-0.01866019,-0.01865096,-0.01302000
2005-03-23,1.0000,0.00436469,0.00436469,0.00458000
2005-03-24,1.0000,-0.00122000,-0.00122000,-0.00122000
2005-03-28,1.0000,0.00191000,0.00191000,0.00191000
2005-03-29,1.0000,-0.00566000,-0.00566000,-0.00566000
2005-03-30,1.0000,0.01874000,0.01874000,0.01874000
2005-03-31,1.0000,-0.00615000,-0.00615000,-0.00615000
2005-04-01,1.0000,-0.00887000,-0.00887000,-0.00887000
2005-04-04,1.0000,0.00504000,0.00504000,0.00504000
2005-04-05,1.0000,0.00478000,0.00478000,0.00478000
2005-04-06,1.0000,-0.00205000,-0.00205000,-0.00205000
2005-04-07,1.0000,0.01288000,0.01288000,0.01288000
2005-04-08,1.0000,-0.00938000,-0.00938000,-0.00938000
2005-04-11,1.0000,-0.00472000,-0.00472000,-0.00472000
2005-04-12,1.0000,0.00720000,0.00720000,0.00720000
2005-04-13,1.0000,-0.01843000,-0.01843000,-0.01843000
2005-04-14,1.0000,-0.01404000,-0.01404000,-0.01404000
2005-04-15,1.0000,-0.02256000,-0.02256000,-0.02256000
2005-04-18,1.0000,0.00101000,0.00101000,0.00101000
2005-04-19,1.0000,0.00770000,0.00770000,0.00770000
2005-04-20,1.0000,-0.00979000,-0.00979000,-0.00979000
2005-04-21,1.0000,0.02883000,0.02883000,0.02883000
2005-04-22,1.0000,-0.01805000,-0.01805000,-0.01805000
2005-04-25,1.0000,0.01135000,0.01135000,0.01135000
2005-04-26,1.0000,-0.01172000,-0.01172000,-0.01172000
2005-04-27,1.0000,0.00237000,0.00237000,0.00237000
2005-04-28,1.0000,-0.01014000,-0.01014000,-0.01014000
2005-04-29,1.0000,0.00818000,0.00818000,0.00818000
2005-05-02,1.0000,0.00208000,0.00208000,0.00208000
2005-05-03,1.0000,0.00276000,0.00276000,0.00276000
2005-05-04,1.0000,0.01725000,0.01725000,0.01725000
2005-05-05,1.0000,-0.00138000,-0.00138000,-0.00138000
2005-05-06,1.0000,0.00405000,0.00405000,0.00405000
2005-05-09,1.0000,0.00509000,0.00509000,0.00509000
2005-05-10,1.0000,-0.00887000,-0.00887000,-0.00887000
2005-05-11,1.0000,0.00636000,0.00636000,0.00636000
2005-05-12,1.0000,-0.00324000,-0.00324000,-0.00324000
2005-05-13,1.0000,0.01091000,0.01091000,0.01091000
2005-05-16,1.0000,0.00686000,0.00686000,0.00686000
2005-05-17,1.0000,0.00641000,0.00641000,0.00641000
2005-05-18,1.0000,0.01285000,0.01285000,0.01285000
2005-05-19,1.0000,0.00809000,0.00809000,0.00809000
2005-05-20,1.0000,0.00438000,0.00438000,0.00438000
2005-05-23,1.0000,0.00471000,0.00471000,0.00471000
2005-05-24,1.0000,0.00344000,0.00344000,0.00344000
2005-05-25,1.0000,-0.00501000,-0.00501000,-0.00501000
2005-05-26,1.0000,0.01052000,0.01052000,0.01052000
2005-05-27,1.0000,0.00067000,0.00067000,0.00067000
2005-05-31,1.0000,-0.00460000,-0.00460000,-0.00460000
2005-06-01,1.0000,0.01096000,0.01096000,0.01096000
2005-06-02,1.0000,0.00609000,0.00609000,0.00609000
2005-06-03,1.0000,-0.01558000,-0.01558000,-0.01558000
2005-06-06,1.0000,0.00054000,0.00054000,0.00054000
2005-06-07,1.0000,-0.00913000,-0.00913000,-0.00913000
2005-06-08,1.0000,-0.00222000,-0.00222000,-0.00222000
2005-06-09,1.0000,0.00773000,0.00773000,0.00773000
2005-06-10,1.0000,-0.01195000,-0.01195000,-0.01195000
2005-06-13,1.0000,0.00536000,0.00536000,0.00536000
2005-06-14,1.0000,-0.00306000,-0.00306000,-0.00306000
2005-06-15,1.0000,0.00335000,0.00335000,0.00335000
2005-06-16,1.0000,0.00521000,0.00521000,0.00521000
2005-06-17,1.0000,0.00049000,0.00049000,0.00049000
2005-06-20,1.0000,-0.00051000,-0.00051000,-0.00051000
2005-06-21,1.0000,-0.00052000,-0.00052000,-0.00052000
2005-06-22,1.0000,-0.00136000,-0.00136000,-0.00136000
2005-06-23,1.0000,-0.01197000,-0.01197000,-0.01197000
2005-06-24,1.0000,-0.01038000,-0.01038000,-0.01038000
2005-06-27,1.0000,-0.00426000,-0.00426000,-0.00426000
2005-06-28,1.0000,0.00997000,0.00997000,0.00997000
2005-06-29,1.0000,-0.00296000,-0.00296000,-0.00296000
2005-06-30,1.0000,-0.00702000,-0.00702000,-0.00702000
2005-07-01,1.0000,-0.00198000,-0.00198000,-0.00198000
2005-07-05,1.0000,0.01064000,0.01064000,0.01064000
2005-07-06,1.0000,-0.00549000,-0.00549000,-0.00549000
2005-07-07,1.0000,0.00385000,0.00385000,0.00385000
2005-07-08,1.0000,0.01963000,0.01963000,0.01963000
2005-07-11,1.0000,0.00941000,0.00941000,0.00941000
2005-07-12,1.0000,0.00515000,0.00515000,0.00515000
2005-07-13,1.0000,0.00133000,0.00133000,0.00133000
2005-07-14,1.0000,0.01018000,0.01018000,0.01018000
2005-07-15,1.0000,0.00281000,0.00281000,0.00281000
2005-07-18,1.6306,-0.00832138,-0.00830787,-0.00488000
2005-07-19,1.6306,0.02118084,0.02119436,0.01302000
2005-07-20,1.5145,0.01160867,0.01161970,0.00773000
2005-07-21,1.5145,-0.00081234,-0.00080132,-0.00051000
2005-07-22,1.5145,-0.00106980,-0.00105877,-0.00068000
2005-07-25,1.5145,-0.00680956,-0.00679854,-0.00447000
2005-07-26,1.6218,0.00539599,0.00540931,0.00339000
2005-07-27,1.6218,0.01320201,0.01321533,0.00817000
2005-07-28,1.6218,0.00671470,0.00672803,0.00417000
2005-07-29,1.6218,-0.01354191,-0.01352859,-0.00832000
2005-08-01,1.6218,0.00501178,0.00502511,0.00312000
2005-08-02,1.6218,0.01701330,0.01702663,0.01052000
2005-08-03,1.6218,0.00016252,0.00017585,0.00013000
2005-08-04,1.6218,-0.01839117,-0.01837785,-0.01131000
2005-08-05,1.6218,-0.00721679,-0.00720346,-0.00442000
2005-08-08,1.8489,-0.01354743,-0.01352923,-0.00723000
2005-08-09,1.8489,0.01296913,0.01298732,0.00705000
2005-08-10,1.8489,-0.01783436,-0.01781617,-0.00961000
2005-08-11,1.8489,0.01740661,0.01742480,0.00945000
2005-08-12,1.8489,-0.01030914,-0.01029095,-0.00554000
2005-08-15,1.8489,0.01038060,0.01039879,0.00565000
2005-08-16,1.8489,-0.03086946,-0.03085126,-0.01666000
2005-08-17,1.6674,0.00866129,0.00867559,0.00528000
2005-08-18,1.6674,-0.00688823,-0.00687393,-0.00410000
2005-08-19,1.6674,-0.00216947,-0.00215516,-0.00127000
2005-08-22,1.6674,0.00196571,0.00198001,0.00121000
2005-08-23,1.6674,-0.00455386,-0.00453956,-0.00270000
2005-08-24,1.6674,-0.01018970,-0.01017540,-0.00608000
2005-08-25,1.6674,0.00443347,0.00444777,0.00269000
2005-08-26,1.6674,-0.00750517,-0.00749087,-0.00447000
2005-08-29,1.6674,0.01355420,0.01356850,0.00816000
2005-08-30,1.6674,-0.00615457,-0.00614027,-0.00366000
2005-08-31,1.8008,0.01829298,0.01831014,0.01023000
2005-09-01,1.8008,-0.00510438,-0.00508722,-0.00280000
2005-09-02,1.8008,-0.00472621,-0.00470905,-0.00259000
2005-09-06,1.8008,0.02763363,0.02765079,0.01538000
2005-09-07,1.6782,0.00265514,0.00266967,0.00165000
2005-09-08,1.6782,-0.00230155,-0.00228701,-0.00134000
2005-09-09,1.7908,0.01130777,0.01132472,0.00638000
2005-09-12,1.7908,0.00484543,0.00486238,0.00274000
2005-09-13,1.7908,-0.00538022,-0.00536327,-0.00297000
2005-09-14,1.0000,-0.01141542,-0.01141542,-0.01102000
2005-09-15,1.0000,-0.00066000,-0.00066000,-0.00066000
2005-09-16,1.0000,0.00688000,0.00688000,0.00688000
2005-09-19,1.0000,-0.00835000,-0.00835000,-0.00835000
2005-09-20,1.0000,-0.00493000,-0.00493000,-0.00493000
2005-09-21,1.0000,-0.01034000,-0.01034000,-0.01034000
2005-09-22,1.0000,0.00356000,0.00356000,0.00356000
2005-09-23,1.0000,0.00282000,0.00282000,0.00282000
2005-09-26,1.0000,0.00073000,0.00073000,0.00073000
2005-09-27,1.0000,-0.00253000,-0.00253000,-0.00253000
2005-09-28,1.0000,0.00000000,0.00000000,0.00000000
2005-09-29,1.0000,0.01349000,0.01349000,0.01349000
2005-09-30,1.0000,0.00740000,0.00740000,0.00740000
2005-10-03,1.0000,0.00248000,0.00248000,0.00248000
2005-10-04,1.0000,-0.00624000,-0.00624000,-0.00624000
2005-10-05,1.0000,-0.01503000,-0.01503000,-0.01503000
2005-10-06,1.0000,-0.01180000,-0.01180000,-0.01180000
2005-10-07,1.0000,0.00194000,0.00194000,0.00194000
2005-10-10,1.0000,-0.00572000,-0.00572000,-0.00572000
2005-10-11,1.0000,-0.00494000,-0.00494000,-0.00494000
2005-10-12,1.0000,-0.01175000,-0.01175000,-0.01175000
2005-10-13,1.0000,0.00831000,0.00831000,0.00831000
2005-10-14,1.0000,0.00686000,0.00686000,0.00686000
2005-10-17,1.0000,0.00364000,0.00364000,0.00364000
2005-10-18,1.0000,-0.00736000,-0.00736000,-0.00736000
2005-10-19,1.0000,0.02029000,0.02029000,0.02029000
2005-10-20,1.0000,-0.00891000,-0.00891000,-0.00891000
2005-10-21,1.0000,0.00615000,0.00615000,0.00615000
2005-10-24,1.0000,0.01634000,0.01634000,0.01634000
2005-10-25,1.0000,-0.00301000,-0.00301000,-0.00301000
2005-10-26,1.0000,-0.00671000,-0.00671000,-0.00671000
2005-10-27,1.0000,-0.02014000,-0.02014000,-0.02014000
2005-10-28,1.0000,0.00892000,0.00892000,0.00892000
2005-10-31,1.0000,0.01420000,0.01420000,0.01420000
2005-11-01,1.0000,-0.00166000,-0.00166000,-0.00166000
2005-11-02,1.0000,0.01320000,0.01320000,0.01320000
2005-11-03,1.0000,0.01404000,0.01404000,0.01404000
2005-11-04,1.0000,0.00519000,0.00519000,0.00519000
2005-11-07,1.0000,0.00079000,0.00079000,0.00079000
2005-11-08,1.0000,-0.00051000,-0.00051000,-0.00051000
2005-11-09,1.0000,0.00114000,0.00114000,0.00114000
2005-11-10,1.0000,0.01273000,0.01273000,0.01273000
2005-11-11,1.0000,0.00150000,0.00150000,0.00150000
2005-11-14,1.0000,-0.00086000,-0.00086000,-0.00086000
2005-11-15,1.0000,-0.00457000,-0.00457000,-0.00457000
2005-11-16,1.0000,0.00437000,0.00437000,0.00437000
2005-11-17,1.0000,0.01513000,0.01513000,0.01513000
2005-11-18,1.0000,0.00209000,0.00209000,0.00209000
2005-11-21,1.0000,0.00382000,0.00382000,0.00382000
2005-11-22,1.0000,0.00471000,0.00471000,0.00471000
2005-11-23,1.0000,0.00158000,0.00158000,0.00158000
2005-11-25,1.0000,0.00255000,0.00255000,0.00255000
2005-11-28,1.0000,-0.00977000,-0.00977000,-0.00977000
2005-11-29,1.0000,-0.00446000,-0.00446000,-0.00446000
2005-11-30,1.0000,-0.00253000,-0.00253000,-0.00253000
2005-12-01,1.0000,0.01899000,0.01899000,0.01899000
2005-12-02,1.0000,0.00285000,0.00285000,0.00285000
2005-12-05,1.7907,-0.01542684,-0.01540990,-0.00836000
2005-12-06,1.7907,0.00694012,0.00695706,0.00391000
2005-12-07,1.7907,-0.00455604,-0.00453909,-0.00251000
2005-12-08,1.7907,-0.01209479,-0.01207785,-0.00672000
2005-12-09,1.7907,0.00744151,0.00745845,0.00419000
2005-12-12,1.7907,0.00604478,0.00606172,0.00341000
2005-12-13,1.7907,0.00779964,0.00781659,0.00439000
2005-12-14,1.7907,-0.00715252,-0.00713558,-0.00396000
2005-12-15,1.7907,0.00283946,0.00285641,0.00162000
2005-12-16,1.7907,-0.01372431,-0.01370737,-0.00763000
2005-12-19,1.9969,-0.02889610,-0.02887474,-0.01438000
2005-12-20,1.7799,0.00063184,0.00064855,0.00045000
2005-12-21,1.7799,0.00590201,0.00591872,0.00335000
2005-12-22,1.7799,0.01355550,0.01357221,0.00765000
2005-12-23,1.7799,-0.00046997,-0.00045326,-0.00023000
2005-12-27,1.7799,-0.01540318,-0.01538647,-0.00862000
2005-12-28,1.7799,-0.00137771,-0.00136100,-0.00074000
2005-12-29,1.7799,-0.01255537,-0.01253865,-0.00702000
2005-12-30,1.7799,-0.01093567,-0.01091896,-0.00611000
2006-01-03,2.0000,0.04207224,0.04209367,0.02113000
2006-01-04,1.6689,0.01562062,0.01563496,0.00949000
2006-01-05,1.6689,0.00929403,0.00930836,0.00560000
2006-01-06,1.6689,0.02905414,0.02906847,0.01744000
2006-01-09,1.4715,0.00576521,0.00577532,0.00401000
2006-01-10,1.4715,0.00178799,0.00179809,0.00124000
2006-01-11,1.4715,0.01199996,0.01201006,0.00818000
2006-01-12,1.4715,-0.00911558,-0.00910547,-0.00617000
2006-01-13,1.4715,-0.00047807,-0.00046797,-0.00030000
2006-01-17,1.4715,-0.00874771,-0.00873761,-0.00592000
2006-01-18,1.4715,-0.01675248,-0.01674238,-0.01136000
2006-01-19,1.4715,0.01139666,0.01140676,0.00777000
2006-01-20,1.4715,-0.04554907,-0.04553897,-0.03093000
2006-01-23,1.1452,-0.00019732,-0.00019421,-0.00002000
2006-01-24,1.1452,0.00679112,0.00679423,0.00594000
2006-01-25,1.1452,-0.00624109,-0.00623798,-0.00544000
2006-01-26,1.1452,0.00923036,0.00923348,0.00807000
2006-01-27,1.1452,0.01398288,0.01398599,0.01222000
2006-01-30,1.1452,0.00158053,0.00158364,0.00139000
2006-01-31,1.1452,-0.00178632,-0.00178321,-0.00155000
2006-02-01,1.1452,0.00153472,0.00153783,0.00135000
2006-02-02,1.2491,-0.01990633,-0.01990099,-0.01588000
2006-02-03,1.2491,-0.01573250,-0.01572717,-0.01258000
2006-02-06,1.2491,-0.00524041,-0.00523508,-0.00418000
2006-02-07,1.2491,-0.00429113,-0.00428579,-0.00342000
2006-02-08,1.2491,0.01409501,0.01410034,0.01130000
2006-02-09,1.2491,-0.01224763,-0.01224229,-0.00979000
2006-02-10,1.2491,0.00731262,0.00731796,0.00587000
2006-02-13,1.2491,-0.01344673,-0.01344139,-0.01075000
2006-02-14,1.2491,0.01224640,0.01225174,0.00982000
2006-02-15,1.2491,0.00842428,0.00842962,0.00676000
2006-02-16,1.2491,0.01154693,0.01155226,0.00926000
2006-02-17,1.2491,-0.00989940,-0.00989406,-0.00791000
2006-02-21,1.5093,-0.01772324,-0.01771232,-0.01163000
2006-02-22,1.5093,0.01989870,0.01990961,0.01321000
2006-02-23,1.3800,-0.00435830,-0.00435016,-0.00309000
2006-02-24,1.3800,0.00347559,0.00348374,0.00254000
2006-02-27,1.3800,0.01577110,0.01577924,0.01145000
2006-02-28,1.3800,-0.02041164,-0.02040350,-0.01477000
2006-03-01,1.3800,0.01984201,0.01985015,0.01440000
2006-03-02,1.2619,-0.00064724,-0.00064163,-0.00045000
2006-03-03,1.2619,-0.00703673,-0.00703112,-0.00556000
2006-03-06,1.2619,-0.01075945,-0.01075384,-0.00851000
2006-03-07,1.3748,-0.00739968,-0.00739164,-0.00532000
2006-03-08,1.3748,0.00069954,0.00070757,0.00053000
2006-03-09,1.3748,-0.01387368,-0.01386565,-0.01007000
2006-03-10,1.3748,0.00262430,0.00263233,0.00193000
2006-03-13,1.3748,0.00464530,0.00465334,0.00340000
2006-03-14,1.3748,0.02275184,0.02275987,0.01657000
2006-03-15,1.3748,0.01088704,0.01089507,0.00794000
2006-03-16,1.3748,-0.01249885,-0.01249082,-0.00907000
2006-03-17,1.3748,0.00541521,0.00542324,0.00396000
2006-03-20,1.3748,0.00270679,0.00271482,0.00199000
2006-03-21,1.3748,-0.01343373,-0.01342570,-0.00975000
2006-03-22,1.3748,0.00317423,0.00318227,0.00233000
2006-03-23,1.5276,-0.00517382,-0.00516252,-0.00331000
2006-03-24,1.5276,0.00829983,0.00831113,0.00546000
2006-03-27,1.5276,0.00073809,0.00074940,0.00051000
2006-03-28,1.5276,-0.00691530,-0.00690399,-0.00450000
2006-03-29,1.7356,0.03184373,0.03185949,0.01844000
2006-03-30,1.7356,0.00490672,0.00492249,0.00286000
2006-03-31,1.6325,-0.00485126,-0.00483770,-0.00291000
2006-04-03,1.6325,0.00297096,0.00298452,0.00185000
2006-04-04,1.6325,0.00933768,0.00935123,0.00575000
2006-04-05,1.6325,0.01539422,0.01540777,0.00946000
2006-04-06,1.6325,0.00607270,0.00608625,0.00375000
2006-04-07,1.6325,-0.01518233,-0.01516878,-0.00927000
2006-04-10,1.6325,-0.00396712,-0.00395357,-0.00240000
2006-04-11,1.6325,-0.01374574,-0.01373219,-0.00839000
2006-04-12,1.8002,0.00026800,0.00028515,0.00023000
2006-04-13,1.8002,0.00771484,0.00773199,0.00432000
2006-04-17,1.9298,-0.02009135,-0.02007142,-0.01034000
2006-04-18,1.9298,0.03678727,0.03680719,0.01910000
2006-04-19,1.5633,0.00651059,0.00652266,0.00431000
2006-04-20,1.5633,-0.00463974,-0.00462767,-0.00294000
2006-04-21,1.5633,-0.01797432,-0.01796225,-0.01147000
2006-04-24,1.5633,-0.00237302,-0.00236095,-0.00149000
2006-04-25,1.5633,-0.00456158,-0.00454951,-0.00289000
2006-04-26,1.5633,0.00065970,0.00067177,0.00045000
2006-04-27,1.5633,0.01371289,0.01372496,0.00880000
2006-04-28,1.7380,-0.01672522,-0.01670941,-0.00954000
2006-05-01,1.7380,-0.01443059,-0.01441478,-0.00827000
2006-05-02,1.6295,0.00313961,0.00315310,0.00199000
2006-05-03,1.6295,-0.00350351,-0.00349002,-0.00212000
2006-05-04,1.6295,0.01422575,0.01423924,0.00876000
2006-05-05,1.6295,0.01225402,0.01226751,0.00755000
2006-05-08,1.6295,0.00130359,0.00131708,0.00083000
2006-05-09,1.6295,-0.00386201,-0.00384852,-0.00234000
2006-05-10,1.6295,-0.01557831,-0.01556482,-0.00953000
2006-05-11,1.6295,-0.03591481,-0.03590132,-0.02201000
2006-05-12,1.3968,-0.01837483,-0.01836633,-0.01305000
2006-05-15,1.0000,-0.00080838,-0.00080838,-0.00061000
2006-05-16,1.0000,-0.00676000,-0.00676000,-0.00676000
2006-05-17,1.0000,-0.01524000,-0.01524000,-0.01524000
2006-05-18,1.0000,-0.00736000,-0.00736000,-0.00736000
2006-05-19,1.0000,0.00869000,0.00869000,0.00869000
2006-05-22,1.0000,-0.01015000,-0.01015000,-0.01015000
2006-05-23,1.0000,-0.00980000,-0.00980000,-0.00980000
2006-05-24,1.0000,0.00714000,0.00714000,0.00714000
2006-05-25,1.0000,0.01236000,0.01236000,0.01236000
2006-05-26,1.0000,0.00421000,0.00421000,0.00421000
2006-05-30,1.0000,-0.02181000,-0.02181000,-0.02181000
2006-05-31,1.0000,0.00530000,0.00530000,0.00530000
2006-06-01,1.0000,0.02344000,0.02344000,0.02344000
2006-06-02,1.0000,-0.00225000,-0.00225000,-0.00225000
2006-06-05,1.0000,-0.02192000,-0.02192000,-0.02192000
2006-06-06,1.0000,-0.00131000,-0.00131000,-0.00131000
2006-06-07,1.0000,-0.00643000,-0.00643000,-0.00643000
2006-06-08,1.0000,-0.00232000,-0.00232000,-0.00232000
2006-06-09,1.0000,-0.00675000,-0.00675000,-0.00675000
2006-06-12,1.0000,-0.01974000,-0.01974000,-0.01974000
2006-06-13,1.0000,-0.00225000,-0.00225000,-0.00225000
2006-06-14,1.0000,0.00886000,0.00886000,0.00886000
2006-06-15,1.0000,0.02801000,0.02801000,0.02801000
2006-06-16,1.0000,-0.00649000,-0.00649000,-0.00649000
2006-06-19,1.0000,-0.00887000,-0.00887000,-0.00887000
2006-06-20,1.0000,-0.00038000,-0.00038000,-0.00038000
2006-06-21,1.0000,0.01633000,0.01633000,0.01633000
2006-06-22,1.0000,-0.01210000,-0.01210000,-0.01210000
2006-06-23,1.0000,-0.00219000,-0.00219000,-0.00219000
2006-06-26,1.0000,0.00332000,0.00332000,0.00332000
2006-06-27,1.0000,-0.01872000,-0.01872000,-0.01872000
2006-06-28,1.0000,0.00739000,0.00739000,0.00739000
2006-06-29,1.0000,0.03078000,0.03078000,0.03078000
2006-06-30,1.0000,-0.00649000,-0.00649000,-0.00649000
2006-07-03,1.0000,0.00702000,0.00702000,0.00702000
2006-07-05,1.0000,-0.02034000,-0.02034000,-0.02034000
2006-07-06,1.0000,-0.00152000,-0.00152000,-0.00152000
2006-07-07,1.0000,-0.01147000,-0.01147000,-0.01147000
2006-07-10,1.0000,-0.00833000,-0.00833000,-0.00833000
2006-07-11,1.0000,0.00802000,0.00802000,0.00802000
2006-07-12,1.0000,-0.02059000,-0.02059000,-0.02059000
2006-07-13,1.0000,-0.01549000,-0.01549000,-0.01549000
2006-07-14,1.0000,-0.01079000,-0.01079000,-0.01079000
2006-07-17,1.0000,0.00435000,0.00435000,0.00435000
2006-07-18,1.0000,0.00264000,0.00264000,0.00264000
2006-07-19,1.0000,0.01243000,0.01243000,0.01243000
2006-07-20,1.0000,-0.01588000,-0.01588000,-0.01588000
2006-07-21,1.0000,-0.01021000,-0.01021000,-0.01021000
2006-07-24,1.0000,0.02100000,0.02100000,0.02100000
2006-07-25,1.0000,0.00487000,0.00487000,0.00487000
2006-07-26,1.0000,-0.00108000,-0.00108000,-0.00108000
2006-07-27,1.0000,-0.00626000,-0.00626000,-0.00626000
2006-07-28,1.0000,0.02151000,0.02151000,0.02151000
2006-07-31,1.0000,-0.00055000,-0.00055000,-0.00055000
2006-08-01,1.0000,-0.01620000,-0.01620000,-0.01620000
2006-08-02,1.0000,0.01049000,0.01049000,0.01049000
2006-08-03,1.0000,0.00677000,0.00677000,0.00677000
2006-08-04,1.0000,-0.00445000,-0.00445000,-0.00445000
2006-08-07,1.0000,-0.00643000,-0.00643000,-0.00643000
2006-08-08,1.0000,-0.00622000,-0.00622000,-0.00622000
2006-08-09,1.0000,0.00059000,0.00059000,0.00059000
2006-08-10,1.0000,0.00719000,0.00719000,0.00719000
2006-08-11,1.0000,-0.00635000,-0.00635000,-0.00635000
2006-08-14,1.0000,0.00513000,0.00513000,0.00513000
2006-08-15,1.0000,0.02686000,0.02686000,0.02686000
2006-08-16,1.0000,0.02324000,0.02324000,0.02324000
2006-08-17,1.0000,0.00227000,0.00227000,0.00227000
2006-08-18,1.0000,0.00185000,0.00185000,0.00185000
2006-08-21,1.0000,-0.00971000,-0.00971000,-0.00971000
2006-08-22,1.0000,0.00150000,0.00150000,0.00150000
2006-08-23,1.0000,-0.00830000,-0.00830000,-0.00830000
2006-08-24,1.0000,0.00311000,0.00311000,0.00311000
2006-08-25,1.0000,0.00164000,0.00164000,0.00164000
2006-08-28,1.0000,0.00811000,0.00811000,0.00811000
2006-08-29,1.0000,0.00216000,0.00216000,0.00216000
2006-08-30,1.0000,0.00530000,0.00530000,0.00530000
2006-08-31,1.0000,-0.00138000,-0.00138000,-0.00138000
2006-09-01,1.0000,0.00619000,0.00619000,0.00619000
2006-09-05,1.0000,0.00897000,0.00897000,0.00897000
2006-09-06,1.0000,-0.01961000,-0.01961000,-0.01961000
2006-09-07,1.0000,-0.00466000,-0.00466000,-0.00466000
2006-09-08,1.0000,0.00633000,0.00633000,0.00633000
2006-09-11,1.0000,0.00578000,0.00578000,0.00578000
2006-09-12,1.0000,0.02021000,0.02021000,0.02021000
2006-09-13,1.0000,0.00512000,0.00512000,0.00512000
2006-09-14,1.0000,0.00125000,0.00125000,0.00125000
2006-09-15,1.0000,0.00400000,0.00400000,0.00400000
2006-09-18,1.0000,-0.00014000,-0.00014000,-0.00014000
2006-09-19,1.0000,-0.00678000,-0.00678000,-0.00678000
2006-09-20,1.0000,0.01500000,0.01500000,0.01500000
2006-09-21,1.0000,-0.00635000,-0.00635000,-0.00635000
2006-09-22,1.0000,-0.00762000,-0.00762000,-0.00762000
2006-09-25,1.0000,0.01728000,0.01728000,0.01728000
2006-09-26,1.0000,0.00537000,0.00537000,0.00537000
2006-09-27,1.0000,-0.00210000,-0.00210000,-0.00210000
2006-09-28,1.0000,0.00360000,0.00360000,0.00360000
2006-09-29,1.0000,-0.00447000,-0.00447000,-0.00447000
2006-10-02,1.0000,-0.01287000,-0.01287000,-0.01287000
2006-10-03,1.0000,0.00460000,0.00460000,0.00460000
2006-10-04,1.0000,0.02493000,0.02493000,0.02493000
2006-10-05,1.0000,0.00496000,0.00496000,0.00496000
2006-10-06,1.0000,-0.00267000,-0.00267000,-0.00267000
2006-10-09,1.0000,0.00370000,0.00370000,0.00370000
2006-10-10,1.0000,0.00133000,0.00133000,0.00133000
2006-10-11,1.0000,-0.00116000,-0.00116000,-0.00116000
2006-10-12,1.0000,0.01614000,0.01614000,0.01614000
2006-10-13,1.0000,0.00507000,0.00507000,0.00507000
2006-10-16,1.0000,0.00026000,0.00026000,0.00026000
2006-10-17,1.0000,-0.01040000,-0.01040000,-0.01040000
2006-10-18,1.0000,-0.00516000,-0.00516000,-0.00516000
2006-10-19,1.0000,0.00333000,0.00333000,0.00333000
2006-10-20,1.0000,0.00190000,0.00190000,0.00190000
2006-10-23,1.0000,0.00959000,0.00959000,0.00959000
2006-10-24,1.0000,-0.00696000,-0.00696000,-0.00696000
2006-10-25,1.0000,0.00754000,0.00754000,0.00754000
2006-10-26,1.0000,0.01005000,0.01005000,0.01005000
2006-10-27,1.0000,-0.01515000,-0.01515000,-0.01515000
2006-10-30,1.0000,0.00596000,0.00596000,0.00596000
2006-10-31,1.0000,0.00277000,0.00277000,0.00277000
2006-11-01,1.0000,-0.01434000,-0.01434000,-0.01434000
2006-11-02,1.0000,0.00150000,0.00150000,0.00150000
2006-11-03,1.0000,-0.00360000,-0.00360000,-0.00360000
2006-11-06,1.0000,0.01662000,0.01662000,0.01662000
2006-11-07,1.0000,0.00538000,0.00538000,0.00538000
2006-11-08,1.0000,0.00474000,0.00474000,0.00474000
2006-11-09,1.0000,-0.00547000,-0.00547000,-0.00547000
2006-11-10,1.0000,0.00633000,0.00633000,0.00633000
2006-11-13,1.0000,0.00967000,0.00967000,0.00967000
2006-11-14,1.0000,0.01090000,0.01090000,0.01090000
2006-11-15,1.0000,0.00371000,0.00371000,0.00371000
2006-11-16,1.0000,0.00457000,0.00457000,0.00457000
2006-11-17,1.0000,-0.00070000,-0.00070000,-0.00070000
2006-11-20,1.0000,0.00177000,0.00177000,0.00177000
2006-11-21,1.0000,0.00283000,0.00283000,0.00283000
2006-11-22,1.5609,0.00910372,0.00911573,0.00604000
2006-11-24,1.5609,-0.00363361,-0.00362159,-0.00230000
2006-11-27,1.5609,-0.03471080,-0.03469878,-0.02221000
2006-11-28,1.5609,0.00454542,0.00455744,0.00294000
2006-11-29,1.5609,0.01089821,0.01091023,0.00701000
2006-11-30,1.5609,-0.00132350,-0.00131149,-0.00082000
2006-12-01,1.5609,-0.01406031,-0.01404829,-0.00898000
2006-12-04,1.5609,0.02180879,0.02182081,0.01400000
2006-12-05,1.4428,0.00388881,0.00389830,0.00276000
2006-12-06,1.5867,-0.00511547,-0.00510290,-0.00315000
2006-12-07,1.5867,-0.01911723,-0.01910466,-0.01202000
2006-12-08,1.5867,0.00780838,0.00782095,0.00495000
2006-12-11,1.5867,0.00490480,0.00491737,0.00312000
2006-12-12,1.5867,-0.00866114,-0.00864857,-0.00543000
2006-12-13,1.5867,0.00130308,0.00131565,0.00085000
2006-12-14,1.5867,0.01775674,0.01776931,0.01122000
2006-12-15,1.5867,0.00452400,0.00453657,0.00288000
2006-12-18,1.5867,-0.01542032,-0.01540774,-0.00969000
2006-12-19,1.5867,-0.00520223,-0.00518966,-0.00325000
2006-12-20,1.5867,-0.00640809,-0.00639552,-0.00401000
2006-12-21,1.5867,-0.01039060,-0.01037803,-0.00652000
2006-12-22,1.5867,-0.01588045,-0.01586788,-0.00998000
2006-12-26,1.4734,0.00410573,0.00411587,0.00285000
2006-12-27,1.8122,0.01000665,0.01002405,0.00565000
2006-12-28,1.8122,-0.00461185,-0.00459444,-0.00251000
2006-12-29,1.8122,-0.00212907,-0.00211167,-0.00114000
2007-01-03,1.8122,0.00252840,0.00254581,0.00143000
2007-01-04,1.9124,0.03638691,0.03640646,0.01909000
2007-01-05,1.7545,-0.00754162,-0.00752545,-0.00422000
2007-01-08,1.7545,0.00178362,0.00179978,0.00105000
2007-01-09,1.7545,0.00831041,0.00832658,0.00477000
2007-01-10,1.8682,0.02126683,0.02128543,0.01145000
2007-01-11,1.7678,0.01815140,0.01816785,0.01033000
2007-01-12,1.7678,0.00957480,0.00959125,0.00545000
2007-01-16,1.7678,-0.00228707,-0.00227062,-0.00126000
2007-01-17,1.7678,-0.01418430,-0.01416784,-0.00799000
2007-01-18,1.7678,-0.03290519,-0.03288874,-0.01858000
2007-01-19,1.5080,0.00249979,0.00251068,0.00177000
2007-01-22,1.5080,-0.01493850,-0.01492761,-0.00988000
2007-01-23,1.5080,-0.00477459,-0.00476370,-0.00314000
2007-01-24,1.5080,0.02485759,0.02486848,0.01651000
2007-01-25,1.4046,-0.01943875,-0.01943008,-0.01378000
2007-01-26,1.4046,-0.00376772,-0.00375905,-0.00266000
2007-01-29,1.4046,0.00166815,0.00167682,0.00121000
2007-01-30,1.4046,0.00211763,0.00212630,0.00153000
2007-01-31,1.4046,0.01147237,0.01148104,0.00819000
2007-02-01,1.4046,-0.00064947,-0.00064080,-0.00044000
2007-02-02,1.4046,0.00523587,0.00524454,0.00375000
2007-02-05,1.5135,-0.00236453,-0.00235353,-0.00150000
2007-02-06,1.5135,-0.00196201,-0.00195100,-0.00127000
2007-02-07,1.5135,0.01509483,0.01510583,0.01000000
2007-02-08,1.5135,-0.00034259,-0.00033159,-0.00020000
2007-02-09,1.5135,-0.02091069,-0.02089968,-0.01379000
2007-02-12,1.5135,-0.00603325,-0.00602225,-0.00396000
2007-02-13,1.5135,0.00459133,0.00460233,0.00306000
2007-02-14,1.5135,0.02643074,0.02644175,0.01749000
2007-02-15,1.3934,0.00641660,0.00642503,0.00467000
2007-02-16,1.5604,-0.00173429,-0.00172228,-0.00103000
2007-02-20,1.5604,0.01045811,0.01047012,0.00673000
2007-02-21,1.5604,0.00460652,0.00461853,0.00298000
2007-02-22,1.5604,0.00610453,0.00611654,0.00394000
2007-02-23,1.7866,-0.00648085,-0.00646400,-0.00353000
2007-02-26,1.9735,-0.00997742,-0.00995656,-0.00497000
2007-02-27,1.9735,-0.08016049,-0.08013962,-0.04058000
2007-02-28,1.1161,0.00297766,0.00298015,0.00306000
2007-03-01,1.1161,-0.00514324,-0.00514075,-0.00460000
2007-03-02,1.1161,-0.01743187,-0.01742938,-0.01561000
2007-03-05,1.0000,-0.00761807,-0.00761807,-0.00756000
2007-03-06,1.0000,0.01763000,0.01763000,0.01763000
2007-03-07,1.0000,-0.00399000,-0.00399000,-0.00399000
2007-03-08,1.0000,0.00597000,0.00597000,0.00597000
2007-03-09,1.0000,-0.00094000,-0.00094000,-0.00094000
2007-03-12,1.0000,0.00672000,0.00672000,0.00672000
2007-03-13,1.0000,-0.01930000,-0.01930000,-0.01930000
2007-03-14,1.0000,0.01202000,0.01202000,0.01202000
2007-03-15,1.0000,0.00101000,0.00101000,0.00101000
2007-03-16,1.0000,-0.00149000,-0.00149000,-0.00149000
2007-03-19,1.0000,0.00921000,0.00921000,0.00921000
2007-03-20,1.0000,0.00515000,0.00515000,0.00515000
2007-03-21,1.0000,0.02215000,0.02215000,0.02215000
2007-03-22,1.0000,-0.00363000,-0.00363000,-0.00363000
2007-03-23,1.0000,-0.00315000,-0.00315000,-0.00315000
2007-03-26,1.0000,0.00499000,0.00499000,0.00499000
2007-03-27,1.0000,-0.00720000,-0.00720000,-0.00720000
2007-03-28,1.0000,-0.01081000,-0.01081000,-0.01081000
2007-03-29,1.0000,0.00069000,0.00069000,0.00069000
2007-03-30,1.0000,0.00039000,0.00039000,0.00039000
2007-04-02,1.0000,0.00057000,0.00057000,0.00057000
2007-04-03,1.0000,0.01298000,0.01298000,0.01298000
2007-04-04,1.0000,0.00305000,0.00305000,0.00305000
2007-04-05,1.0000,0.00624000,0.00624000,0.00624000
2007-04-09,1.0000,-0.00260000,-0.00260000,-0.00260000
2007-04-10,1.4089,0.00661111,0.00661988,0.00486000
2007-04-11,1.4089,-0.01461408,-0.01460532,-0.01035000
2007-04-12,1.5591,0.01327428,0.01328626,0.00859000
2007-04-13,1.5591,0.00288770,0.00289968,0.00188000
2007-04-16,1.5591,0.01467463,0.01468661,0.00944000
2007-04-17,1.5591,0.00079848,0.00081046,0.00054000
2007-04-18,1.5591,-0.00214825,-0.00213627,-0.00135000
2007-04-19,1.5591,0.00006570,0.00007768,0.00007000
2007-04-20,2.0000,0.01440186,0.01442329,0.00735000
2007-04-23,2.0000,0.00462230,0.00464373,0.00235000
2007-04-24,2.0000,0.00936230,0.00938373,0.00472000
2007-04-25,2.0000,0.02414230,0.02416373,0.01211000
2007-04-26,2.0000,0.00872230,0.00874373,0.00440000
2007-04-27,2.0000,0.00154230,0.00156373,0.00081000
2007-04-30,2.0000,-0.02467770,-0.02465627,-0.01230000
2007-05-01,1.8613,0.00555941,0.00557787,0.00306000
2007-05-02,1.8613,0.01616388,0.01618234,0.00872000
2007-05-03,1.8613,0.00579627,0.00581472,0.00315000
2007-05-04,1.8613,0.00004476,0.00006321,0.00006000
2007-05-07,1.9967,0.00017436,0.00019572,0.00016000
2007-05-08,1.9967,0.00403570,0.00405705,0.00206000
2007-05-09,1.9967,0.00609227,0.00611362,0.00309000
2007-05-10,1.9967,-0.03194427,-0.03192291,-0.01596000
2007-05-11,1.9967,0.02508058,0.02510194,0.01260000
2007-05-14,1.7706,-0.01012342,-0.01010691,-0.00562000
2007-05-15,1.7706,-0.01528660,-0.01527009,-0.00860000
2007-05-16,1.7706,0.01869026,0.01870677,0.01059000
2007-05-17,1.6690,-0.00614461,-0.00613028,-0.00362000
2007-05-18,1.6690,0.01083006,0.01084439,0.00652000
2007-05-21,1.6690,0.01251577,0.01253011,0.00753000
2007-05-22,1.6690,0.00460460,0.00461893,0.00279000
2007-05-23,1.6690,-0.01050007,-0.01048574,-0.00626000
2007-05-24,1.6690,-0.02613883,-0.02612450,-0.01563000
2007-05-25,1.5607,0.01213851,0.01215053,0.00784000
2007-05-29,1.5607,0.00869659,0.00870861,0.00560000
2007-05-30,1.5607,0.01501760,0.01502962,0.00965000
2007-05-31,1.5607,0.00821276,0.00822478,0.00529000
2007-06-01,1.5607,0.00005008,0.00006209,0.00006000
2007-06-04,1.5607,0.00442016,0.00443217,0.00286000
2007-06-05,1.5607,-0.00112048,-0.00110847,-0.00069000
2007-06-06,1.5607,-0.01413708,-0.01412506,-0.00903000
2007-06-07,1.5607,-0.02663863,-0.02662661,-0.01704000
2007-06-08,1.3919,0.01772981,0.01773821,0.01282000
2007-06-11,1.3919,-0.00313448,-0.00312608,-0.00223000
2007-06-12,1.5119,-0.00903529,-0.00902432,-0.00591000
2007-06-13,1.5119,0.01854187,0.01855284,0.01229000
2007-06-14,1.5119,0.00842704,0.00843801,0.00560000
2007-06-15,1.5119,0.01403631,0.01404728,0.00931000
2007-06-18,1.5119,0.00151751,0.00152848,0.00103000
2007-06-19,1.5119,-0.00203553,-0.00202456,-0.00132000
2007-06-20,1.5119,-0.01529517,-0.01528420,-0.01009000
2007-06-21,1.5119,0.01509466,0.01510563,0.01001000
2007-06-22,1.5119,-0.01509862,-0.01508765,-0.00996000
2007-06-25,1.5119,-0.00711562,-0.00710465,-0.00468000
2007-06-26,1.5119,-0.00336603,-0.00335506,-0.00220000
2007-06-27,1.5119,0.01934319,0.01935416,0.01282000
2007-06-28,1.5119,-0.00109813,-0.00108716,-0.00070000
2007-06-29,1.5119,0.00189550,0.00190647,0.00128000
2007-07-02,1.5119,0.01563896,0.01564993,0.01037000
2007-07-03,1.5119,0.00856312,0.00857409,0.00569000
2007-07-05,1.5119,0.01219176,0.01220273,0.00809000
2007-07-06,1.5119,0.00552413,0.00553510,0.00368000
2007-07-09,1.6390,0.00065715,0.00067084,0.00047000
2007-07-10,1.7641,-0.01543405,-0.01541768,-0.00868000
2007-07-11,1.7641,0.01089552,0.01091189,0.00621000
2007-07-12,1.7641,0.03284056,0.03285693,0.01865000
2007-07-13,1.5720,0.00855255,0.00856481,0.00553000
2007-07-16,1.5720,-0.00320412,-0.00319186,-0.00201000
2007-07-17,1.5720,0.01066073,0.01067299,0.00681000
2007-07-18,1.5720,-0.00293688,-0.00292462,-0.00184000
2007-07-19,1.5720,0.01157248,0.01158473,0.00739000
2007-07-20,1.5720,-0.01310758,-0.01309532,-0.00831000
2007-07-23,1.5720,0.00033283,0.00034509,0.00024000
2007-07-24,1.7225,-0.03036041,-0.03034493,-0.01755000
2007-07-25,1.5274,0.00798704,0.00799834,0.00532000
2007-07-26,1.5274,-0.01864424,-0.01863294,-0.01218000
2007-07-27,1.0000,-0.01554368,-0.01554368,-0.01528000
2007-07-30,1.0000,0.00909000,0.00909000,0.00909000
2007-07-31,1.0000,-0.02119000,-0.02119000,-0.02119000
2007-08-01,1.0000,0.00676000,0.00676000,0.00676000
2007-08-02,1.0000,0.01109000,0.01109000,0.01109000
2007-08-03,1.0000,-0.02440000,-0.02440000,-0.02440000
2007-08-06,1.0000,0.01869000,0.01869000,0.01869000
2007-08-07,1.0000,0.00374000,0.00374000,0.00374000
2007-08-08,1.0000,0.01313000,0.01313000,0.01313000
2007-08-09,1.0000,-0.02543000,-0.02543000,-0.02543000
2007-08-10,1.0000,-0.00598000,-0.00598000,-0.00598000
2007-08-13,1.0000,0.00484000,0.00484000,0.00484000
2007-08-14,1.0000,-0.01708000,-0.01708000,-0.01708000
2007-08-15,1.0000,-0.01912000,-0.01912000,-0.01912000
2007-08-16,1.0000,-0.01007000,-0.01007000,-0.01007000
2007-08-17,1.0000,0.02315000,0.02315000,0.02315000
2007-08-20,1.0000,0.00228000,0.00228000,0.00228000
2007-08-21,1.0000,0.00950000,0.00950000,0.00950000
2007-08-22,1.0000,0.01351000,0.01351000,0.01351000
2007-08-23,1.0000,-0.00250000,-0.00250000,-0.00250000
2007-08-24,1.0000,0.01529000,0.01529000,0.01529000
2007-08-27,1.0000,-0.00706000,-0.00706000,-0.00706000
2007-08-28,1.0000,-0.02475000,-0.02475000,-0.02475000
2007-08-29,1.0000,0.02930000,0.02930000,0.02930000
2007-08-30,1.0000,0.00458000,0.00458000,0.00458000
2007-08-31,1.0000,0.01274000,0.01274000,0.01274000
2007-09-04,1.0000,0.01600000,0.01600000,0.01600000
2007-09-05,1.0000,-0.01291000,-0.01291000,-0.01291000
2007-09-06,1.0000,0.00217000,0.00217000,0.00217000
2007-09-07,1.0000,-0.02015000,-0.02015000,-0.02015000
2007-09-10,1.0000,0.00097000,0.00097000,0.00097000
2007-09-11,1.0000,0.01471000,0.01471000,0.01471000
2007-09-12,1.0000,0.00001000,0.00001000,0.00001000
2007-09-13,1.0000,0.00489000,0.00489000,0.00489000
2007-09-14,1.0000,0.00112000,0.00112000,0.00112000
2007-09-17,1.0000,-0.00884000,-0.00884000,-0.00884000
2007-09-18,1.0000,0.02639000,0.02639000,0.02639000
2007-09-19,1.0000,0.00297000,0.00297000,0.00297000
2007-09-20,1.0000,-0.00426000,-0.00426000,-0.00426000
2007-09-21,1.0000,0.00832000,0.00832000,0.00832000
2007-09-24,1.0000,0.00382000,0.00382000,0.00382000
2007-09-25,1.0000,0.00954000,0.00954000,0.00954000
2007-09-26,1.0000,0.00559000,0.00559000,0.00559000
2007-09-27,1.0000,0.00386000,0.00386000,0.00386000
2007-09-28,1.0000,-0.00249000,-0.00249000,-0.00249000
2007-10-01,1.0000,0.01239000,0.01239000,0.01239000
2007-10-02,1.0000,-0.00049000,-0.00049000,-0.00049000
2007-10-03,1.0000,-0.00606000,-0.00606000,-0.00606000
2007-10-04,1.0000,0.00124000,0.00124000,0.00124000
2007-10-05,1.0000,0.02097000,0.02097000,0.02097000
2007-10-08,1.0000,0.00635000,0.00635000,0.00635000
2007-10-09,1.0000,0.00370000,0.00370000,0.00370000
2007-10-10,1.0000,0.00268000,0.00268000,0.00268000
2007-10-11,1.0000,-0.01654000,-0.01654000,-0.01654000
2007-10-12,1.0000,0.01734000,0.01734000,0.01734000
2007-10-15,1.0000,-0.00873000,-0.00873000,-0.00873000
2007-10-16,1.0000,-0.00358000,-0.00358000,-0.00358000
2007-10-17,1.0000,0.01304000,0.01304000,0.01304000
2007-10-18,1.0000,0.00387000,0.00387000,0.00387000
2007-10-19,1.0000,-0.02578000,-0.02578000,-0.02578000
2007-10-22,1.0000,0.01240000,0.01240000,0.01240000
2007-10-23,1.0000,0.02215000,0.02215000,0.02215000
2007-10-24,1.0000,-0.00750000,-0.00750000,-0.00750000
2007-10-25,1.0000,-0.01234000,-0.01234000,-0.01234000
2007-10-26,1.0000,0.01532000,0.01532000,0.01532000
2007-10-29,1.0000,0.00405000,0.00405000,0.00405000
2007-10-30,1.0000,0.00193000,0.00193000,0.00193000
2007-10-31,1.0000,0.01423000,0.01423000,0.01423000
2007-11-01,1.0000,-0.01869000,-0.01869000,-0.01869000
2007-11-02,1.0000,0.00767000,0.00767000,0.00767000
2007-11-05,1.0000,-0.00602000,-0.00602000,-0.00602000
2007-11-06,1.0000,0.01070000,0.01070000,0.01070000
2007-11-07,1.0000,-0.02450000,-0.02450000,-0.02450000
2007-11-08,1.0000,-0.02914000,-0.02914000,-0.02914000
2007-11-09,1.0000,-0.03410000,-0.03410000,-0.03410000
2007-11-12,1.0000,-0.02561000,-0.02561000,-0.02561000
2007-11-13,1.0000,0.04236000,0.04236000,0.04236000
2007-11-14,1.0000,-0.01354000,-0.01354000,-0.01354000
2007-11-15,1.0000,-0.00686000,-0.00686000,-0.00686000
2007-11-16,1.0000,0.01217000,0.01217000,0.01217000
2007-11-19,1.0000,-0.01339000,-0.01339000,-0.01339000
2007-11-20,1.0000,0.00438000,0.00438000,0.00438000
2007-11-21,1.0000,-0.01158000,-0.01158000,-0.01158000
2007-11-23,1.0000,0.01125000,0.01125000,0.01125000
2007-11-26,1.0000,-0.01946000,-0.01946000,-0.01946000
2007-11-27,1.0000,0.02234000,0.02234000,0.02234000
2007-11-28,1.0000,0.03033000,0.03033000,0.03033000
2007-11-29,1.0000,0.00338000,0.00338000,0.00338000
2007-11-30,1.0000,-0.00631000,-0.00631000,-0.00631000
2007-12-03,1.0000,-0.01034000,-0.01034000,-0.01034000
2007-12-04,1.0000,-0.00403000,-0.00403000,-0.00403000
2007-12-05,1.0000,0.01957000,0.01957000,0.01957000
2007-12-06,1.0000,0.01352000,0.01352000,0.01352000
2007-12-07,1.0000,0.00113000,0.00113000,0.00113000
2007-12-10,1.0000,0.00231000,0.00231000,0.00231000
2007-12-11,1.0000,-0.02394000,-0.02394000,-0.02394000
2007-12-12,1.0000,0.00849000,0.00849000,0.00849000
2007-12-13,1.0000,-0.00316000,-0.00316000,-0.00316000
2007-12-14,1.0000,-0.01075000,-0.01075000,-0.01075000
2007-12-17,1.0000,-0.02474000,-0.02474000,-0.02474000
2007-12-18,1.0000,0.00432000,0.00432000,0.00432000
2007-12-19,1.0000,0.00077000,0.00077000,0.00077000
2007-12-20,1.0000,0.01907000,0.01907000,0.01907000
2007-12-21,1.0000,0.02036000,0.02036000,0.02036000
2007-12-24,1.0000,0.00800000,0.00800000,0.00800000
2007-12-26,1.0000,0.00393000,0.00393000,0.00393000
2007-12-27,1.0000,-0.01441000,-0.01441000,-0.01441000
2007-12-28,1.0000,0.00048000,0.00048000,0.00048000
2007-12-31,1.0000,-0.01047000,-0.01047000,-0.01047000
2008-01-02,1.0000,-0.01687000,-0.01687000,-0.01687000
2008-01-03,1.0000,0.00102000,0.00102000,0.00102000
2008-01-04,1.0000,-0.04298000,-0.04298000,-0.04298000
2008-01-07,0.0000,-0.00042000,-0.00042000,-0.00307000
2008-01-08,0.0000,0.00008000,0.00008000,-0.02404000
2008-01-09,0.0000,0.00008000,0.00008000,0.02037000
2008-01-10,0.0000,0.00008000,0.00008000,0.00230000
2008-01-11,0.0000,0.00008000,0.00008000,-0.02088000
2008-01-14,0.0000,0.00008000,0.00008000,0.01902000
2008-01-15,0.0000,0.00008000,0.00008000,-0.02822000
2008-01-16,0.0000,0.00008000,0.00008000,-0.01149000
2008-01-17,0.0000,0.00008000,0.00008000,-0.01610000
2008-01-18,0.0000,0.00008000,0.00008000,0.00110000
2008-01-22,0.0000,0.00008000,0.00008000,-0.02627000
2008-01-23,0.0000,0.00008000,0.00008000,-0.00336000
2008-01-24,0.0000,0.00008000,0.00008000,0.02092000
2008-01-25,0.0000,0.00008000,0.00008000,-0.02064000
2008-01-28,0.0000,0.00008000,0.00008000,0.00892000
2008-01-29,0.0000,0.00008000,0.00008000,0.00146000
2008-01-30,0.0000,0.00008000,0.00008000,0.00049000
2008-01-31,0.0000,0.00008000,0.00008000,0.01822000
2008-02-01,0.0000,0.00008000,0.00008000,0.00755000
2008-02-04,0.0000,0.00008000,0.00008000,-0.01424000
2008-02-05,0.0000,0.00008000,0.00008000,-0.03022000
2008-02-06,0.0000,0.00008000,0.00008000,-0.01832000
2008-02-07,0.0000,0.00008000,0.00008000,0.00712000
2008-02-08,0.0000,0.00008000,0.00008000,0.01168000
2008-02-11,0.0000,0.00008000,0.00008000,0.01093000
2008-02-12,0.0000,0.00008000,0.00008000,-0.00698000
2008-02-13,0.0000,0.00008000,0.00008000,0.02387000
2008-02-14,0.0000,0.00008000,0.00008000,-0.01940000
2008-02-15,0.0000,0.00008000,0.00008000,-0.00401000
2008-02-19,0.0000,0.00008000,0.00008000,-0.00872000
2008-02-20,0.0000,0.00008000,0.00008000,0.01285000
2008-02-21,0.0000,0.00008000,0.00008000,-0.01181000
2008-02-22,0.0000,0.00008000,0.00008000,0.00407000
2008-02-25,0.0000,0.00008000,0.00008000,0.00680000
2008-02-26,0.0000,0.00008000,0.00008000,0.00330000
2008-02-27,0.0000,0.00008000,0.00008000,0.00484000
2008-02-28,0.0000,0.00008000,0.00008000,-0.00302000
2008-02-29,0.0000,0.00008000,0.00008000,-0.02739000
2008-03-03,0.0000,0.00008000,0.00008000,-0.00685000
2008-03-04,0.0000,0.00008000,0.00008000,0.00604000
2008-03-05,0.0000,0.00008000,0.00008000,0.00568000
2008-03-06,0.0000,0.00008000,0.00008000,-0.02340000
2008-03-07,0.0000,0.00008000,0.00008000,-0.00290000
2008-03-10,0.0000,0.00008000,0.00008000,-0.02016000
2008-03-11,0.0000,0.00008000,0.00008000,0.04062000
2008-03-12,0.0000,0.00008000,0.00008000,-0.00329000
2008-03-13,0.0000,0.00008000,0.00008000,0.00880000
2008-03-14,0.0000,0.00008000,0.00008000,-0.02087000
2008-03-17,0.0000,0.00008000,0.00008000,-0.01552000
2008-03-18,0.0000,0.00008000,0.00008000,0.04380000
2008-03-19,0.0000,0.00008000,0.00008000,-0.02579000
2008-03-20,0.0000,0.00008000,0.00008000,0.02124000
2008-03-24,0.0000,0.00008000,0.00008000,0.03565000
2008-03-25,0.0000,0.00008000,0.00008000,0.00561000
2008-03-26,0.0000,0.00008000,0.00008000,-0.00396000
2008-03-27,0.0000,0.00008000,0.00008000,-0.02165000
2008-03-28,0.0000,0.00008000,0.00008000,-0.00578000
2008-03-31,0.0000,0.00008000,0.00008000,0.00815000
2008-04-01,0.0000,0.00008000,0.00008000,0.04130000
2008-04-02,0.0000,0.00008000,0.00008000,-0.00358000
2008-04-03,0.0000,0.00008000,0.00008000,0.00348000
2008-04-04,0.0000,0.00008000,0.00008000,0.00578000
2008-04-07,0.0000,0.00008000,0.00008000,-0.00268000
2008-04-08,0.0000,0.00008000,0.00008000,-0.00787000
2008-04-09,0.0000,0.00008000,0.00008000,-0.01078000
2008-04-10,0.0000,0.00008000,0.00008000,0.01469000
2008-04-11,0.0000,0.00008000,0.00008000,-0.02925000
2008-04-14,0.0000,0.00008000,0.00008000,-0.00431000
2008-04-15,0.0000,0.00008000,0.00008000,0.00215000
2008-04-16,0.0000,0.00008000,0.00008000,0.02909000
2008-04-17,0.0000,0.00008000,0.00008000,-0.00323000
2008-04-18,0.0000,0.00008000,0.00008000,0.03229000
2008-04-21,0.0000,0.00008000,0.00008000,0.00678000
2008-04-22,0.0000,0.00008000,0.00008000,-0.01643000
2008-04-23,0.0000,0.00008000,0.00008000,0.01332000
2008-04-24,0.0000,0.00008000,0.00008000,0.00942000
2008-04-25,0.0000,0.00008000,0.00008000,-0.00309000
2008-04-28,0.0000,0.00008000,0.00008000,0.00246000
2008-04-29,0.0000,0.00008000,0.00008000,0.00540000
2008-04-30,0.0000,0.00008000,0.00008000,-0.00820000
2008-05-01,0.0000,0.00008000,0.00008000,0.03274000
2008-05-02,0.0000,0.00008000,0.00008000,0.00075000
2008-05-05,0.0000,0.00008000,0.00008000,-0.00303000
2008-05-06,0.0000,0.00008000,0.00008000,0.00751000
2008-05-07,0.0000,0.00008000,0.00008000,-0.01966000
2008-05-08,0.0000,0.00008000,0.00008000,0.00794000
2008-05-09,0.0000,0.00008000,0.00008000,-0.00332000
2008-05-12,0.0000,0.00008000,0.00008000,0.01876000
2008-05-13,0.0000,0.00008000,0.00008000,0.00182000
2008-05-14,0.0000,0.00008000,0.00008000,-0.00163000
2008-05-15,0.0000,0.00008000,0.00008000,0.01707000
2008-05-16,0.0000,0.00008000,0.00008000,-0.00001000
2008-05-19,0.0000,0.00008000,0.00008000,-0.00720000
2008-05-20,0.0000,0.00008000,0.00008000,-0.00788000
2008-05-21,0.0000,0.00008000,0.00008000,-0.02190000
2008-05-22,0.0000,0.00008000,0.00008000,0.00417000
2008-05-23,0.0000,0.00008000,0.00008000,-0.00301000
2008-05-27,0.0000,0.00008000,0.00008000,0.01865000
2008-05-28,0.0000,0.00008000,0.00008000,0.00234000
2008-05-29,0.0000,0.00008000,0.00008000,0.00950000
2008-05-30,0.0000,0.00008000,0.00008000,0.00673000
2008-06-02,0.0000,0.00008000,0.00008000,-0.01264000
2008-06-03,0.0000,0.00008000,0.00008000,-0.00498000
2008-06-04,0.0000,0.00008000,0.00008000,0.01237000
2008-06-05,0.0000,0.00008000,0.00008000,0.01668000
2008-06-06,0.0000,0.00008000,0.00008000,-0.03147000
2008-06-09,0.0000,0.00008000,0.00008000,-0.00534000
2008-06-10,0.0000,0.00008000,0.00008000,-0.00360000
2008-06-11,0.0000,0.00008000,0.00008000,-0.02442000
2008-06-12,0.0000,0.00008000,0.00008000,-0.00001000
2008-06-13,0.0000,0.00008000,0.00008000,0.02172000
2008-06-16,0.0000,0.00008000,0.00008000,0.00956000
2008-06-17,0.0000,0.00008000,0.00008000,-0.00599000
2008-06-18,0.0000,0.00008000,0.00008000,-0.01099000
2008-06-19,0.0000,0.00008000,0.00008000,0.01621000
2008-06-20,0.0000,0.00008000,0.00008000,-0.02736000
2008-06-23,0.0000,0.00008000,0.00008000,-0.00780000
2008-06-24,0.0000,0.00008000,0.00008000,-0.00498000
2008-06-25,0.0000,0.00008000,0.00008000,0.01585000
2008-06-26,0.0000,0.00008000,0.00008000,-0.04055000
2008-06-27,0.0000,0.00008000,0.00008000,0.00020000
2008-06-30,0.0000,0.00008000,0.00008000,-0.01002000
2008-07-01,0.0000,0.00008000,0.00008000,0.01397000
2008-07-02,0.0000,0.00008000,0.00008000,-0.02497000
2008-07-03,0.0000,0.00008000,0.00008000,0.00013000
2008-07-07,0.0000,0.00008000,0.00008000,0.00585000
2008-07-08,0.0000,0.00008000,0.00008000,0.02430000
2008-07-09,0.0000,0.00008000,0.00008000,-0.02782000
2008-07-10,0.0000,0.00008000,0.00008000,0.01123000
2008-07-11,0.0000,0.00008000,0.00008000,-0.01557000
2008-07-14,0.0000,0.00008000,0.00008000,-0.00707000
2008-07-15,0.0000,0.00008000,0.00008000,0.00020000
2008-07-16,0.0000,0.00008000,0.00008000,0.02534000
2008-07-17,0.0000,0.00008000,0.00008000,0.00523000
2008-07-18,0.0000,0.00008000,0.00008000,-0.01629000
2008-07-21,0.0000,0.00008000,0.00008000,-0.00188000
2008-07-22,0.0000,0.00008000,0.00008000,0.00105000
2008-07-23,0.0000,0.00008000,0.00008000,0.01317000
2008-07-24,0.0000,0.00008000,0.00008000,-0.01546000
2008-07-25,0.0000,0.00008000,0.00008000,0.01630000
2008-07-28,0.0000,0.00008000,0.00008000,-0.02357000
2008-07-29,0.0000,0.00008000,0.00008000,0.02363000
2008-07-30,0.0000,0.00008000,0.00008000,0.00395000
2008-07-31,0.0000,0.00008000,0.00008000,-0.00195000
2008-08-01,0.0000,0.00008000,0.00008000,-0.01219000
2008-08-04,0.0000,0.00008000,0.00008000,-0.01187000
2008-08-05,0.0000,0.00008000,0.00008000,0.03599000
2008-08-06,0.0000,0.00008000,0.00008000,0.01364000
2008-08-07,0.0000,0.00008000,0.00008000,-0.00795000
2008-08-08,0.0000,0.00008000,0.00008000,0.02457000
2008-08-11,0.0000,0.00008000,0.00008000,0.00781000
2008-08-12,0.0000,0.00008000,0.00008000,-0.00006000
2008-08-13,0.0000,0.00008000,0.00008000,0.00051000
2008-08-14,0.0000,0.00008000,0.00008000,0.01154000
2008-08-15,0.0000,0.00008000,0.00008000,-0.00345000
2008-08-18,0.0000,0.00008000,0.00008000,-0.01268000
2008-08-19,0.0000,0.00008000,0.00008000,-0.01240000
2008-08-20,0.0000,0.00008000,0.00008000,0.00230000
2008-08-21,0.0000,0.00008000,0.00008000,-0.00326000
2008-08-22,0.0000,0.00008000,0.00008000,0.01299000
2008-08-25,0.0000,0.00008000,0.00008000,-0.02159000
2008-08-26,0.0000,0.00008000,0.00008000,-0.00178000
2008-08-27,0.0000,0.00008000,0.00008000,0.00744000
2008-08-28,0.0000,0.00008000,0.00008000,0.00782000
2008-08-29,0.0000,0.00008000,0.00008000,-0.02221000
2008-09-02,0.0000,0.00008000,0.00008000,-0.01194000
2008-09-03,0.0000,0.00008000,0.00008000,-0.00919000
2008-09-04,0.0000,0.00008000,0.00008000,-0.03179000
2008-09-05,0.0000,0.00008000,0.00008000,-0.00367000
2008-09-08,0.0000,0.00008000,0.00008000,-0.00296000
2008-09-09,0.0000,0.00008000,0.00008000,-0.02346000
2008-09-10,0.0000,0.00008000,0.00008000,0.00962000
2008-09-11,0.0000,0.00008000,0.00008000,0.02049000
2008-09-12,0.0000,0.00008000,0.00008000,-0.00365000
2008-09-15,0.0000,0.00008000,0.00008000,-0.03487000
2008-09-16,0.0000,0.00008000,0.00008000,0.01094000
2008-09-17,0.0000,0.00008000,0.00008000,-0.05312000
2008-09-18,0.0000,0.00008000,0.00008000,0.03982000
2008-09-19,0.0000,0.00008000,0.00008000,0.02809000
2008-09-22,0.0000,0.00008000,0.00008000,-0.04532000
2008-09-23,0.0000,0.00008000,0.00008000,-0.01050000
2008-09-24,0.0000,0.00008000,0.00008000,0.00787000
2008-09-25,0.0000,0.00008000,0.00008000,0.01581000
2008-09-26,0.0000,0.00008000,0.00008000,-0.00917000
2008-09-29,0.0000,0.00008000,0.00008000,-0.10517000
2008-09-30,0.0000,0.00008000,0.00008000,0.06585000
2008-10-01,0.0000,0.00008000,0.00008000,-0.01931000
2008-10-02,0.0000,0.00008000,0.00008000,-0.04646000
2008-10-03,0.0000,0.00008000,0.00008000,-0.01357000
2008-10-06,0.0000,0.00008000,0.00008000,-0.04047000
2008-10-07,0.0000,0.00008000,0.00008000,-0.05758000
2008-10-08,0.0000,0.00008000,0.00008000,0.00050000
2008-10-09,0.0000,0.00008000,0.00008000,-0.04169000
2008-10-10,0.0000,0.00008000,0.00008000,-0.00413000
2008-10-13,0.0000,0.00008000,0.00008000,0.12582000
2008-10-14,0.0000,0.00008000,0.00008000,-0.04541000
2008-10-15,0.0000,0.00008000,0.00008000,-0.08818000
2008-10-16,0.0000,0.00008000,0.00008000,0.05527000
2008-10-17,0.0000,0.00008000,0.00008000,-0.00093000
2008-10-20,0.0000,0.00008000,0.00008000,0.03131000
2008-10-21,0.0000,0.00008000,0.00008000,-0.05123000
2008-10-22,0.0000,0.00008000,0.00008000,-0.03608000
2008-10-23,0.0000,0.00008000,0.00008000,0.00170000
2008-10-24,0.0000,0.00008000,0.00008000,-0.02975000
2008-10-27,0.0000,0.00008000,0.00008000,-0.02700000
2008-10-28,0.0000,0.00008000,0.00008000,0.10927000
2008-10-29,0.0000,0.00008000,0.00008000,0.00353000
2008-10-30,0.0000,0.00008000,0.00008000,0.02446000
2008-10-31,0.0000,0.00008000,0.00008000,0.00065000
2008-11-03,0.0000,0.00008000,0.00008000,0.00000000
2008-11-04,0.0000,0.00008000,0.00008000,0.03273000
2008-11-05,0.0000,0.00008000,0.00008000,-0.05687000
2008-11-06,0.0000,0.00008000,0.00008000,-0.04460000
2008-11-07,0.0000,0.00008000,0.00008000,0.02390000
2008-11-10,0.0000,0.00008000,0.00008000,-0.01619000
2008-11-11,0.0000,0.00008000,0.00008000,-0.02029000
2008-11-12,0.0000,0.00008000,0.00008000,-0.04910000
2008-11-13,0.0000,0.00008000,0.00008000,0.06485000
2008-11-14,0.0000,0.00008000,0.00008000,-0.04937000
2008-11-17,0.0000,0.00008000,0.00008000,-0.02343000
2008-11-18,0.0000,0.00008000,0.00008000,0.00331000
2008-11-19,0.0000,0.00008000,0.00008000,-0.05894000
2008-11-20,0.0000,0.00008000,0.00008000,-0.04695000
2008-11-21,0.0000,0.00008000,0.00008000,0.04736000
2008-11-24,0.0000,0.00008000,0.00008000,0.06337000
2008-11-25,0.0000,0.00008000,0.00008000,-0.01016000
2008-11-26,0.0000,0.00008000,0.00008000,0.04423000
2008-11-28,0.0000,0.00008000,0.00008000,-0.00613000
2008-12-01,0.0000,0.00008000,0.00008000,-0.07975000
2008-12-02,0.0000,0.00008000,0.00008000,0.03562000
2008-12-03,0.0000,0.00008000,0.00008000,0.03206000
2008-12-04,0.0000,0.00008000,0.00008000,-0.03295000
2008-12-05,0.0000,0.00008000,0.00008000,0.04447000
2008-12-08,0.0000,0.00008000,0.00008000,0.04009000
2008-12-09,0.0000,0.00008000,0.00008000,-0.01027000
2008-12-10,0.0000,0.00008000,0.00008000,0.00821000
2008-12-11,0.0000,0.00008000,0.00008000,-0.03427000
2008-12-12,0.0000,0.00008000,0.00008000,0.02221000
2008-12-15,0.0000,0.00008000,0.00008000,-0.02051000
2008-12-16,0.0000,0.00008000,0.00008000,0.05216000
2008-12-17,0.0000,0.00008000,0.00008000,-0.01415000
2008-12-18,0.0000,0.00008000,0.00008000,-0.01725000
2008-12-19,0.0000,0.00008000,0.00008000,0.01040000
2008-12-22,0.0000,0.00008000,0.00008000,-0.02301000
2008-12-23,0.0000,0.00008000,0.00008000,-0.00499000
2008-12-24,0.0000,0.00008000,0.00008000,0.00096000
2008-12-26,0.0000,0.00008000,0.00008000,0.00099000
2008-12-29,0.0000,0.00008000,0.00008000,-0.01034000
2008-12-30,0.0000,0.00008000,0.00008000,0.02405000
2008-12-31,0.0000,0.00008000,0.00008000,0.00861000
2009-01-02,0.0000,0.00001000,0.00001000,0.04298000
2009-01-05,0.0000,0.00001000,0.00001000,-0.00091000
2009-01-06,0.0000,0.00001000,0.00001000,0.00950000
2009-01-07,0.0000,0.00001000,0.00001000,-0.02814000
2009-01-08,0.0000,0.00001000,0.00001000,0.01126000
2009-01-09,0.0000,0.00001000,0.00001000,-0.02354000
2009-01-12,0.0000,0.00001000,0.00001000,-0.01787000
2009-01-13,0.0000,0.00001000,0.00001000,0.00129000
2009-01-14,0.0000,0.00001000,0.00001000,-0.03260000
2009-01-15,0.0000,0.00001000,0.00001000,0.01730000
2009-01-16,0.0000,0.00001000,0.00001000,0.01238000
2009-01-20,0.0000,0.00001000,0.00001000,-0.05133000
2009-01-21,0.0000,0.00001000,0.00001000,0.04327000
2009-01-22,0.0000,0.00001000,0.00001000,-0.01489000
2009-01-23,0.0000,0.00001000,0.00001000,0.00671000
2009-01-26,0.0000,0.00001000,0.00001000,0.00740000
2009-01-27,0.0000,0.00001000,0.00001000,0.00834000
2009-01-28,0.0000,0.00001000,0.00001000,0.03477000
2009-01-29,0.0000,0.00001000,0.00001000,-0.02592000
2009-01-30,0.0000,0.00001000,0.00001000,-0.01958000
2009-02-02,0.0000,0.00001000,0.00001000,0.01316000
2009-02-03,0.0000,0.00001000,0.00001000,0.01667000
2009-02-04,0.0000,0.00001000,0.00001000,-0.00017000
2009-02-05,0.0000,0.00001000,0.00001000,0.02444000
2009-02-06,0.0000,0.00001000,0.00001000,0.02603000
2009-02-09,0.0000,0.00001000,0.00001000,0.00328000
2009-02-10,0.0000,0.00001000,0.00001000,-0.04083000
2009-02-11,0.0000,0.00001000,0.00001000,-0.00180000
2009-02-12,0.0000,0.00001000,0.00001000,0.01287000
2009-02-13,0.0000,0.00001000,0.00001000,-0.00477000
2009-02-17,0.0000,0.00001000,0.00001000,-0.04025000
2009-02-18,0.0000,0.00001000,0.00001000,0.00148000
2009-02-19,0.0000,0.00001000,0.00001000,-0.01754000
2009-02-20,0.0000,0.00001000,0.00001000,0.00415000
2009-02-23,0.0000,0.00001000,0.00001000,-0.03727000
2009-02-24,0.0000,0.00001000,0.00001000,0.03765000
2009-02-25,0.0000,0.00001000,0.00001000,-0.00904000
2009-02-26,0.0000,0.00001000,0.00001000,-0.02903000
2009-02-27,0.0000,0.00001000,0.00001000,-0.00895000
2009-03-02,0.0000,0.00001000,0.00001000,-0.03607000
2009-03-03,0.0000,0.00001000,0.00001000,0.00374000
2009-03-04,0.0000,0.00001000,0.00001000,0.02744000
2009-03-05,0.0000,0.00001000,0.00001000,-0.03220000
2009-03-06,0.0000,0.00001000,0.00001000,-0.00912000
2009-03-09,0.0000,0.00001000,0.00001000,-0.01954000
2009-03-10,0.0000,0.00001000,0.00001000,0.06571000
2009-03-11,0.0000,0.00001000,0.00001000,0.01217000
2009-03-12,0.0000,0.00001000,0.00001000,0.03445000
2009-03-13,0.0000,0.00001000,0.00001000,0.00330000
2009-03-16,0.0000,0.00001000,0.00001000,-0.01972000
2009-03-17,0.0000,0.00001000,0.00001000,0.04081000
2009-03-18,0.0000,0.00001000,0.00001000,0.01243000
2009-03-19,0.0000,0.00001000,0.00001000,-0.00225000
2009-03-20,0.0000,0.00001000,0.00001000,-0.01412000
2009-03-23,0.0000,0.00001000,0.00001000,0.06120000
2009-03-24,0.0000,0.00001000,0.00001000,-0.02019000
2009-03-25,0.0000,0.00001000,0.00001000,0.00190000
2009-03-26,0.0000,0.00001000,0.00001000,0.03612000
2009-03-27,0.0000,0.00001000,0.00001000,-0.02326000
2009-03-30,0.0000,0.00001000,0.00001000,-0.02448000
2009-03-31,0.0000,0.00001000,0.00001000,0.01329000
2009-04-01,0.0000,0.00001000,0.00001000,0.01255000
2009-04-02,0.0000,0.00001000,0.00001000,0.03339000
2009-04-03,0.0000,0.00001000,0.00001000,0.01691000
2009-04-06,0.0000,0.00001000,0.00001000,-0.00230000
2009-04-07,0.0000,0.00001000,0.00001000,-0.02867000
2009-04-08,0.0000,0.00001000,0.00001000,0.01988000
2009-04-09,0.0000,0.00001000,0.00001000,0.03041000
2009-04-13,0.0000,0.00001000,0.00001000,-0.00267000
2009-04-14,0.0000,0.00001000,0.00001000,-0.01072000
2009-04-15,0.0000,0.00001000,0.00001000,-0.00436000
2009-04-16,0.0000,0.00001000,0.00001000,0.02773000
2009-04-17,0.0000,0.00001000,0.00001000,0.00072000
2009-04-20,0.0000,0.00001000,0.00001000,-0.03288000
2009-04-21,0.0000,0.00001000,0.00001000,0.01506000
2009-04-22,0.0000,0.00001000,0.00001000,0.00503000
2009-04-23,0.0000,0.00001000,0.00001000,0.00653000
2009-04-24,0.0000,0.00001000,0.00001000,0.02150000
2009-04-27,0.0000,0.00001000,0.00001000,-0.00241000
2009-04-28,0.0000,0.00001000,0.00001000,-0.00583000
2009-04-29,0.0000,0.00001000,0.00001000,0.01505000
2009-04-30,0.0000,0.00001000,0.00001000,0.00867000
2009-05-01,0.0000,0.00001000,0.00001000,0.00167000
2009-05-04,0.0000,0.00001000,0.00001000,0.02246000
2009-05-05,0.0000,0.00001000,0.00001000,-0.00288000
2009-05-06,0.0000,0.00001000,0.00001000,0.00005000
2009-05-07,0.0000,0.00001000,0.00001000,-0.02387000
2009-05-08,0.0000,0.00001000,0.00001000,0.00314000
2009-05-11,0.0000,0.00001000,0.00001000,0.00119000
2009-05-12,0.0000,0.00001000,0.00001000,-0.01315000
2009-05-13,0.0000,0.00001000,0.00001000,-0.02725000
2009-05-14,0.0000,0.00001000,0.00001000,0.01483000
2009-05-15,0.0000,0.00001000,0.00001000,-0.00333000
2009-05-18,0.0000,0.00001000,0.00001000,0.02779000
2009-05-19,0.0000,0.00001000,0.00001000,0.00384000
2009-05-20,0.0000,0.00001000,0.00001000,-0.00307000
2009-05-21,0.0000,0.00001000,0.00001000,-0.01887000
2009-05-22,0.0000,0.00001000,0.00001000,-0.00306000
2009-05-26,0.0000,0.00001000,0.00001000,0.03629000
2009-05-27,0.0000,0.00001000,0.00001000,-0.00757000
2009-05-28,0.0000,0.00001000,0.00001000,0.01317000
2009-05-29,0.0000,0.00001000,0.00001000,0.01077000
2009-06-01,0.0000,0.00001000,0.00001000,0.02897000
2009-06-02,0.0000,0.00001000,0.00001000,0.00218000
2009-06-03,0.0000,0.00001000,0.00001000,-0.00327000
2009-06-04,0.0000,0.00001000,0.00001000,0.01175000
2009-06-05,0.0000,0.00001000,0.00001000,0.00034000
2009-06-08,0.0000,0.00001000,0.00001000,-0.00314000
2009-06-09,1.0000,0.00830000,0.00830000,0.00880000
2009-06-10,1.0000,-0.00416000,-0.00416000,-0.00416000
2009-06-11,1.0000,0.00119000,0.00119000,0.00119000
2009-06-12,1.0000,-0.00468000,-0.00468000,-0.00468000
2009-06-15,1.0000,-0.02213000,-0.02213000,-0.02213000
2009-06-16,1.0000,-0.00939000,-0.00939000,-0.00939000
2009-06-17,1.0000,0.00878000,0.00878000,0.00878000
2009-06-18,1.0000,-0.00141000,-0.00141000,-0.00141000
2009-06-19,1.0000,0.01201000,0.01201000,0.01201000
2009-06-22,1.0000,-0.03030000,-0.03030000,-0.03030000
2009-06-23,1.0000,-0.00148000,-0.00148000,-0.00148000
2009-06-24,1.0000,0.01589000,0.01589000,0.01589000
2009-06-25,1.0000,0.01990000,0.01990000,0.01990000
2009-06-26,1.0000,0.00299000,0.00299000,0.00299000
2009-06-29,1.0000,0.00248000,0.00248000,0.00248000
2009-06-30,1.0000,-0.00441000,-0.00441000,-0.00441000
2009-07-01,1.0000,0.00279000,0.00279000,0.00279000
2009-07-02,1.0000,-0.02364000,-0.02364000,-0.02364000
2009-07-06,1.0000,-0.00362000,-0.00362000,-0.00362000
2009-07-07,1.0000,-0.02512000,-0.02512000,-0.02512000
2009-07-08,1.0000,0.00483000,0.00483000,0.00483000
2009-07-09,1.0000,0.00247000,0.00247000,0.00247000
2009-07-10,1.0000,0.00346000,0.00346000,0.00346000
2009-07-13,1.0000,0.01965000,0.01965000,0.01965000
2009-07-14,1.0000,0.00357000,0.00357000,0.00357000
2009-07-15,1.0000,0.03316000,0.03316000,0.03316000
2009-07-16,1.0000,0.01194000,0.01194000,0.01194000
2009-07-17,1.0000,0.00555000,0.00555000,0.00555000
2009-07-20,1.0000,0.01098000,0.01098000,0.01098000
2009-07-21,1.0000,0.00586000,0.00586000,0.00586000
2009-07-22,1.0000,0.00774000,0.00774000,0.00774000
2009-07-23,1.0000,0.02336000,0.02336000,0.02336000
2009-07-24,1.0000,-0.00151000,-0.00151000,-0.00151000
2009-07-27,1.0000,0.00018000,0.00018000,0.00018000
2009-07-28,1.0000,0.00388000,0.00388000,0.00388000
2009-07-29,1.0000,-0.00363000,-0.00363000,-0.00363000
2009-07-30,1.0000,0.00644000,0.00644000,0.00644000
2009-07-31,1.0000,-0.00402000,-0.00402000,-0.00402000
2009-08-03,1.0000,0.01547000,0.01547000,0.01547000
2009-08-04,1.0000,0.00025000,0.00025000,0.00025000
2009-08-05,1.0000,-0.00860000,-0.00860000,-0.00860000
2009-08-06,1.0000,-0.00874000,-0.00874000,-0.00874000
2009-08-07,1.0000,0.01202000,0.01202000,0.01202000
2009-08-10,1.0000,-0.00557000,-0.00557000,-0.00557000
2009-08-11,1.0000,-0.00975000,-0.00975000,-0.00975000
2009-08-12,1.0000,0.01564000,0.01564000,0.01564000
2009-08-13,1.2931,0.00710683,0.00711311,0.00562000
2009-08-14,1.2931,-0.01354009,-0.01353381,-0.01046000
2009-08-17,1.2931,-0.03745002,-0.03744373,-0.02895000
2009-08-18,1.1014,0.01513235,0.01513452,0.01383000
2009-08-19,1.1014,0.00704443,0.00704660,0.00640000
2009-08-20,1.1014,0.01216616,0.01216833,0.01105000
2009-08-21,1.1014,0.01609833,0.01610050,0.01462000
2009-08-24,1.1014,-0.00199846,-0.00199629,-0.00181000
2009-08-25,1.1014,0.00347574,0.00347791,0.00316000
2009-08-26,1.1014,-0.00192136,-0.00191918,-0.00174000
2009-08-27,1.1014,0.00269371,0.00269588,0.00245000
2009-08-28,1.1014,0.00154820,0.00155038,0.00141000
2009-08-31,1.1014,-0.01207671,-0.01207453,-0.01096000
2009-09-01,1.1014,-0.01987496,-0.01987278,-0.01804000
2009-09-02,1.1014,-0.00105121,-0.00104904,-0.00095000
2009-09-03,1.1014,0.00810182,0.00810399,0.00736000
2009-09-04,1.1014,0.02203513,0.02203731,0.02001000
2009-09-08,1.1014,0.01127399,0.01127616,0.01024000
2009-09-09,1.1014,0.00962182,0.00962399,0.00874000
2009-09-10,1.1014,0.01119689,0.01119906,0.01017000
2009-09-11,1.1014,-0.00043440,-0.00043223,-0.00039000
2009-09-14,1.1014,0.00544733,0.00544950,0.00495000
2009-09-15,1.1014,0.00377313,0.00377530,0.00343000
2009-09-16,1.3281,0.01880971,0.01881674,0.01426000
2009-09-17,1.3281,-0.00202108,-0.00201405,-0.00151000
2009-09-18,1.3281,0.00322491,0.00323194,0.00244000
2009-09-21,1.3281,0.00489831,0.00490534,0.00370000
2009-09-22,1.4734,0.00207067,0.00208081,0.00147000
2009-09-23,1.4734,-0.00833257,-0.00832243,-0.00564000
2009-09-24,1.4734,-0.01238443,-0.01237429,-0.00839000
2009-09-25,1.4734,-0.01344528,-0.01343514,-0.00911000
2009-09-28,1.4734,0.02648394,0.02649408,0.01799000
2009-09-29,1.2778,-0.00520959,-0.00520364,-0.00399000
2009-09-30,1.2778,0.00099624,0.00100219,0.00079000
2009-10-01,1.4518,-0.04447443,-0.04446475,-0.03056000
2009-10-02,1.1334,-0.00280642,-0.00280357,-0.00233000
2009-10-05,1.1334,0.00898174,0.00898460,0.00793000
2009-10-06,1.1334,0.02004402,0.02004688,0.01769000
2009-10-07,1.1334,0.00347327,0.00347613,0.00307000
2009-10-08,1.1334,0.00489006,0.00489291,0.00432000
2009-10-09,1.1334,0.00660154,0.00660439,0.00583000
2009-10-12,1.1334,0.00125174,0.00125460,0.00111000
2009-10-13,1.1334,0.00043567,0.00043853,0.00039000
2009-10-14,1.1334,0.01573699,0.01573984,0.01389000
2009-10-15,1.1334,-0.00056175,-0.00055889,-0.00049000
2009-10-16,1.1334,-0.00905114,-0.00904828,-0.00798000
2009-10-19,1.1334,0.01132794,0.01133080,0.01000000
2009-10-20,1.1334,-0.00030106,-0.00029820,-0.00026000
2009-10-21,1.1334,-0.00167251,-0.00166965,-0.00147000
2009-10-22,1.1334,0.00621617,0.00621903,0.00549000
2009-10-23,1.1334,-0.00610422,-0.00610136,-0.00538000
2009-10-26,1.1334,-0.00442674,-0.00442388,-0.00390000
2009-10-27,1.3099,-0.01828384,-0.01827720,-0.01388000
2009-10-28,1.3099,-0.03070477,-0.03069813,-0.02343000
2009-10-29,1.1064,0.01913421,0.01913649,0.01739000
2009-10-30,1.2847,-0.03320838,-0.03320228,-0.02577000
2009-11-02,1.1044,0.00375918,0.00376142,0.00349000
2009-11-03,1.1044,0.00416959,0.00417183,0.00378000
2009-11-04,1.1044,0.00098897,0.00099120,0.00090000
2009-11-05,1.1044,0.02657754,0.02657978,0.02407000
2009-11-06,1.1044,0.00622375,0.00622598,0.00564000
2009-11-09,1.1044,0.02403746,0.02403969,0.02177000
2009-11-10,1.0000,0.00266781,0.00266781,0.00272000
2009-11-11,1.0000,0.00554000,0.00554000,0.00554000
2009-11-12,1.0000,-0.00548000,-0.00548000,-0.00548000
2009-11-13,1.0000,0.00875000,0.00875000,0.00875000
2009-11-16,1.0000,0.01062000,0.01062000,0.01062000
2009-11-17,1.0000,0.00260000,0.00260000,0.00260000
2009-11-18,1.0000,-0.00575000,-0.00575000,-0.00575000
2009-11-19,1.0000,-0.01582000,-0.01582000,-0.01582000
2009-11-20,1.0000,-0.00494000,-0.00494000,-0.00494000
2009-11-23,1.0000,0.01620000,0.01620000,0.01620000
2009-11-24,1.0000,-0.00371000,-0.00371000,-0.00371000
2009-11-25,1.0000,0.00418000,0.00418000,0.00418000
2009-11-27,1.0000,-0.01570000,-0.01570000,-0.01570000
2009-11-30,1.0000,0.00114000,0.00114000,0.00114000
2009-12-01,1.2014,0.01370595,0.01371027,0.01150000
2009-12-02,1.2014,0.00210488,0.00210920,0.00176000
2009-12-03,1.2014,-0.00528382,-0.00527950,-0.00439000
2009-12-04,1.2014,0.00608156,0.00608588,0.00507000
2009-12-07,1.3330,-0.00620032,-0.00619318,-0.00459000
2009-12-08,1.3330,-0.00814739,-0.00814025,-0.00610000
2009-12-09,1.5321,0.01458364,0.01459504,0.00960000
2009-12-10,1.5321,0.00829416,0.00830556,0.00543000
2009-12-11,1.5321,-0.00621524,-0.00620384,-0.00404000
2009-12-14,1.5321,0.01457594,0.01458735,0.00953000
2009-12-15,1.5321,-0.00920292,-0.00919152,-0.00599000
2009-12-16,1.5321,0.00224219,0.00225359,0.00148000
2009-12-17,1.5321,-0.01917717,-0.01916577,-0.01250000
2009-12-18,1.5321,0.02507112,0.02508253,0.01638000
2009-12-21,1.5321,0.01817648,0.01818788,0.01188000
2009-12-22,1.4073,0.00820721,0.00821594,0.00589000
2009-12-23,1.5166,0.01024886,0.01025993,0.00681000
2009-12-24,1.5166,0.01462587,0.01463694,0.00966000
2009-12-28,1.5166,0.00676980,0.00678087,0.00448000
2009-12-29,1.5166,-0.00496881,-0.00495774,-0.00326000
2009-12-30,1.5166,0.00538968,0.00540075,0.00357000
2009-12-31,1.6636,-0.01630867,-0.01629445,-0.00974000
2010-01-04,1.6636,0.02360819,0.02362241,0.01421000
2010-01-05,1.4952,0.00129770,0.00130831,0.00094000
2010-01-06,1.4952,-0.00791841,-0.00790780,-0.00528000
2010-01-07,1.4952,-0.00133942,-0.00132881,-0.00088000
2010-01-08,1.4952,0.01265590,0.01266651,0.00848000
2010-01-11,1.4952,-0.00500272,-0.00499211,-0.00333000
2010-01-12,1.4952,-0.01937185,-0.01936123,-0.01294000
2010-01-13,1.4952,0.01956384,0.01957445,0.01310000
2010-01-14,1.4952,0.00032028,0.00033089,0.00023000
2010-01-15,1.4952,-0.01742805,-0.01741744,-0.01164000
2010-01-19,1.3835,0.02293371,0.02294193,0.01663000
2010-01-20,1.3835,-0.02007926,-0.02007104,-0.01450000
2010-01-21,1.3835,-0.01285731,-0.01284910,-0.00928000
2010-01-22,1.3835,-0.04166210,-0.04165388,-0.03010000
2010-01-25,1.1103,0.00456559,0.00456796,0.00424000
2010-01-26,1.1103,0.00092736,0.00092972,0.00084000
2010-01-27,1.1103,0.00927648,0.00927884,0.00836000
2010-01-28,1.1103,-0.02916057,-0.02915821,-0.02626000
2010-01-29,1.0000,-0.01700513,-0.01700513,-0.01695000
2010-02-01,1.0000,0.01133000,0.01133000,0.01133000
2010-02-02,1.0000,0.00922000,0.00922000,0.00922000
2010-02-03,1.0000,0.00440000,0.00440000,0.00440000
2010-02-04,1.0000,-0.02895000,-0.02895000,-0.02895000
2010-02-05,1.0000,0.00760000,0.00760000,0.00760000
2010-02-08,1.0000,-0.00641000,-0.00641000,-0.00641000
2010-02-09,1.0000,0.01095000,0.01095000,0.01095000
2010-02-10,1.0000,-0.00230000,-0.00230000,-0.00230000
2010-02-11,1.0000,0.01487000,0.01487000,0.01487000
2010-02-12,1.0000,0.00192000,0.00192000,0.00192000
2010-02-16,1.0000,0.01292000,0.01292000,0.01292000
2010-02-17,1.0000,0.00491000,0.00491000,0.00491000
2010-02-18,1.0000,0.00694000,0.00694000,0.00694000
2010-02-19,1.0000,-0.00001000,-0.00001000,-0.00001000
2010-02-22,1.0000,-0.00310000,-0.00310000,-0.00310000
2010-02-23,1.0000,-0.01308000,-0.01308000,-0.01308000
2010-02-24,1.0000,0.01044000,0.01044000,0.01044000
2010-02-25,1.0000,0.00024000,0.00024000,0.00024000
2010-02-26,1.0000,0.00321000,0.00321000,0.00321000
2010-03-01,1.1585,0.01760369,0.01760708,0.01527000
2010-03-02,1.1585,0.00303933,0.00304273,0.00263000
2010-03-03,1.1585,0.00024731,0.00025071,0.00022000
2010-03-04,1.1585,0.00512465,0.00512805,0.00443000
2010-03-05,1.1585,0.01798416,0.01798755,0.01553000
2010-03-08,1.4697,0.00167379,0.00168386,0.00126000
2010-03-09,1.4697,0.00816359,0.00817366,0.00557000
2010-03-10,1.4697,0.01235212,0.01236218,0.00842000
2010-03-11,1.4697,0.00495974,0.00496980,0.00339000
2010-03-12,1.4697,0.00049198,0.00050204,0.00035000
2010-03-15,1.6642,-0.00384018,-0.00382595,-0.00223000
2010-03-16,1.6642,0.01053613,0.01055037,0.00635000
2010-03-17,1.6642,0.00342990,0.00344413,0.00208000
2010-03-18,1.7795,0.00704081,0.00705751,0.00401000
2010-03-19,1.7795,-0.01053594,-0.01051924,-0.00590000
2010-03-22,1.7795,0.01579993,0.01581664,0.00890000
2010-03-23,1.7795,0.01241898,0.01243568,0.00700000
2010-03-24,1.7795,-0.01028681,-0.01027011,-0.00576000
2010-03-25,1.9038,-0.00267540,-0.00265603,-0.00135000
2010-03-26,1.9038,0.00340276,0.00342212,0.00181000
2010-03-29,1.9038,0.00837165,0.00839102,0.00442000
2010-03-30,1.9038,0.00654401,0.00656338,0.00346000
2010-03-31,1.9038,-0.00929554,-0.00927617,-0.00486000
2010-04-01,1.9038,0.00119436,0.00121372,0.00065000
2010-04-05,1.9038,0.01775735,0.01777672,0.00935000
2010-04-06,1.9038,0.00397389,0.00399326,0.00211000
2010-04-07,1.9038,-0.00445991,-0.00444054,-0.00232000
2010-04-08,1.9038,0.00330757,0.00332693,0.00176000
2010-04-09,1.9038,0.01316921,0.01318858,0.00694000
2010-04-12,1.9038,0.00117532,0.00119468,0.00064000
2010-04-13,1.9038,0.00778148,0.00780085,0.00411000
2010-04-14,1.9038,0.02375430,0.02377367,0.01250000
2010-04-15,1.9038,0.00920932,0.00922869,0.00486000
2010-04-16,1.9038,-0.02408801,-0.02406864,-0.01263000
2010-04-19,1.9038,0.00066129,0.00068066,0.00037000
2010-04-20,1.9038,0.00951393,0.00953330,0.00502000
2010-04-21,1.9038,0.01029448,0.01031385,0.00543000
2010-04-22,1.9038,0.00995180,0.00997117,0.00525000
2010-04-23,1.9038,0.00947585,0.00949522,0.00500000
2010-04-26,1.9038,-0.00577353,-0.00575416,-0.00301000
2010-04-27,1.9038,-0.03979430,-0.03977493,-0.02088000
2010-04-28,1.6980,0.00103544,0.00105039,0.00069000
2010-04-29,1.6980,0.02986860,0.02988355,0.01761000
2010-04-30,1.5228,-0.03157393,-0.03156273,-0.02066000
2010-05-03,1.3257,0.02043441,0.02044139,0.01550000
2010-05-04,1.3257,-0.04084739,-0.04084041,-0.03080000
2010-05-05,1.0405,-0.00578381,-0.00578294,-0.00542000
2010-05-06,1.0405,-0.03425360,-0.03425273,-0.03292000
2010-05-07,1.0405,-0.02431728,-0.02431642,-0.02337000
2010-05-10,1.0405,0.05243683,0.05243770,0.05040000
2010-05-11,1.0405,-0.00111521,-0.00111435,-0.00107000
2010-05-12,1.0405,0.01884065,0.01884152,0.01811000
2010-05-13,1.0405,-0.01580639,-0.01580552,-0.01519000
2010-05-14,1.0405,-0.02051964,-0.02051877,-0.01972000
2010-05-17,1.0405,0.00457606,0.00457692,0.00440000
2010-05-18,1.0405,-0.01540061,-0.01539975,-0.01480000
2010-05-19,1.0405,-0.00749318,-0.00749231,-0.00720000
2010-05-20,1.0405,-0.04068359,-0.04068272,-0.03910000
2010-05-21,1.0405,0.01311817,0.01311903,0.01261000
2010-05-24,1.0405,-0.00425738,-0.00425651,-0.00409000
2010-05-25,1.0405,0.00024778,0.00024865,0.00024000
2010-05-26,1.0405,-0.01098910,-0.01098823,-0.01056000
2010-05-27,1.0405,0.03839074,0.03839160,0.03690000
2010-05-28,1.0405,-0.00574522,-0.00574436,-0.00552000
2010-06-01,1.0405,-0.00971975,-0.00971888,-0.00934000
2010-06-02,1.0405,0.02528105,0.02528191,0.02430000
2010-06-03,1.0405,0.00891474,0.00891561,0.00857000
2010-06-04,1.0405,-0.03489868,-0.03489781,-0.03354000
2010-06-07,1.0405,-0.01921907,-0.01921820,-0.01847000
2010-06-08,1.0405,-0.00139613,-0.00139527,-0.00134000
2010-06-09,1.0405,-0.00969894,-0.00969807,-0.00932000
2010-06-10,1.0405,0.02995267,0.02995354,0.02879000
2010-06-11,1.0405,0.00972629,0.00972716,0.00935000
2010-06-14,1.0405,-0.00091753,-0.00091666,-0.00088000
2010-06-15,1.0405,0.02933881,0.02933967,0.02820000
2010-06-16,1.0405,0.00431594,0.00431681,0.00415000
2010-06-17,1.0405,0.00294255,0.00294342,0.00283000
2010-06-18,1.0405,0.00155875,0.00155961,0.00150000
2010-06-21,1.0405,-0.00957408,-0.00957322,-0.00920000
2010-06-22,1.0405,-0.00837757,-0.00837670,-0.00805000
2010-06-23,1.0405,-0.00336259,-0.00336172,-0.00323000
2010-06-24,1.0405,-0.01653471,-0.01653384,-0.01589000
2010-06-25,1.0405,-0.00340421,-0.00340334,-0.00327000
2010-06-28,1.0405,-0.00140654,-0.00140567,-0.00135000
2010-06-29,1.0405,-0.04074602,-0.04074515,-0.03916000
2010-06-30,1.0405,-0.01467230,-0.01467143,-0.01410000
2010-07-01,1.0405,-0.00281115,-0.00281028,-0.00270000
2010-07-02,1.0405,-0.00362270,-0.00362183,-0.00348000
2010-07-06,1.0405,0.00383734,0.00383820,0.00369000
2010-07-07,1.0405,0.03303241,0.03303328,0.03175000
2010-07-08,1.0405,0.00501305,0.00501391,0.00482000
2010-07-09,1.0405,0.00955982,0.00956069,0.00919000
2010-07-12,1.0405,0.00359803,0.00359890,0.00346000
2010-07-13,1.0405,0.01373203,0.01373290,0.01320000
2010-07-14,1.0405,0.00475293,0.00475380,0.00457000
2010-07-15,1.0405,0.00161077,0.00161164,0.00155000
2010-07-16,1.0405,-0.02955076,-0.02954989,-0.02840000
2010-07-19,1.0405,0.00913324,0.00913410,0.00878000
2010-07-20,1.0405,0.01225459,0.01225546,0.01178000
2010-07-21,1.0405,-0.01318445,-0.01318358,-0.01267000
2010-07-22,1.0405,0.02624867,0.02624953,0.02523000
2010-07-23,1.0405,0.00687546,0.00687632,0.00661000
2010-07-26,1.0405,0.00835290,0.00835376,0.00803000
2010-07-27,1.0405,-0.00085510,-0.00085423,-0.00082000
2010-07-28,1.0405,-0.00889779,-0.00889692,-0.00855000
2010-07-29,1.0405,-0.00682729,-0.00682643,-0.00656000
2010-07-30,1.0405,0.00208938,0.00209025,0.00201000
2010-08-02,1.0405,0.01955856,0.01955943,0.01880000
2010-08-03,1.0405,-0.00391403,-0.00391316,-0.00376000
2010-08-04,1.0405,0.00959103,0.00959190,0.00922000
2010-08-05,1.0405,-0.00229092,-0.00229006,-0.00220000
2010-08-06,1.0405,-0.00110481,-0.00110394,-0.00106000
2010-08-09,1.0405,0.00674020,0.00674106,0.00648000
2010-08-10,1.0405,-0.00862727,-0.00862641,-0.00829000
2010-08-11,1.0405,-0.02947792,-0.02947706,-0.02833000
2010-08-12,1.0405,-0.00742035,-0.00741948,-0.00713000
2010-08-13,1.0405,-0.00756601,-0.00756515,-0.00727000
2010-08-16,1.0405,0.00156915,0.00157002,0.00151000
2010-08-17,1.0405,0.01364880,0.01364966,0.01312000
2010-08-18,1.0405,0.00308821,0.00308908,0.00297000
2010-08-19,1.0405,-0.01560870,-0.01560784,-0.01500000
2010-08-20,1.0405,0.00158996,0.00159083,0.00153000
2010-08-23,1.0405,-0.00991743,-0.00991657,-0.00953000
2010-08-24,1.0405,-0.01899017,-0.01898931,-0.01825000
2010-08-25,1.0405,0.00917485,0.00917572,0.00882000
2010-08-26,1.0405,-0.01267463,-0.01267376,-0.01218000
2010-08-27,1.0405,0.01332626,0.01332712,0.01281000
2010-08-30,1.0405,-0.01134285,-0.01134199,-0.01090000
2010-08-31,1.0405,-0.00269670,-0.00269583,-0.00259000
2010-09-01,1.0405,0.03100353,0.03100440,0.02980000
2010-09-02,1.0405,0.01175517,0.01175604,0.01130000
2010-09-03,1.0405,0.01683258,0.01683344,0.01618000
2010-09-07,1.0405,-0.00765965,-0.00765879,-0.00736000
2010-09-08,1.0405,0.01319100,0.01319186,0.01268000
2010-09-09,1.0405,0.00342116,0.00342202,0.00329000
2010-09-10,1.0405,0.00344197,0.00344283,0.00331000
2010-09-13,1.0405,0.01614588,0.01614675,0.01552000
2010-09-14,1.0405,0.00376451,0.00376537,0.00362000
2010-09-15,1.0405,0.00595986,0.00596073,0.00573000
2010-09-16,1.0405,0.00458646,0.00458733,0.00441000
2010-09-17,1.0405,0.00414947,0.00415034,0.00399000
2010-09-20,1.0405,0.01789384,0.01789471,0.01720000
2010-09-21,1.0405,-0.00014759,-0.00014673,-0.00014000
2010-09-22,1.0405,-0.00330016,-0.00329929,-0.00317000
2010-09-23,1.0405,-0.00029326,-0.00029239,-0.00028000
2010-09-24,1.0405,0.02190998,0.02191085,0.02106000
2010-09-27,1.0405,-0.00658799,-0.00658712,-0.00633000
2010-09-28,1.0405,0.00076800,0.00076887,0.00074000
2010-09-29,1.0405,-0.00170827,-0.00170740,-0.00164000
2010-09-30,1.0405,-0.00569320,-0.00569233,-0.00547000
2010-10-01,1.3510,-0.00111767,-0.00111015,-0.00070000
2010-10-04,1.3510,-0.01437749,-0.01436997,-0.01063000
2010-10-05,1.4679,0.03658807,0.03659810,0.02498000
2010-10-06,1.2517,-0.01128556,-0.01128016,-0.00892000
2010-10-07,1.2517,0.00320494,0.00321034,0.00257000
2010-10-08,1.2517,0.00960130,0.00960669,0.00768000
2010-10-11,1.2517,-0.00001201,-0.00000661,-0.00000000
2010-10-12,1.2517,0.00901298,0.00901838,0.00721000
2010-10-13,1.2517,0.00963885,0.00964424,0.00771000
2010-10-14,1.2517,-0.00165178,-0.00164638,-0.00131000
2010-10-15,1.2517,0.02634947,0.02635486,0.02106000
2010-10-18,1.2517,0.00384333,0.00384872,0.00308000
2010-10-19,1.2517,-0.02045279,-0.02044740,-0.01633000
2010-10-20,1.2517,0.00970143,0.00970683,0.00776000
2010-10-21,1.2517,0.00262915,0.00263454,0.00211000
2010-10-22,1.2517,0.00846222,0.00846761,0.00677000
2010-10-25,1.2517,0.00557072,0.00557611,0.00446000
2010-10-26,1.2517,0.00328005,0.00328544,0.00263000
2010-10-27,1.2517,0.00405612,0.00406152,0.00325000
2010-10-28,1.2517,0.00227866,0.00228406,0.00183000
2010-10-29,1.2517,-0.00309127,-0.00308587,-0.00246000
2010-11-01,1.2517,0.00235377,0.00235916,0.00189000
2010-11-02,1.2517,0.01371949,0.01372489,0.01097000
2010-11-03,1.5947,0.00475972,0.00477246,0.00311000
2010-11-04,1.5947,0.02175552,0.02176826,0.01366000
2010-11-05,1.5947,-0.00077789,-0.00076514,-0.00047000
2010-11-08,1.5947,0.00163014,0.00164289,0.00104000
2010-11-09,1.5947,-0.00878338,-0.00877064,-0.00549000
2010-11-10,1.5947,0.00796118,0.00797393,0.00501000
2010-11-11,1.5947,-0.01064921,-0.01063646,-0.00666000
2010-11-12,1.5947,-0.02579905,-0.02578631,-0.01616000
2010-11-15,1.5947,-0.00481253,-0.00479979,-0.00300000
2010-11-16,1.5947,-0.02830277,-0.02829002,-0.01773000
2010-11-17,1.5947,0.00486743,0.00488017,0.00307000
2010-11-18,1.5947,0.02641210,0.02642485,0.01658000
2010-11-19,1.5947,0.00038626,0.00039900,0.00026000
2010-11-22,1.5947,0.01166094,0.01167368,0.00733000
2010-11-23,1.5947,-0.02538443,-0.02537168,-0.01590000
2010-11-24,1.3983,0.02892470,0.02893324,0.02077000
2010-11-26,1.2490,-0.00388356,-0.00387823,-0.00304000
2010-11-29,1.2490,-0.00540771,-0.00540238,-0.00432000
2010-11-30,1.2490,-0.01583717,-0.01583183,-0.01267000
2010-12-01,1.2490,0.02685489,0.02686023,0.02151000
2010-12-02,1.1163,0.01154850,0.01155099,0.01041000
2010-12-03,1.1163,0.00301956,0.00302205,0.00271000
2010-12-06,1.1163,-0.00067531,-0.00067282,-0.00060000
2010-12-07,1.1163,-0.00021764,-0.00021515,-0.00019000
2010-12-08,1.1163,0.00575443,0.00575693,0.00516000
2010-12-09,1.1163,0.00050794,0.00051043,0.00046000
2010-12-10,1.1163,0.00700466,0.00700715,0.00628000
2010-12-13,1.1163,-0.00395716,-0.00395467,-0.00354000
2010-12-14,1.1163,0.00261770,0.00262019,0.00235000
2010-12-15,1.1163,-0.00509576,-0.00509327,-0.00456000
2010-12-16,1.3009,0.00911683,0.00912328,0.00709000
2010-12-17,1.3009,0.00018078,0.00018723,0.00015000
2010-12-20,1.3009,0.00280864,0.00281509,0.00217000
2010-12-21,1.3009,0.00676343,0.00676988,0.00521000
2010-12-22,1.3009,0.00079222,0.00079866,0.00062000
2010-12-23,1.5241,-0.00394686,-0.00393563,-0.00250000
2010-12-27,1.8266,-0.00048291,-0.00046520,-0.00016000
2010-12-28,1.8266,-0.00199386,-0.00197615,-0.00107000
2010-12-29,1.8266,0.00346759,0.00348530,0.00192000
2010-12-30,2.0000,-0.00539441,-0.00537298,-0.00263000
2010-12-31,2.0000,-0.00706770,-0.00704627,-0.00351000
2011-01-03,2.0000,0.03279230,0.03281373,0.01642000
2011-01-04,2.0000,-0.00246770,-0.00244627,-0.00121000
2011-01-05,2.0000,0.01683230,0.01685373,0.00844000
2011-01-06,2.0000,0.00627230,0.00629373,0.00316000
2011-01-07,2.0000,-0.00070770,-0.00068627,-0.00033000
2011-01-10,2.0000,0.00675230,0.00677373,0.00340000
2011-01-11,2.0000,0.00381230,0.00383373,0.00193000
2011-01-12,2.0000,0.01411230,0.01413373,0.00708000
2011-01-13,2.0000,0.00057230,0.00059373,0.00031000
2011-01-14,2.0000,0.01553230,0.01555373,0.00779000
2011-01-18,2.0000,0.00461230,0.00463373,0.00233000
2011-01-19,2.0000,-0.02186770,-0.02184627,-0.01091000
2011-01-20,2.0000,-0.01496770,-0.01494627,-0.00746000
2011-01-21,2.0000,-0.01552770,-0.01550627,-0.00774000
2011-01-24,2.0000,0.02827230,0.02829373,0.01416000
2011-01-25,1.8428,0.00284807,0.00286613,0.00161000
2011-01-26,1.8428,0.00812332,0.00814138,0.00443000
2011-01-27,1.8428,0.01265656,0.01267462,0.00689000
2011-01-28,1.8428,-0.04710481,-0.04708676,-0.02554000
2011-01-31,1.3816,0.00671423,0.00672241,0.00504000
2011-02-01,1.3816,0.02607940,0.02608758,0.01889000
2011-02-02,1.3816,-0.00228395,-0.00227578,-0.00164000
2011-02-03,1.3816,0.00119757,0.00120575,0.00088000
2011-02-04,1.3816,0.00901718,0.00902536,0.00654000
2011-02-07,1.3816,0.00651656,0.00652474,0.00473000
2011-02-08,1.3816,0.00849219,0.00850036,0.00616000
2011-02-09,1.3816,-0.00153791,-0.00152974,-0.00110000
2011-02-10,1.3816,0.00199887,0.00200705,0.00146000
2011-02-11,1.3816,0.00865797,0.00866615,0.00628000
2011-02-14,1.3816,0.00375345,0.00376163,0.00273000
2011-02-15,1.3816,-0.00211817,-0.00210999,-0.00152000
2011-02-16,1.3816,0.00930731,0.00931548,0.00675000
2011-02-17,1.3816,-0.00019780,-0.00018963,-0.00013000
2011-02-18,1.3816,-0.00291947,-0.00291129,-0.00210000
2011-02-22,1.3816,-0.04018004,-0.04017187,-0.02907000
2011-02-23,1.2036,-0.01142483,-0.01142047,-0.00941000
2011-02-24,1.2036,0.00648989,0.00649425,0.00540000
2011-02-25,1.2036,0.01717812,0.01718248,0.01428000
2011-02-28,1.2036,0.00243366,0.00243802,0.00203000
2011-03-01,1.3373,-0.02036960,-0.02036237,-0.01517000
2011-03-02,1.3373,0.00667036,0.00667759,0.00500000
2011-03-03,1.3373,0.02587384,0.02588107,0.01936000
2011-03-04,1.3373,-0.00663567,-0.00662844,-0.00495000
2011-03-07,1.3373,-0.01805613,-0.01804890,-0.01349000
2011-03-08,1.2035,0.00485765,0.00486201,0.00410000
2011-03-09,1.2035,-0.00762772,-0.00762336,-0.00633000
2011-03-10,1.2035,-0.01987913,-0.01987477,-0.01651000
2011-03-11,1.2035,0.00790918,0.00791354,0.00658000
2011-03-14,1.2035,-0.00445054,-0.00444618,-0.00369000
2011-03-15,1.2035,-0.01631683,-0.01631247,-0.01355000
2011-03-16,1.0920,-0.02741458,-0.02741260,-0.02505000
2011-03-17,1.0920,0.01105751,0.01105948,0.01013000
2011-03-18,1.0920,-0.00202458,-0.00202261,-0.00185000
2011-03-21,1.0920,0.02049234,0.02049431,0.01877000
2011-03-22,1.0920,-0.00226482,-0.00226284,-0.00207000
2011-03-23,1.0920,0.00608894,0.00609091,0.00558000
2011-03-24,1.0920,0.02002278,0.02002475,0.01834000
2011-03-25,1.0920,0.00203764,0.00203961,0.00187000
2011-03-28,1.0920,-0.00622875,-0.00622678,-0.00570000
2011-03-29,1.0920,0.01066439,0.01066636,0.00977000
2011-03-30,1.0920,0.00518258,0.00518455,0.00475000
2011-03-31,1.0920,0.00117497,0.00117694,0.00108000
2011-04-01,1.0920,0.00185200,0.00185397,0.00170000
2011-04-04,1.0920,-0.00388097,-0.00387899,-0.00355000
2011-04-05,1.2000,-0.00345940,-0.00345511,-0.00283000
2011-04-06,1.2000,0.00231838,0.00232266,0.00194000
2011-04-07,1.2000,0.00030245,0.00030674,0.00026000
2011-04-08,1.2000,-0.00599732,-0.00599304,-0.00499000
2011-04-11,1.3052,-0.00378709,-0.00378055,-0.00285000
2011-04-12,1.3052,-0.00912505,-0.00911850,-0.00698000
2011-04-13,1.3052,0.01042726,0.01043380,0.00800000
2011-04-14,1.6690,-0.00405260,-0.00403826,-0.00230000
2011-04-15,1.6690,-0.00263561,-0.00262127,-0.00156000
2011-04-18,1.6690,-0.01101417,-0.01099983,-0.00658000
2011-04-19,2.0000,0.01242682,0.01244825,0.00632000
2011-04-20,2.0000,0.04421230,0.04423373,0.02213000
2011-04-21,1.6087,0.01314403,0.01315707,0.00831000
2011-04-25,1.8139,0.00479248,0.00480992,0.00272000
2011-04-26,1.8139,0.00937548,0.00939292,0.00519000
2011-04-27,1.8139,0.01329357,0.01331101,0.00735000
2011-04-28,1.8139,-0.00277786,-0.00276042,-0.00151000
2011-04-29,1.8139,-0.00437412,-0.00435668,-0.00239000
2011-05-02,1.8139,0.00012443,0.00014187,0.00009000
2011-05-03,1.8139,-0.00861871,-0.00860127,-0.00473000
2011-05-04,1.8139,-0.00401133,-0.00399389,-0.00219000
2011-05-05,1.8139,-0.00934429,-0.00932685,-0.00513000
2011-05-06,1.8139,0.00609226,0.00610970,0.00338000
2011-05-09,1.8139,0.00592901,0.00594645,0.00329000
2011-05-10,1.8139,0.01547028,0.01548772,0.00855000
2011-05-11,1.8139,-0.01373400,-0.01371656,-0.00755000
2011-05-12,1.8139,0.01122569,0.01124313,0.00621000
2011-05-13,1.8139,-0.02157018,-0.02155274,-0.01187000
2011-05-16,1.6865,-0.02939152,-0.02937681,-0.01737000
2011-05-17,1.4950,0.00352855,0.00353916,0.00244000
2011-05-18,1.4950,0.01241516,0.01242576,0.00832000
2011-05-19,1.4950,0.00426716,0.00427777,0.00287000
2011-05-20,1.8377,-0.01430633,-0.01428838,-0.00767000
2011-05-23,1.8377,-0.02707231,-0.02705436,-0.01471000
2011-05-24,1.6652,-0.00959313,-0.00957888,-0.00569000
2011-05-25,1.6652,0.00536362,0.00537788,0.00324000
2011-05-26,1.6652,0.01080894,0.01082319,0.00651000
2011-05-27,1.6652,0.00727864,0.00729290,0.00439000
2011-05-31,1.6652,0.02599586,0.02601012,0.01563000
2011-06-01,1.5062,-0.03185448,-0.03184363,-0.02108000
2011-06-02,1.3169,0.00231343,0.00232022,0.00184000
2011-06-03,1.3169,-0.01945323,-0.01944644,-0.01476000
2011-06-06,1.3169,-0.01022144,-0.01021465,-0.00775000
2011-06-07,1.3169,-0.00317579,-0.00316899,-0.00240000
2011-06-08,1.3169,-0.00931275,-0.00930596,-0.00706000
2011-06-09,1.3169,0.00221052,0.00221731,0.00169000
2011-06-10,1.3169,-0.02073067,-0.02072388,-0.01573000
2011-06-13,1.1998,0.00060381,0.00060809,0.00056000
2011-06-14,1.1998,0.01516825,0.01517253,0.01265000
2011-06-15,1.1998,-0.02201431,-0.02201003,-0.01834000
2011-06-16,1.0000,-0.00418991,-0.00418991,-0.00409000
2011-06-17,1.0000,-0.00314000,-0.00314000,-0.00314000
2011-06-20,1.0000,0.00522000,0.00522000,0.00522000
2011-06-21,1.0000,0.02155000,0.02155000,0.02155000
2011-06-22,1.1502,-0.00826023,-0.00825701,-0.00711000
2011-06-23,1.1502,0.00995362,0.00995683,0.00866000
2011-06-24,1.1502,-0.01935362,-0.01935040,-0.01682000
2011-06-27,1.0000,0.01581490,0.01581490,0.01589000
2011-06-28,1.0000,0.01490000,0.01490000,0.01490000
2011-06-29,1.0000,0.00382000,0.00382000,0.00382000
2011-06-30,1.1276,0.01501722,0.01501996,0.01338000
2011-07-01,1.1276,0.01762936,0.01763209,0.01564000
2011-07-05,1.1276,0.00470722,0.00470996,0.00418000
2011-07-06,1.1276,0.00352326,0.00352599,0.00313000
2011-07-07,1.1276,0.01628753,0.01629027,0.01445000
2011-07-08,1.1276,-0.00325353,-0.00325080,-0.00288000
2011-07-11,1.1276,-0.02055070,-0.02054797,-0.01822000
2011-07-12,1.1276,-0.00867722,-0.00867449,-0.00769000
2011-07-13,1.1276,0.00417726,0.00417999,0.00371000
2011-07-14,1.1276,-0.01309736,-0.01309462,-0.01161000
2011-07-15,1.1276,0.01535164,0.01535437,0.01362000
2011-07-18,1.1276,-0.00603867,-0.00603594,-0.00535000
2011-07-19,1.1276,0.02607498,0.02607771,0.02313000
2011-07-20,1.0000,-0.00436379,-0.00436379,-0.00430000
2011-07-21,1.0000,0.00691000,0.00691000,0.00691000
2011-07-22,1.0000,0.01053000,0.01053000,0.01053000
2011-07-25,1.0000,-0.00218000,-0.00218000,-0.00218000
2011-07-26,1.1050,0.00238454,0.00238679,0.00221000
2011-07-27,1.1050,-0.02831505,-0.02831280,-0.02562000
2011-07-28,1.0000,0.00191750,0.00191750,0.00197000
2011-07-29,1.0000,-0.00375000,-0.00375000,-0.00375000
2011-08-01,1.0000,-0.00368000,-0.00368000,-0.00368000
2011-08-02,1.0000,-0.02597000,-0.02597000,-0.02597000
2011-08-03,1.0000,0.00872000,0.00872000,0.00872000
2011-08-04,1.0000,-0.04563000,-0.04563000,-0.04563000
2011-08-05,1.0000,-0.00578000,-0.00578000,-0.00578000
2011-08-08,1.0000,-0.06108000,-0.06108000,-0.06108000
2011-08-09,1.0000,0.04880000,0.04880000,0.04880000
2011-08-10,1.0000,-0.04056000,-0.04056000,-0.04056000
2011-08-11,1.0000,0.04536000,0.04536000,0.04536000
2011-08-12,1.0000,0.00694000,0.00694000,0.00694000
2011-08-15,1.0000,0.01472000,0.01472000,0.01472000
2011-08-16,1.0000,-0.00894000,-0.00894000,-0.00894000
2011-08-17,1.0000,-0.00574000,-0.00574000,-0.00574000
2011-08-18,1.0000,-0.04975000,-0.04975000,-0.04975000
2011-08-19,1.0000,-0.01677000,-0.01677000,-0.01677000
2011-08-22,1.0000,0.00322000,0.00322000,0.00322000
2011-08-23,1.0000,0.04137000,0.04137000,0.04137000
2011-08-24,1.0000,0.00743000,0.00743000,0.00743000
2011-08-25,1.0000,-0.01715000,-0.01715000,-0.01715000
2011-08-26,1.0000,0.02552000,0.02552000,0.02552000
2011-08-29,1.0000,0.02870000,0.02870000,0.02870000
2011-08-30,1.0000,0.00620000,0.00620000,0.00620000
2011-08-31,1.0000,0.00151000,0.00151000,0.00151000
2011-09-01,1.0000,-0.00978000,-0.00978000,-0.00978000
2011-09-02,1.0000,-0.02306000,-0.02306000,-0.02306000
2011-09-06,1.0000,-0.00008000,-0.00008000,-0.00008000
2011-09-07,1.0000,0.02593000,0.02593000,0.02593000
2011-09-08,1.0000,-0.00423000,-0.00423000,-0.00423000
2011-09-09,1.0000,-0.02284000,-0.02284000,-0.02284000
2011-09-12,1.0000,0.01305000,0.01305000,0.01305000
2011-09-13,1.0000,0.01314000,0.01314000,0.01314000
2011-09-14,1.0000,0.01451000,0.01451000,0.01451000
2011-09-15,1.0000,0.01503000,0.01503000,0.01503000
2011-09-16,1.0000,0.00857000,0.00857000,0.00857000
2011-09-19,1.0000,0.00118000,0.00118000,0.00118000
2011-09-20,1.0000,-0.00555000,-0.00555000,-0.00555000
2011-09-21,1.0000,-0.01635000,-0.01635000,-0.01635000
2011-09-22,1.0000,-0.03262000,-0.03262000,-0.03262000
2011-09-23,1.0000,0.01022000,0.01022000,0.01022000
2011-09-26,1.0000,0.01245000,0.01245000,0.01245000
2011-09-27,1.0000,0.00865000,0.00865000,0.00865000
2011-09-28,1.0000,-0.01449000,-0.01449000,-0.01449000
2011-09-29,1.0000,-0.01040000,-0.01040000,-0.01040000
2011-09-30,1.0000,-0.02660000,-0.02660000,-0.02660000
2011-10-03,1.0000,-0.02528000,-0.02528000,-0.02528000
2011-10-04,1.0000,0.02121000,0.02121000,0.02121000
2011-10-05,1.0000,0.02518000,0.02518000,0.02518000
2011-10-06,1.0000,0.01616000,0.01616000,0.01616000
2011-10-07,1.0000,-0.00684000,-0.00684000,-0.00684000
2011-10-10,1.0000,0.03448000,0.03448000,0.03448000
2011-10-11,1.0000,0.00716000,0.00716000,0.00716000
2011-10-12,1.0000,0.00537000,0.00537000,0.00537000
2011-10-13,1.0000,0.00856000,0.00856000,0.00856000
2011-10-14,1.0000,0.01939000,0.01939000,0.01939000
2011-10-17,1.0000,-0.01581000,-0.01581000,-0.01581000
2011-10-18,1.0000,0.01309000,0.01309000,0.01309000
2011-10-19,1.0000,-0.02030000,-0.02030000,-0.02030000
2011-10-20,1.0000,-0.00452000,-0.00452000,-0.00452000
2011-10-21,1.0000,0.01288000,0.01288000,0.01288000
2011-10-24,1.0000,0.02078000,0.02078000,0.02078000
2011-10-25,1.0000,-0.02034000,-0.02034000,-0.02034000
2011-10-26,1.0000,-0.00044000,-0.00044000,-0.00044000
2011-10-27,1.0000,0.02788000,0.02788000,0.02788000
2011-10-28,1.0000,0.00063000,0.00063000,0.00063000
2011-10-31,1.0000,-0.01714000,-0.01714000,-0.01714000
2011-11-01,1.0000,-0.02612000,-0.02612000,-0.02612000
2011-11-02,1.0000,0.00870000,0.00870000,0.00870000
2011-11-03,1.0000,0.02133000,0.02133000,0.02133000
2011-11-04,1.0000,-0.00479000,-0.00479000,-0.00479000
2011-11-07,1.0000,0.00627000,0.00627000,0.00627000
2011-11-08,1.0000,0.01224000,0.01224000,0.01224000
2011-11-09,1.0000,-0.03577000,-0.03577000,-0.03577000
2011-11-10,1.0000,-0.00085000,-0.00085000,-0.00085000
2011-11-11,1.0000,0.01893000,0.01893000,0.01893000
2011-11-14,1.0000,-0.00611000,-0.00611000,-0.00611000
2011-11-15,1.0000,0.01067000,0.01067000,0.01067000
2011-11-16,1.0000,-0.01767000,-0.01767000,-0.01767000
2011-11-17,1.0000,-0.02247000,-0.02247000,-0.02247000
2011-11-18,1.0000,-0.00796000,-0.00796000,-0.00796000
2011-11-21,1.0000,-0.01897000,-0.01897000,-0.01897000
2011-11-22,1.0000,0.00237000,0.00237000,0.00237000
2011-11-23,1.0000,-0.02244000,-0.02244000,-0.02244000
2011-11-25,1.0000,-0.00720000,-0.00720000,-0.00720000
2011-11-28,1.0000,0.03412000,0.03412000,0.03412000
2011-11-29,1.0000,-0.00574000,-0.00574000,-0.00574000
2011-11-30,1.0000,0.03792000,0.03792000,0.03792000
2011-12-01,1.0000,0.00612000,0.00612000,0.00612000
2011-12-02,1.0000,-0.00308000,-0.00308000,-0.00308000
2011-12-05,1.0000,0.01084000,0.01084000,0.01084000
2011-12-06,1.0000,-0.00232000,-0.00232000,-0.00232000
2011-12-07,1.0000,-0.00039000,-0.00039000,-0.00039000
2011-12-08,1.0000,-0.01633000,-0.01633000,-0.01633000
2011-12-09,1.0000,0.01583000,0.01583000,0.01583000
2011-12-12,1.0000,-0.01138000,-0.01138000,-0.01138000
2011-12-13,1.0000,-0.01039000,-0.01039000,-0.01039000
2011-12-14,1.0000,-0.01556000,-0.01556000,-0.01556000
2011-12-15,1.0000,-0.00281000,-0.00281000,-0.00281000
2011-12-16,1.0000,0.00517000,0.00517000,0.00517000
2011-12-19,1.0000,-0.01021000,-0.01021000,-0.01021000
2011-12-20,1.0000,0.03012000,0.03012000,0.03012000
2011-12-21,1.0000,-0.01440000,-0.01440000,-0.01440000
2011-12-22,1.0000,0.00791000,0.00791000,0.00791000
2011-12-23,1.0000,0.00920000,0.00920000,0.00920000
2011-12-27,1.0000,0.00245000,0.00245000,0.00245000
2011-12-28,1.0000,-0.01133000,-0.01133000,-0.01133000
2011-12-29,1.0000,0.00796000,0.00796000,0.00796000
2011-12-30,1.0000,-0.00314000,-0.00314000,-0.00314000
2012-01-03,1.0000,0.01940000,0.01940000,0.01940000
2012-01-04,1.0000,0.00336000,0.00336000,0.00336000
2012-01-05,1.0000,0.00830000,0.00830000,0.00830000
2012-01-06,1.0000,0.00308000,0.00308000,0.00308000
2012-01-09,1.0000,-0.00232000,-0.00232000,-0.00232000
2012-01-10,1.0000,0.00714000,0.00714000,0.00714000
2012-01-11,1.0000,0.00208000,0.00208000,0.00208000
2012-01-12,1.0000,0.00413000,0.00413000,0.00413000
2012-01-13,1.0000,-0.00418000,-0.00418000,-0.00418000
2012-01-17,1.0000,0.00899000,0.00899000,0.00899000
2012-01-18,1.0000,0.01370000,0.01370000,0.01370000
2012-01-19,1.0000,0.00651000,0.00651000,0.00651000
2012-01-20,1.0000,-0.00189000,-0.00189000,-0.00189000
2012-01-23,1.0000,0.00011000,0.00011000,0.00011000
2012-01-24,1.0000,-0.00131000,-0.00131000,-0.00131000
2012-01-25,1.0000,0.01305000,0.01305000,0.01305000
2012-01-26,1.0000,-0.00445000,-0.00445000,-0.00445000
2012-01-27,1.0000,0.00293000,0.00293000,0.00293000
2012-01-30,1.0000,0.00147000,0.00147000,0.00147000
2012-01-31,1.0000,0.00109000,0.00109000,0.00109000
2012-02-01,1.0000,0.00822000,0.00822000,0.00822000
2012-02-02,1.0000,0.00310000,0.00310000,0.00310000
2012-02-03,1.0000,0.01338000,0.01338000,0.01338000
2012-02-06,1.0000,-0.00032000,-0.00032000,-0.00032000
2012-02-07,1.0000,0.00151000,0.00151000,0.00151000
2012-02-08,1.0000,0.00542000,0.00542000,0.00542000
2012-02-09,1.0000,0.00718000,0.00718000,0.00718000
2012-02-10,1.0000,-0.00645000,-0.00645000,-0.00645000
2012-02-13,1.0000,0.00873000,0.00873000,0.00873000
2012-02-14,1.0000,0.00226000,0.00226000,0.00226000
2012-02-15,1.0000,-0.00744000,-0.00744000,-0.00744000
2012-02-16,1.0000,0.01422000,0.01422000,0.01422000
2012-02-17,1.0000,-0.00308000,-0.00308000,-0.00308000
2012-02-21,1.0000,0.00235000,0.00235000,0.00235000
2012-02-22,1.0000,-0.00401000,-0.00401000,-0.00401000
2012-02-23,1.0000,0.00590000,0.00590000,0.00590000
2012-02-24,1.0000,0.00360000,0.00360000,0.00360000
2012-02-27,1.0000,0.00100000,0.00100000,0.00100000
2012-02-28,1.9988,0.01998104,0.02000244,0.01027000
2012-02-29,1.8819,-0.00745874,-0.00743984,-0.00391000
2012-03-01,1.8819,0.01467434,0.01469323,0.00782000
2012-03-02,1.8819,-0.00139703,-0.00137813,-0.00072000
2012-03-05,1.8819,-0.01899272,-0.01897383,-0.01007000
2012-03-06,1.8819,-0.01869162,-0.01867272,-0.00991000
2012-03-07,1.8819,0.01373339,0.01375229,0.00732000
2012-03-08,1.8819,0.02116687,0.02118576,0.01127000
2012-03-09,1.7236,0.00624638,0.00626188,0.00369000
2012-03-12,1.7236,-0.00000004,0.00001546,0.00002000
2012-03-13,1.7236,0.03293773,0.03295324,0.01913000
2012-03-14,1.5804,0.00636453,0.00637697,0.00409000
2012-03-15,1.5804,0.00373365,0.00374609,0.00238000
2012-03-16,1.5804,-0.00116557,-0.00115313,-0.00072000
2012-03-19,1.7523,0.01314279,0.01315891,0.00757000
2012-03-20,1.7523,0.00280278,0.00281890,0.00162000
2012-03-21,1.7523,-0.00047395,-0.00045783,-0.00025000
2012-03-22,1.7523,-0.00343526,-0.00341915,-0.00194000
2012-03-23,1.7523,-0.00189328,-0.00187716,-0.00106000
2012-03-26,1.7523,0.03176763,0.03178375,0.01815000
2012-03-27,1.5387,0.00217553,0.00218707,0.00150000
2012-03-28,1.5387,-0.00614962,-0.00613808,-0.00398000
2012-03-29,1.5387,-0.00494945,-0.00493791,-0.00320000
2012-03-30,1.5387,-0.00376467,-0.00375313,-0.00243000
2012-04-02,1.5387,0.01628426,0.01629580,0.01060000
2012-04-03,1.5387,-0.00090274,-0.00089120,-0.00057000
2012-04-04,1.6964,-0.02309884,-0.02308392,-0.01355000
2012-04-05,1.6964,0.01082399,0.01083891,0.00640000
2012-04-09,1.6964,-0.01382526,-0.01381034,-0.00813000
2012-04-10,1.6964,-0.02776999,-0.02775506,-0.01635000
2012-04-11,1.4653,0.00696872,0.00697869,0.00485000
2012-04-12,1.6654,0.01966966,0.01968392,0.01189000
2012-04-13,1.6654,-0.02507918,-0.02506492,-0.01504000
2012-04-16,1.4583,-0.01569989,-0.01569007,-0.01068000
2012-04-17,1.4583,0.02921675,0.02922657,0.02005000
2012-04-18,1.2776,-0.00356577,-0.00355982,-0.00271000
2012-04-19,1.2776,-0.01377248,-0.01376653,-0.01077000
2012-04-20,1.2776,-0.00511067,-0.00510472,-0.00399000
2012-04-23,1.2776,-0.01074468,-0.01073873,-0.00840000
2012-04-24,1.2776,-0.00709088,-0.00708493,-0.00554000
2012-04-25,1.2776,0.03434014,0.03434609,0.02689000
2012-04-26,1.1135,0.00634853,0.00635096,0.00578000
2012-04-27,1.1135,0.00660872,0.00661115,0.00594000
2012-04-30,1.1135,-0.00715402,-0.00715159,-0.00642000
2012-05-01,1.1135,0.00134191,0.00134434,0.00121000
2012-05-02,1.1135,0.00322371,0.00322614,0.00290000
2012-05-03,1.1135,-0.01226495,-0.01226252,-0.01101000
2012-05-04,1.1135,-0.02743069,-0.02742826,-0.02463000
2012-05-07,1.0000,0.00048325,0.00048325,0.00054000
2012-05-08,1.0000,-0.00354000,-0.00354000,-0.00354000
2012-05-09,1.0000,-0.00322000,-0.00322000,-0.00322000
2012-05-10,1.0000,-0.00193000,-0.00193000,-0.00193000
2012-05-11,1.0000,-0.00008000,-0.00008000,-0.00008000
2012-05-14,1.0000,-0.00980000,-0.00980000,-0.00980000
2012-05-15,1.0000,-0.00366000,-0.00366000,-0.00366000
2012-05-16,1.0000,-0.00741000,-0.00741000,-0.00741000
2012-05-17,1.0000,-0.02048000,-0.02048000,-0.02048000
2012-05-18,1.0000,-0.01214000,-0.01214000,-0.01214000
2012-05-21,1.0000,0.02702000,0.02702000,0.02702000
2012-05-22,1.0000,-0.00242000,-0.00242000,-0.00242000
2012-05-23,1.0000,0.00313000,0.00313000,0.00313000
2012-05-24,1.0000,-0.00615000,-0.00615000,-0.00615000
2012-05-25,1.0000,-0.00167000,-0.00167000,-0.00167000
2012-05-29,1.0000,0.01266000,0.01266000,0.01266000
2012-05-30,1.0000,-0.00841000,-0.00841000,-0.00841000
2012-05-31,1.0000,-0.00491000,-0.00491000,-0.00491000
2012-06-01,1.0000,-0.02613000,-0.02613000,-0.02613000
2012-06-04,1.0000,0.00787000,0.00787000,0.00787000
2012-06-05,1.0000,0.00380000,0.00380000,0.00380000
2012-06-06,1.0000,0.02367000,0.02367000,0.02367000
2012-06-07,1.0000,-0.00426000,-0.00426000,-0.00426000
2012-06-08,1.0000,0.00941000,0.00941000,0.00941000
2012-06-11,1.0000,-0.01640000,-0.01640000,-0.01640000
2012-06-12,1.0000,0.01155000,0.01155000,0.01155000
2012-06-13,1.0000,-0.00734000,-0.00734000,-0.00734000
2012-06-14,1.0000,0.00498000,0.00498000,0.00498000
2012-06-15,1.0000,0.01233000,0.01233000,0.01233000
2012-06-18,1.0000,0.00830000,0.00830000,0.00830000
2012-06-19,1.0000,0.01094000,0.01094000,0.01094000
2012-06-20,1.0000,0.00098000,0.00098000,0.00098000
2012-06-21,1.0000,-0.02528000,-0.02528000,-0.02528000
2012-06-22,1.0000,0.01120000,0.01120000,0.01120000
2012-06-25,1.0000,-0.02008000,-0.02008000,-0.02008000
2012-06-26,1.0000,0.00646000,0.00646000,0.00646000
2012-06-27,1.0000,0.00618000,0.00618000,0.00618000
2012-06-28,1.0000,-0.01123000,-0.01123000,-0.01123000
2012-06-29,1.0000,0.03119000,0.03119000,0.03119000
2012-07-02,1.0000,0.00358000,0.00358000,0.00358000
2012-07-03,1.0000,0.00795000,0.00795000,0.00795000
2012-07-05,1.0000,0.00064000,0.00064000,0.00064000
2012-07-06,1.0000,-0.01326000,-0.01326000,-0.01326000
2012-07-09,1.0000,-0.00073000,-0.00073000,-0.00073000
2012-07-10,1.0000,-0.00947000,-0.00947000,-0.00947000
2012-07-11,1.0000,-0.00560000,-0.00560000,-0.00560000
2012-07-12,1.0000,-0.00997000,-0.00997000,-0.00997000
2012-07-13,1.0000,0.01561000,0.01561000,0.01561000
2012-07-16,1.0000,-0.00304000,-0.00304000,-0.00304000
2012-07-17,1.0000,0.00569000,0.00569000,0.00569000
2012-07-18,1.0000,0.01323000,0.01323000,0.01323000
2012-07-19,1.0000,0.01143000,0.01143000,0.01143000
2012-07-20,1.0000,-0.01420000,-0.01420000,-0.01420000
2012-07-23,1.0000,-0.01071000,-0.01071000,-0.01071000
2012-07-24,1.0000,-0.00865000,-0.00865000,-0.00865000
2012-07-25,1.0000,-0.00709000,-0.00709000,-0.00709000
2012-07-26,1.0000,0.01401000,0.01401000,0.01401000
2012-07-27,1.0000,0.02408000,0.02408000,0.02408000
2012-07-30,1.0000,-0.00183000,-0.00183000,-0.00183000
2012-07-31,1.0000,0.00018000,0.00018000,0.00018000
2012-08-01,1.0000,-0.00278000,-0.00278000,-0.00278000
2012-08-02,1.0000,-0.00362000,-0.00362000,-0.00362000
2012-08-03,1.0000,0.01925000,0.01925000,0.01925000
2012-08-06,1.0000,0.00678000,0.00678000,0.00678000
2012-08-07,1.0000,0.00859000,0.00859000,0.00859000
2012-08-08,1.0000,-0.00113000,-0.00113000,-0.00113000
2012-08-09,1.0000,0.00208000,0.00208000,0.00208000
2012-08-10,1.0000,0.00126000,0.00126000,0.00126000
2012-08-13,1.0000,0.00212000,0.00212000,0.00212000
2012-08-14,1.0000,-0.00030000,-0.00030000,-0.00030000
2012-08-15,1.0000,0.00284000,0.00284000,0.00284000
2012-08-16,1.0000,0.01195000,0.01195000,0.01195000
2012-08-17,1.0000,0.00443000,0.00443000,0.00443000
2012-08-20,1.0000,0.00147000,0.00147000,0.00147000
2012-08-21,1.0000,-0.00433000,-0.00433000,-0.00433000
2012-08-22,1.0000,0.00407000,0.00407000,0.00407000
2012-08-23,1.4648,-0.01147495,-0.01146499,-0.00766000
2012-08-24,1.4648,0.00851762,0.00852758,0.00583000
2012-08-27,1.9725,0.00293470,0.00295554,0.00164000
2012-08-28,1.9725,0.00009169,0.00011253,0.00007000
2012-08-29,1.9725,0.00092015,0.00094099,0.00049000
2012-08-30,1.9725,-0.02144841,-0.02142757,-0.01085000
2012-08-31,1.8638,0.01246663,0.01248514,0.00674000
2012-09-04,2.0000,-0.00021579,-0.00019436,-0.00005000
2012-09-05,2.0000,-0.00366770,-0.00364627,-0.00181000
2012-09-06,2.0000,0.04537230,0.04539373,0.02271000
2012-09-07,1.7970,-0.00301472,-0.00299764,-0.00160000
2012-09-10,1.7970,-0.02338107,-0.02336399,-0.01299000
2012-09-11,1.6608,-0.00212582,-0.00211166,-0.00122000
2012-09-12,1.6608,0.00405412,0.00406829,0.00246000
2012-09-13,1.6608,0.02360211,0.02361627,0.01423000
2012-09-14,1.5361,0.01290750,0.01291899,0.00846000
2012-09-17,1.5361,0.00066568,0.00067716,0.00045000
2012-09-18,1.5361,0.00051207,0.00052355,0.00035000
2012-09-19,1.5361,0.00358427,0.00359576,0.00235000
2012-09-20,1.5361,-0.00123909,-0.00122761,-0.00079000
2012-09-21,1.5361,-0.00002557,-0.00001408,0.00000000
2012-09-24,1.6506,-0.01023966,-0.01022572,-0.00615000
2012-09-25,1.6506,-0.02289223,-0.02287829,-0.01385000
2012-09-26,1.5265,-0.01251255,-0.01250127,-0.00814000
2012-09-27,1.5265,0.02194060,0.02195188,0.01439000
2012-09-28,1.3942,-0.01112665,-0.01111820,-0.00792000
2012-10-01,1.3942,-0.00243069,-0.00242224,-0.00173000
2012-10-02,1.3942,0.00251856,0.00252700,0.00182000
2012-10-03,1.3942,0.00975421,0.00976266,0.00701000
2012-10-04,1.3942,0.00484679,0.00485524,0.00349000
2012-10-05,1.7053,-0.01019934,-0.01018423,-0.00587000
2012-10-08,1.7053,-0.01515967,-0.01514456,-0.00887000
2012-10-09,1.7053,-0.02752312,-0.02750800,-0.01612000
2012-10-10,1.5649,-0.00770272,-0.00769061,-0.00486000
2012-10-11,1.5649,-0.00534773,-0.00533562,-0.00340000
2012-10-12,1.6787,0.00053187,0.00054641,0.00037000
2012-10-15,1.6787,0.01218822,0.01220277,0.00728000
2012-10-16,1.6787,0.02360307,0.02361761,0.01408000
2012-10-17,1.5605,-0.00159950,-0.00158749,-0.00097000
2012-10-18,1.5605,-0.01767602,-0.01766401,-0.01131000
2012-10-19,1.5605,-0.03743197,-0.03741996,-0.02397000
2012-10-22,1.2539,0.00747113,0.00747657,0.00609000
2012-10-23,1.2539,-0.01326630,-0.01326086,-0.01057000
2012-10-24,1.2539,-0.00490249,-0.00489705,-0.00390000
2012-10-25,1.2539,0.00101612,0.00102156,0.00082000
2012-10-26,1.3743,0.00418233,0.00419035,0.00310000
2012-10-31,1.3743,-0.00921201,-0.00920399,-0.00669000
2012-11-01,1.0000,0.01479284,0.01479284,0.01498000
2012-11-02,1.2974,-0.01521261,-0.01520624,-0.01160000
2012-11-05,1.0000,0.00613130,0.00613130,0.00628000
2012-11-06,1.2596,0.00372474,0.00373030,0.00307000
2012-11-07,1.2596,-0.03209386,-0.03208830,-0.02547000
2012-11-08,1.0000,-0.01545979,-0.01545979,-0.01533000
2012-11-09,1.0000,0.00451000,0.00451000,0.00451000
2012-11-12,1.0000,-0.00049000,-0.00049000,-0.00049000
2012-11-13,1.0000,-0.00807000,-0.00807000,-0.00807000
2012-11-14,1.0000,-0.01168000,-0.01168000,-0.01168000
2012-11-15,1.0000,-0.00294000,-0.00294000,-0.00294000
2012-11-16,1.0000,0.00391000,0.00391000,0.00391000
2012-11-19,1.0000,0.02436000,0.02436000,0.02436000
2012-11-20,1.0000,-0.00043000,-0.00043000,-0.00043000
2012-11-21,1.0000,0.00227000,0.00227000,0.00227000
2012-11-23,1.0000,0.01506000,0.01506000,0.01506000
2012-11-26,1.0000,0.00460000,0.00460000,0.00460000
2012-11-27,1.0000,-0.00384000,-0.00384000,-0.00384000
2012-11-28,1.0000,0.00905000,0.00905000,0.00905000
2012-11-29,1.0000,0.00556000,0.00556000,0.00556000
2012-11-30,1.1240,-0.00094461,-0.00094196,-0.00078000
2012-12-03,1.1240,-0.00251240,-0.00250974,-0.00223000
2012-12-04,1.1240,-0.00163569,-0.00163303,-0.00145000
2012-12-05,1.0000,-0.01128199,-0.01128199,-0.01122000
2012-12-06,1.0000,0.00700000,0.00700000,0.00700000
2012-12-07,1.0000,-0.00591000,-0.00591000,-0.00591000
2012-12-10,1.0000,0.00269000,0.00269000,0.00269000
2012-12-11,1.0000,0.01305000,0.01305000,0.01305000
2012-12-12,1.4196,-0.00416211,-0.00415312,-0.00277000
2012-12-13,1.4196,-0.01089416,-0.01088517,-0.00766000
2012-12-14,1.0000,-0.00994980,-0.00994980,-0.00974000
2012-12-17,1.0000,0.01379000,0.01379000,0.01379000
2012-12-18,1.0000,0.01546000,0.01546000,0.01546000
2012-12-19,1.5305,-0.00840245,-0.00839108,-0.00530000
2012-12-20,1.5305,0.00147462,0.00148599,0.00098000
2012-12-21,1.5305,-0.01640210,-0.01639073,-0.01070000
2012-12-24,1.0000,-0.00272527,-0.00272527,-0.00246000
2012-12-26,1.0000,-0.00783000,-0.00783000,-0.00783000
2012-12-27,1.0000,-0.00158000,-0.00158000,-0.00158000
2012-12-28,1.0000,-0.01007000,-0.01007000,-0.01007000
2012-12-31,1.0000,0.02096000,0.02096000,0.02096000
2013-01-02,1.0000,0.03217000,0.03217000,0.03217000
2013-01-03,1.0000,-0.00515000,-0.00515000,-0.00515000
2013-01-04,1.0000,-0.00282000,-0.00282000,-0.00282000
2013-01-07,1.0000,-0.00008000,-0.00008000,-0.00008000
2013-01-08,1.0000,-0.00200000,-0.00200000,-0.00200000
2013-01-09,1.0000,0.00331000,0.00331000,0.00331000
2013-01-10,1.0000,0.00608000,0.00608000,0.00608000
2013-01-11,1.0000,0.00151000,0.00151000,0.00151000
2013-01-14,1.0000,-0.00455000,-0.00455000,-0.00455000
2013-01-15,1.0000,-0.00463000,-0.00463000,-0.00463000
2013-01-16,1.0000,0.00434000,0.00434000,0.00434000
2013-01-17,1.0000,0.00457000,0.00457000,0.00457000
2013-01-18,1.0000,-0.00140000,-0.00140000,-0.00140000
2013-01-22,1.0000,0.00110000,0.00110000,0.00110000
2013-01-23,1.0000,0.00584000,0.00584000,0.00584000
2013-01-24,1.0000,-0.01397000,-0.01397000,-0.01397000
2013-01-25,1.0000,0.00487000,0.00487000,0.00487000
2013-01-28,1.0000,0.00211000,0.00211000,0.00211000
2013-01-29,1.0000,0.00044000,0.00044000,0.00044000
2013-01-30,1.0000,-0.00175000,-0.00175000,-0.00175000
2013-01-31,1.0000,-0.00260000,-0.00260000,-0.00260000
2013-02-01,1.0000,0.01190000,0.01190000,0.01190000
2013-02-04,1.0000,-0.01744000,-0.01744000,-0.01744000
2013-02-05,1.0000,0.01450000,0.01450000,0.01450000
2013-02-06,1.0000,-0.00311000,-0.00311000,-0.00311000
2013-02-07,1.0000,0.00008000,0.00008000,0.00008000
2013-02-08,1.0000,0.01060000,0.01060000,0.01060000
2013-02-11,1.0000,-0.00031000,-0.00031000,-0.00031000
2013-02-12,1.0000,-0.00431000,-0.00431000,-0.00431000
2013-02-13,1.0000,0.00406000,0.00406000,0.00406000
2013-02-14,1.0000,-0.00082000,-0.00082000,-0.00082000
2013-02-15,1.0000,-0.00242000,-0.00242000,-0.00242000
2013-02-19,1.0000,0.00660000,0.00660000,0.00660000
2013-02-20,1.0000,-0.01538000,-0.01538000,-0.01538000
2013-02-21,1.0000,-0.01037000,-0.01037000,-0.01037000
2013-02-22,1.0000,0.00953000,0.00953000,0.00953000
2013-02-25,1.0000,-0.01324000,-0.01324000,-0.01324000
2013-02-26,1.0000,0.00449000,0.00449000,0.00449000
2013-02-27,1.0000,0.01043000,0.01043000,0.01043000
2013-02-28,1.0000,-0.00095000,-0.00095000,-0.00095000
2013-03-01,1.0000,0.00337000,0.00337000,0.00337000
2013-03-04,1.0000,0.00431000,0.00431000,0.00431000
2013-03-05,1.4552,0.02073419,0.02074394,0.01442000
2013-03-06,1.4552,-0.00347045,-0.00346070,-0.00237000
2013-03-07,1.6322,0.00397818,0.00399173,0.00251000
2013-03-08,1.6322,0.00269565,0.00270919,0.00167000
2013-03-11,1.6322,0.00452373,0.00453727,0.00279000
2013-03-12,1.6322,-0.00641212,-0.00639857,-0.00391000
2013-03-13,1.6322,-0.00123800,-0.00122445,-0.00074000
2013-03-14,1.6322,0.00502971,0.00504326,0.00310000
2013-03-15,1.6322,-0.00458404,-0.00457049,-0.00279000
2013-03-18,1.6322,-0.00414334,-0.00412979,-0.00252000
2013-03-19,1.6322,-0.00293550,-0.00292195,-0.00178000
2013-03-20,1.7425,0.01160171,0.01161762,0.00671000
2013-03-21,1.9344,-0.02151541,-0.02149539,-0.01105000
2013-03-22,1.9344,0.01809993,0.01811995,0.00938000
2013-03-25,1.9344,-0.00784012,-0.00782010,-0.00403000
2013-03-26,1.9344,0.01183253,0.01185255,0.00614000
2013-03-27,1.9344,0.00239275,0.00241277,0.00126000
2013-03-28,1.9344,0.00599070,0.00601072,0.00312000
2013-04-01,1.9344,-0.01484258,-0.01482256,-0.00765000
2013-04-02,1.9344,0.01628161,0.01630163,0.00844000
2013-04-03,1.9344,-0.01755072,-0.01753070,-0.00905000
2013-04-04,1.9344,-0.00008326,-0.00006323,-0.00002000
2013-04-05,1.9344,-0.01604190,-0.01602188,-0.00827000
2013-04-08,1.9344,0.01003356,0.01005358,0.00521000
2013-04-09,1.9344,0.01287710,0.01289712,0.00668000
2013-04-10,1.9344,0.03761783,0.03763786,0.01947000
2013-04-11,1.7233,-0.00019174,-0.00017624,-0.00003000
2013-04-12,1.7233,-0.00155101,-0.00153551,-0.00088000
2013-04-15,1.7233,-0.03558637,-0.03557087,-0.02063000
2013-04-16,1.4609,0.02126360,0.02127348,0.01466000
2013-04-17,1.4609,-0.02903545,-0.02902558,-0.01986000
2013-04-18,1.2321,-0.01783038,-0.01782541,-0.01437000
2013-04-19,1.2321,0.01732421,0.01732918,0.01407000
2013-04-22,1.2321,0.01313516,0.01314013,0.01067000
2013-04-23,1.2321,0.01111456,0.01111953,0.00903000
2013-04-24,1.2321,-0.00052854,-0.00052357,-0.00042000
2013-04-25,1.2321,0.00633411,0.00633908,0.00515000
2013-04-26,1.2321,-0.00348552,-0.00348054,-0.00282000
2013-04-29,1.2321,0.01147186,0.01147683,0.00932000
2013-04-30,1.2321,0.00882290,0.00882787,0.00717000
2013-05-01,1.2321,-0.00599895,-0.00599398,-0.00486000
2013-05-02,1.2321,0.01622766,0.01623264,0.01318000
2013-05-03,1.1218,0.01285117,0.01285378,0.01151000
2013-05-06,1.1218,0.00412247,0.00412508,0.00368000
2013-05-07,1.1218,-0.00092570,-0.00092309,-0.00082000
2013-05-08,1.1218,0.00586129,0.00586390,0.00523000
2013-05-09,1.1218,-0.00266452,-0.00266191,-0.00237000
2013-05-10,1.1218,0.00755523,0.00755784,0.00674000
2013-05-13,1.1218,0.00042048,0.00042309,0.00038000
2013-05-14,1.3285,0.00613839,0.00614543,0.00471000
2013-05-15,1.3285,0.00293368,0.00294073,0.00222000
2013-05-16,1.6186,-0.00190641,-0.00189315,-0.00107000
2013-05-17,1.7798,0.01750224,0.01751895,0.00990000
2013-05-20,1.7798,-0.00468248,-0.00466577,-0.00261000
2013-05-21,1.9937,0.00351401,0.00353531,0.00184000
2013-05-22,1.9937,-0.01799037,-0.01796907,-0.00900000
2013-05-23,1.9937,-0.00511130,-0.00509001,-0.00254000
2013-05-24,1.9937,-0.00028664,-0.00026534,-0.00012000
2013-05-28,1.9937,0.01394812,0.01396941,0.00702000
2013-05-29,1.9937,-0.01133153,-0.01131024,-0.00566000
2013-05-30,1.9937,0.01131648,0.01133778,0.00570000
2013-05-31,1.9937,-0.01990428,-0.01988299,-0.00996000
2013-06-03,1.9937,0.00603328,0.00605457,0.00305000
2013-06-04,1.9937,-0.01139134,-0.01137005,-0.00569000
2013-06-05,1.9937,-0.02450964,-0.02448835,-0.01227000
2013-06-06,1.9937,0.00892409,0.00894538,0.00450000
2013-06-07,1.9937,0.02740535,0.02742664,0.01377000
2013-06-10,1.9937,-0.00024676,-0.00022547,-0.00010000
2013-06-11,1.9937,-0.02044257,-0.02042128,-0.01023000
2013-06-12,1.8321,-0.02093340,-0.02091557,-0.01136000
2013-06-13,1.8321,0.02302676,0.02304460,0.01259000
2013-06-14,1.6221,-0.01051639,-0.01050305,-0.00640000
2013-06-17,1.6221,0.01510493,0.01511826,0.00933000
2013-06-18,1.6221,0.01356389,0.01357722,0.00838000
2013-06-19,1.6221,-0.01980361,-0.01979027,-0.01219000
2013-06-20,1.4820,-0.03469864,-0.03468831,-0.02335000
2013-06-21,1.2848,-0.00558564,-0.00557953,-0.00426000
2013-06-24,1.2848,-0.01326038,-0.01325427,-0.01031000
2013-06-25,1.2848,0.00827369,0.00827979,0.00645000
2013-06-26,1.2848,0.01228242,0.01228852,0.00957000
2013-06-27,1.2848,0.00578108,0.00578719,0.00451000
2013-06-28,1.2848,0.00123272,0.00123882,0.00097000
2013-07-01,1.2848,0.00784969,0.00785579,0.00612000
2013-07-02,1.2848,0.00101429,0.00102040,0.00080000
2013-07-03,1.2848,0.00517720,0.00518331,0.00404000
2013-07-05,1.2848,0.00954569,0.00955179,0.00744000
2013-07-08,1.2848,0.00128411,0.00129021,0.00101000
2013-07-09,1.2848,0.00790108,0.00790719,0.00616000
2013-07-10,1.2848,0.00705308,0.00705919,0.00550000
2013-07-11,1.3872,0.02714750,0.02715580,0.01962000
2013-07-12,1.3872,0.00890132,0.00890962,0.00643000
2013-07-15,1.3872,0.00036995,0.00037825,0.00028000
2013-07-16,1.3872,-0.00105888,-0.00105058,-0.00075000
2013-07-17,1.3872,0.00353280,0.00354110,0.00256000
2013-07-18,1.3872,-0.00333391,-0.00332562,-0.00239000
2013-07-19,1.3872,-0.01480618,-0.01479788,-0.01066000
2013-07-22,1.7808,0.00583849,0.00585522,0.00341000
2013-07-23,1.7808,-0.01389186,-0.01387512,-0.00778000
2013-07-24,1.7808,0.00573254,0.00574928,0.00324000
2013-07-25,1.7808,0.01201876,0.01203549,0.00677000
2013-07-26,1.9085,0.00901554,0.00903501,0.00478000
2013-07-29,1.9085,-0.00450928,-0.00448981,-0.00234000
2013-07-30,1.9085,0.01018634,0.01020581,0.00536000
2013-07-31,1.9085,0.00301030,0.00302977,0.00160000
2013-08-01,1.9085,0.02230546,0.02232492,0.01171000
2013-08-02,1.7901,0.00980221,0.00981914,0.00553000
2013-08-05,1.7901,-0.00018089,-0.00016396,-0.00008000
2013-08-06,1.7901,-0.01194168,-0.01192475,-0.00665000
2013-08-07,1.7901,-0.00200677,-0.00198984,-0.00110000
2013-08-08,1.7901,0.00656769,0.00658462,0.00369000
2013-08-09,2.0000,-0.00749266,-0.00747123,-0.00367000
2013-08-12,2.0000,0.00471230,0.00473373,0.00238000
2013-08-13,2.0000,0.00967230,0.00969373,0.00486000
2013-08-14,2.0000,-0.00738770,-0.00736627,-0.00367000
2013-08-15,2.0000,-0.03400770,-0.03398627,-0.01698000
2013-08-16,2.0000,-0.00150770,-0.00148627,-0.00073000
2013-08-19,2.0000,-0.00270770,-0.00268627,-0.00133000
2013-08-20,2.0000,0.00809230,0.00811373,0.00407000
2013-08-21,2.0000,-0.00694770,-0.00692627,-0.00345000
2013-08-22,2.0000,0.01977230,0.01979373,0.00991000
2013-08-23,2.0000,0.01447230,0.01449373,0.00726000
2013-08-26,2.0000,-0.00102770,-0.00100627,-0.00049000
2013-08-27,2.0000,-0.04040770,-0.04038627,-0.02018000
2013-08-28,1.6446,0.00660007,0.00661388,0.00414000
2013-08-29,1.6446,0.01134969,0.01136350,0.00692000
2013-08-30,1.6446,-0.01039155,-0.01037773,-0.00630000
2013-09-03,1.6446,0.00960645,0.00962026,0.00586000
2013-09-04,1.6446,0.01745105,0.01746486,0.01063000
2013-09-05,1.6446,0.00284726,0.00286107,0.00175000
2013-09-06,1.6446,0.00181118,0.00182499,0.00112000
2013-09-09,1.6446,0.01919430,0.01920811,0.01169000
2013-09-10,1.6446,0.00786320,0.00787701,0.00480000
2013-09-11,1.5402,-0.00255762,-0.00254604,-0.00161000
2013-09-12,1.5402,-0.00207416,-0.00206259,-0.00133000
2013-09-13,1.5402,0.00132957,0.00134114,0.00088000
2013-09-16,1.7711,-0.00544769,-0.00543116,-0.00299000
2013-09-17,1.7711,0.01237832,0.01239484,0.00701000
2013-09-18,1.7711,0.02247334,0.02248986,0.01271000
2013-09-19,1.6197,0.00308564,0.00309892,0.00197000
2013-09-20,1.6197,-0.00642749,-0.00641421,-0.00395000
2013-09-23,1.6197,-0.00270211,-0.00268883,-0.00165000
2013-09-24,1.7209,-0.00041198,-0.00039653,-0.00019000
2013-09-25,1.7209,-0.00540375,-0.00538830,-0.00312000
2013-09-26,2.0000,0.01575278,0.01577420,0.00797000
2013-09-27,2.0000,-0.00230770,-0.00228627,-0.00113000
2013-09-30,2.0000,-0.00748770,-0.00746627,-0.00372000
2013-10-01,2.0000,0.02165230,0.02167373,0.01085000
2013-10-02,2.0000,0.00013230,0.00015373,0.00009000
2013-10-03,2.0000,-0.02424770,-0.02422627,-0.01210000
2013-10-04,2.0000,0.01789230,0.01791373,0.00897000
2013-10-07,2.0000,-0.01658770,-0.01656627,-0.00827000
2013-10-08,2.0000,-0.03844770,-0.03842627,-0.01920000
2013-10-09,1.6814,-0.00619441,-0.00617981,-0.00357000
2013-10-10,1.6814,0.03655483,0.03656944,0.02176000
2013-10-11,1.4113,0.00997855,0.00998736,0.00718000
2013-10-14,1.4113,0.00970432,0.00971313,0.00689000
2013-10-15,1.4113,-0.00491687,-0.00490806,-0.00347000
2013-10-16,1.4113,0.01611167,0.01612048,0.01143000
2013-10-17,1.4113,0.00844825,0.00845706,0.00600000
2013-10-18,1.4113,0.02250491,0.02251372,0.01596000
2013-10-21,1.2993,0.00278809,0.00279450,0.00220000
2013-10-22,1.2993,0.00223346,0.00223987,0.00173000
2013-10-23,1.2993,-0.00804375,-0.00803733,-0.00618000
2013-10-24,1.2993,0.00635213,0.00635855,0.00490000
2013-10-25,1.2993,0.00830103,0.00830745,0.00640000
2013-10-28,1.2993,-0.00043004,-0.00042363,-0.00032000
2013-10-29,1.2993,0.00350674,0.00351315,0.00271000
2013-10-30,1.2993,-0.00241792,-0.00241151,-0.00185000
2013-10-31,1.2993,-0.00292463,-0.00291822,-0.00224000
2013-11-01,1.2993,0.00079127,0.00079768,0.00062000
2013-11-04,1.4213,0.00205086,0.00205989,0.00150000
2013-11-05,1.4213,0.00172813,0.00173716,0.00123000
2013-11-06,1.6768,-0.00182006,-0.00180556,-0.00099000
2013-11-07,1.6768,-0.03167363,-0.03165912,-0.01887000
2013-11-08,1.6768,0.02293997,0.02295447,0.01370000
2013-11-11,1.6768,-0.00191031,-0.00189580,-0.00112000
2013-11-12,1.6768,0.00112471,0.00113922,0.00069000
2013-11-13,1.6768,0.02010617,0.02012067,0.01201000
2013-11-14,1.6768,0.00472985,0.00474435,0.00284000
2013-11-15,1.6768,0.00365669,0.00367120,0.00220000
2013-11-18,1.9485,-0.01933452,-0.01931419,-0.00983000
2013-11-19,1.8482,-0.00591243,-0.00589426,-0.00315000
2013-11-20,1.8482,-0.00599168,-0.00597350,-0.00322000
2013-11-21,1.8482,0.01953203,0.01955020,0.01059000
2013-11-22,1.8482,0.01047583,0.01049400,0.00569000
2013-11-25,1.8482,0.00295363,0.00297181,0.00162000
2013-11-26,1.8482,0.00984744,0.00986561,0.00535000
2013-11-27,1.8482,0.01326661,0.01328479,0.00720000
2013-11-29,1.7323,0.00860321,0.00861890,0.00502000
2013-12-02,1.7323,-0.00330896,-0.00329327,-0.00189000
2013-12-03,1.7323,-0.00090107,-0.00088538,-0.00050000
2013-12-04,1.7323,0.00183594,0.00185164,0.00108000
2013-12-05,1.7323,-0.00261604,-0.00260035,-0.00149000
2013-12-06,1.7323,0.01321709,0.01323278,0.00765000
2013-12-09,2.0000,0.00665845,0.00667988,0.00342000
2013-12-10,2.0000,-0.00112770,-0.00110627,-0.00054000
2013-12-11,2.0000,-0.02572770,-0.02570627,-0.01284000
2013-12-12,2.0000,-0.00500770,-0.00498627,-0.00248000
2013-12-13,2.0000,-0.00224770,-0.00222627,-0.00110000
2013-12-16,2.0000,0.01121230,0.01123373,0.00563000
2013-12-17,2.0000,-0.00372770,-0.00370627,-0.00184000
2013-12-18,2.0000,0.02323230,0.02325373,0.01164000
2013-12-19,2.0000,-0.00626770,-0.00624627,-0.00311000
2013-12-20,2.0000,0.01861230,0.01863373,0.00933000
2013-12-23,2.0000,0.02163230,0.02165373,0.01084000
2013-12-24,2.0000,0.00191230,0.00193373,0.00098000
2013-12-26,2.0000,0.00659230,0.00661373,0.00332000
2013-12-27,2.0000,-0.00588770,-0.00586627,-0.00292000
2013-12-30,2.0000,-0.00220770,-0.00218627,-0.00108000
2013-12-31,2.0000,0.01227230,0.01229373,0.00616000
2014-01-02,2.0000,-0.01582770,-0.01580627,-0.00789000
2014-01-03,2.0000,-0.01394770,-0.01392627,-0.00695000
2014-01-06,2.0000,-0.00664770,-0.00662627,-0.00330000
2014-01-07,2.0000,0.01751230,0.01753373,0.00878000
2014-01-08,2.0000,0.00545230,0.00547373,0.00275000
2014-01-09,2.0000,-0.00838770,-0.00836627,-0.00417000
2014-01-10,2.0000,0.00703230,0.00705373,0.00354000
2014-01-13,2.0000,-0.02932770,-0.02930627,-0.01464000
2014-01-14,1.8833,0.03632302,0.03634195,0.01934000
2014-01-15,1.5878,0.01281235,0.01282495,0.00818000
2014-01-16,1.5878,0.00065471,0.00066731,0.00043000
2014-01-17,1.5878,-0.00880854,-0.00879594,-0.00553000
2014-01-21,1.5878,0.01170576,0.01171835,0.00739000
2014-01-22,1.5878,0.00440191,0.00441450,0.00279000
2014-01-23,1.5878,-0.00609341,-0.00608081,-0.00382000
2014-01-24,1.7363,-0.03480019,-0.03478441,-0.01998000
2014-01-27,1.4743,-0.01362864,-0.01361847,-0.00914000
2014-01-28,1.4743,-0.00137897,-0.00136881,-0.00092000
2014-01-29,1.4743,-0.01593022,-0.01592006,-0.01079000
2014-01-30,1.4743,0.02747291,0.02748307,0.01865000
2014-01-31,1.2769,-0.00387876,-0.00387283,-0.00295000
2014-02-03,1.2769,-0.02949688,-0.02949095,-0.02309000
2014-02-04,1.1524,0.00991014,0.00991340,0.00866000
2014-02-05,1.1524,-0.00506624,-0.00506298,-0.00439000
2014-02-06,1.1524,0.01425927,0.01426254,0.01238000
2014-02-07,1.1524,0.02120816,0.02121143,0.01841000
2014-02-10,1.1524,0.00654981,0.00655307,0.00569000
2014-02-11,1.0509,0.01159089,0.01159198,0.01108000
2014-02-12,1.0509,0.00165801,0.00165910,0.00158000
2014-02-13,1.0509,0.00935065,0.00935174,0.00890000
2014-02-14,1.0509,0.00125866,0.00125975,0.00120000
2014-02-18,1.0509,0.00448495,0.00448604,0.00427000
2014-02-19,1.0509,-0.00756896,-0.00756787,-0.00720000
2014-02-20,1.0509,0.00551484,0.00551593,0.00525000
2014-02-21,1.0509,-0.00265071,-0.00264962,-0.00252000
2014-02-24,1.0509,0.00668134,0.00668243,0.00636000
2014-02-25,1.2430,-0.00233266,-0.00232746,-0.00179000
2014-02-26,1.2430,-0.00084442,-0.00083921,-0.00067000
2014-02-27,1.2430,0.00785675,0.00786196,0.00633000
2014-02-28,1.2430,-0.00122976,-0.00122455,-0.00098000
2014-03-03,1.4292,-0.01080372,-0.01079452,-0.00748000
2014-03-04,1.4292,0.02010221,0.02011141,0.01408000
2014-03-05,1.5939,0.00304527,0.00305800,0.00198000
2014-03-06,1.5939,-0.00267426,-0.00266153,-0.00166000
2014-03-07,1.5939,-0.00750387,-0.00749114,-0.00469000
2014-03-10,1.7521,0.00132175,0.00133787,0.00082000
2014-03-11,2.0000,-0.00813167,-0.00811024,-0.00398000
2014-03-12,2.0000,0.00843230,0.00845373,0.00424000
2014-03-13,2.0000,-0.02998770,-0.02996627,-0.01497000
2014-03-14,2.0000,-0.01292770,-0.01290627,-0.00644000
2014-03-17,2.0000,0.01909230,0.01911373,0.00957000
2014-03-18,2.0000,0.02409230,0.02411373,0.01207000
2014-03-19,1.7927,-0.01165036,-0.01163337,-0.00642000
2014-03-20,1.7927,0.00546566,0.00548264,0.00307000
2014-03-21,1.7927,-0.01984671,-0.01982972,-0.01105000
2014-03-24,1.7927,-0.01749832,-0.01748134,-0.00974000
2014-03-25,1.6731,0.00566374,0.00567817,0.00344000
2014-03-26,1.6731,-0.02158218,-0.02156776,-0.01288000
2014-03-27,1.5566,-0.00863056,-0.00861863,-0.00549000
2014-03-28,1.5566,0.00366259,0.00367452,0.00237000
2014-03-31,1.5566,0.01057390,0.01058583,0.00681000
2014-04-01,1.5566,0.02713613,0.02714806,0.01745000
2014-04-02,1.5566,0.00324231,0.00325424,0.00210000
2014-04-03,1.5566,-0.01205907,-0.01204714,-0.00773000
2014-04-04,1.5566,-0.04200806,-0.04199614,-0.02697000
2014-04-07,1.2056,-0.01092712,-0.01092272,-0.00891000
2014-04-08,1.2056,0.01049089,0.01049529,0.00871000
2014-04-09,1.2056,0.02122064,0.02122505,0.01761000
2014-04-10,1.1032,-0.03455367,-0.03455146,-0.03127000
2014-04-11,1.0000,-0.01176161,-0.01176161,-0.01171000
2014-04-14,1.0000,0.00808000,0.00808000,0.00808000
2014-04-15,1.0000,0.00383000,0.00383000,0.00383000
2014-04-16,1.0000,0.01299000,0.01299000,0.01299000
2014-04-17,1.0000,0.00043000,0.00043000,0.00043000
2014-04-21,1.0000,0.00722000,0.00722000,0.00722000
2014-04-22,1.0000,0.00813000,0.00813000,0.00813000
2014-04-23,1.0000,-0.00883000,-0.00883000,-0.00883000
2014-04-24,1.0000,0.00958000,0.00958000,0.00958000
2014-04-25,1.0000,-0.01611000,-0.01611000,-0.01611000
2014-04-28,1.0000,0.00340000,0.00340000,0.00340000
2014-04-29,1.0000,0.00819000,0.00819000,0.00819000
2014-04-30,1.0000,0.00227000,0.00227000,0.00227000
2014-05-01,1.0000,0.00347000,0.00347000,0.00347000
2014-05-02,1.0000,-0.00185000,-0.00185000,-0.00185000
2014-05-05,1.0000,0.00489000,0.00489000,0.00489000
2014-05-06,1.1214,-0.01514954,-0.01514694,-0.01345000
2014-05-07,1.1214,-0.00314576,-0.00314315,-0.00280000
2014-05-08,1.1214,-0.00188977,-0.00188717,-0.00168000
2014-05-09,1.1214,0.00486115,0.00486375,0.00434000
2014-05-12,1.5811,0.02513461,0.02514706,0.01606000
2014-05-13,1.5811,-0.00069177,-0.00067932,-0.00042000
2014-05-14,1.5811,-0.00782245,-0.00780999,-0.00493000
2014-05-15,1.5811,-0.01234434,-0.01233189,-0.00779000
2014-05-16,1.5811,0.00977499,0.00978744,0.00620000
2014-05-19,1.5811,0.01254188,0.01255433,0.00795000
2014-05-20,1.5811,-0.00668407,-0.00667162,-0.00421000
2014-05-21,1.5811,0.01551431,0.01552676,0.00983000
2014-05-22,1.5811,0.00664444,0.00665690,0.00422000
2014-05-23,1.5811,0.01146674,0.01147919,0.00727000
2014-05-27,1.8210,0.02253034,0.02254794,0.01246000
2014-05-28,1.6994,-0.00498839,-0.00497341,-0.00288000
2014-05-29,1.6994,0.01074076,0.01075575,0.00634000
2014-05-30,1.6994,0.00051044,0.00052543,0.00032000
2014-06-02,1.6994,-0.00174974,-0.00173475,-0.00101000
2014-06-03,1.6994,-0.00130790,-0.00129291,-0.00075000
2014-06-04,1.6994,0.00616941,0.00618439,0.00365000
2014-06-05,1.9133,0.01695473,0.01697430,0.00894000
2014-06-06,1.9133,0.00893000,0.00894958,0.00469000
2014-06-09,1.9133,0.00058784,0.00060741,0.00033000
2014-06-10,1.9133,0.00257771,0.00259728,0.00137000
2014-06-11,1.9133,-0.00151684,-0.00149727,-0.00077000
2014-06-12,1.9133,-0.01714883,-0.01712926,-0.00894000
2014-06-13,1.9133,0.00598346,0.00600303,0.00315000
2014-06-16,1.9133,0.00221418,0.00223375,0.00118000
2014-06-17,1.9133,0.00070264,0.00072221,0.00039000
2014-06-18,1.9133,0.01178088,0.01180045,0.00618000
2014-06-19,1.9133,-0.00191864,-0.00189907,-0.00098000
2014-06-20,1.9133,0.00093224,0.00095181,0.00051000
2014-06-23,1.9133,0.00135317,0.00137275,0.00073000
2014-06-24,1.9133,-0.00291358,-0.00289400,-0.00150000
2014-06-25,1.9133,0.01400036,0.01401993,0.00734000
2014-06-26,1.9133,-0.00021577,-0.00019619,-0.00009000
2014-06-27,1.9133,0.00875780,0.00877738,0.00460000
2014-06-30,1.9133,0.00250118,0.00252075,0.00133000
2014-07-01,1.9133,0.02228513,0.02230470,0.01167000
2014-07-02,1.9133,0.00242465,0.00244422,0.00129000
2014-07-03,1.9133,0.01164695,0.01166652,0.00611000
2014-07-07,1.9133,-0.00599406,-0.00597448,-0.00311000
2014-07-08,1.9133,-0.02281232,-0.02279275,-0.01190000
2014-07-09,1.9133,0.01428736,0.01430693,0.00749000
2014-07-10,1.9133,-0.00631932,-0.00629975,-0.00328000
2014-07-11,1.9133,0.01210615,0.01212572,0.00635000
2014-07-14,1.9133,0.01220182,0.01222139,0.00640000
2014-07-15,1.9133,-0.00729513,-0.00727556,-0.00379000
2014-07-16,1.9133,0.00873867,0.00875824,0.00459000
2014-07-17,1.9133,-0.02642854,-0.02640897,-0.01379000
2014-07-18,1.9133,0.03053163,0.03055120,0.01598000
2014-07-21,1.7552,-0.00264261,-0.00262643,-0.00144000
2014-07-22,1.7552,0.01226815,0.01228433,0.00701000
2014-07-23,1.7552,0.01089907,0.01091525,0.00623000
2014-07-24,1.7552,-0.00131734,-0.00130116,-0.00073000
2014-07-25,1.7552,-0.00793456,-0.00791838,-0.00450000
2014-07-28,1.7552,0.00092935,0.00094554,0.00055000
2014-07-29,1.7552,-0.00363425,-0.00361806,-0.00205000
2014-07-30,1.7552,0.00756413,0.00758031,0.00433000
2014-07-31,1.7552,-0.03687832,-0.03686214,-0.02099000
2014-08-01,1.5054,-0.00507160,-0.00506077,-0.00327000
2014-08-04,1.5054,0.01129628,0.01130711,0.00752000
2014-08-05,1.5054,-0.01301546,-0.01300463,-0.00863000
2014-08-06,1.5054,-0.00024991,-0.00023908,-0.00015000
2014-08-07,1.5054,-0.00633161,-0.00632078,-0.00419000
2014-08-08,1.5054,0.01177800,0.01178883,0.00784000
2014-08-11,1.5054,0.00867694,0.00868777,0.00578000
2014-08-12,1.5054,-0.00199614,-0.00198531,-0.00131000
2014-08-13,1.5054,0.01695648,0.01696731,0.01128000
2014-08-14,1.5054,0.00760812,0.00761895,0.00507000
2014-08-15,1.5054,0.00699092,0.00700175,0.00466000
2014-08-18,1.7701,0.01452291,0.01453941,0.00830000
2014-08-19,1.7701,0.00865457,0.00867107,0.00491000
2014-08-20,1.7701,0.00026419,0.00028069,0.00017000
2014-08-21,1.7701,0.00277776,0.00279426,0.00159000
2014-08-22,1.7701,0.00251224,0.00252875,0.00144000
2014-08-25,1.7701,0.00644191,0.00645842,0.00366000
2014-08-26,1.7701,0.00182189,0.00183840,0.00105000
2014-08-27,1.7701,0.00065361,0.00067012,0.00039000
2014-08-28,1.7701,-0.00299284,-0.00297634,-0.00167000
2014-08-29,2.0000,0.00789736,0.00791879,0.00403000
2014-09-02,2.0000,0.00649230,0.00651373,0.00327000
2014-09-03,2.0000,-0.01212770,-0.01210627,-0.00604000
2014-09-04,2.0000,-0.00236770,-0.00234627,-0.00116000
2014-09-05,2.0000,0.01169230,0.01171373,0.00587000
2014-09-08,2.0000,0.00271230,0.00273373,0.00138000
2014-09-09,2.0000,-0.01640770,-0.01638627,-0.00818000
2014-09-10,2.0000,0.01629230,0.01631373,0.00817000
2014-09-11,2.0000,-0.00112770,-0.00110627,-0.00054000
2014-09-12,2.0000,-0.01144770,-0.01142627,-0.00570000
2014-09-15,2.0000,-0.01932770,-0.01930627,-0.00964000
2014-09-16,2.0000,0.01855230,0.01857373,0.00930000
2014-09-17,2.0000,0.00309230,0.00311373,0.00157000
2014-09-18,2.0000,0.01449230,0.01451373,0.00727000
2014-09-19,2.0000,-0.00144770,-0.00142627,-0.00070000
2014-09-22,2.0000,-0.01894770,-0.01892627,-0.00945000
2014-09-23,2.0000,-0.00474770,-0.00472627,-0.00235000
2014-09-24,2.0000,0.02109230,0.02111373,0.01057000
2014-09-25,2.0000,-0.04224770,-0.04222627,-0.02110000
2014-09-26,1.0000,0.01098000,0.01098000,0.01148000
2014-09-29,1.0000,-0.00159000,-0.00159000,-0.00159000
2014-09-30,1.0000,0.00058000,0.00058000,0.00058000
2014-10-01,1.0000,-0.01596000,-0.01596000,-0.01596000
2014-10-02,1.0000,0.00031000,0.00031000,0.00031000
2014-10-03,1.0000,0.01042000,0.01042000,0.01042000
2014-10-06,1.0000,-0.00272000,-0.00272000,-0.00272000
2014-10-07,1.0000,-0.01434000,-0.01434000,-0.01434000
2014-10-08,1.0000,0.02087000,0.02087000,0.02087000
2014-10-09,1.0000,-0.01774000,-0.01774000,-0.01774000
2014-10-10,1.0000,-0.02478000,-0.02478000,-0.02478000
2014-10-13,1.0000,-0.01622000,-0.01622000,-0.01622000
2014-10-14,1.0000,0.00067000,0.00067000,0.00067000
2014-10-15,1.0000,-0.00640000,-0.00640000,-0.00640000
2014-10-16,1.0000,-0.00544000,-0.00544000,-0.00544000
2014-10-17,1.0000,0.01335000,0.01335000,0.01335000
2014-10-20,1.0000,0.01434000,0.01434000,0.01434000
2014-10-21,1.0000,0.02620000,0.02620000,0.02620000
2014-10-22,1.0000,-0.00547000,-0.00547000,-0.00547000
2014-10-23,1.0000,0.01589000,0.01589000,0.01589000
2014-10-24,1.0000,0.00744000,0.00744000,0.00744000
2014-10-27,1.0000,0.00101000,0.00101000,0.00101000
2014-10-28,1.0000,0.01500000,0.01500000,0.01500000
2014-10-29,1.0000,-0.00389000,-0.00389000,-0.00389000
2014-10-30,1.0000,0.00249000,0.00249000,0.00249000
2014-10-31,1.0000,0.01406000,0.01406000,0.01406000
2014-11-03,1.0000,0.00269000,0.00269000,0.00269000
2014-11-04,1.0000,-0.00311000,-0.00311000,-0.00311000
2014-11-05,1.0000,-0.00069000,-0.00069000,-0.00069000
2014-11-06,1.0000,0.00263000,0.00263000,0.00263000
2014-11-07,1.0000,-0.00084000,-0.00084000,-0.00084000
2014-11-10,1.0000,0.00374000,0.00374000,0.00374000
2014-11-11,1.0000,0.00271000,0.00271000,0.00271000
2014-11-12,1.0000,0.00199000,0.00199000,0.00199000
2014-11-13,1.0000,0.00433000,0.00433000,0.00433000
2014-11-14,1.0000,0.00276000,0.00276000,0.00276000
2014-11-17,1.0000,-0.00263000,-0.00263000,-0.00263000
2014-11-18,1.0000,0.00676000,0.00676000,0.00676000
2014-11-19,1.0000,-0.00458000,-0.00458000,-0.00458000
2014-11-20,1.0000,0.00463000,0.00463000,0.00463000
2014-11-21,1.0000,0.00220000,0.00220000,0.00220000
2014-11-24,1.0000,0.00779000,0.00779000,0.00779000
2014-11-25,1.0000,0.00094000,0.00094000,0.00094000
2014-11-26,1.0000,0.00696000,0.00696000,0.00696000
2014-11-28,1.0000,0.00461000,0.00461000,0.00461000
2014-12-01,1.0000,-0.01150000,-0.01150000,-0.01150000
2014-12-02,1.0000,0.00426000,0.00426000,0.00426000
2014-12-03,1.0000,0.00164000,0.00164000,0.00164000
2014-12-04,1.0000,-0.00021000,-0.00021000,-0.00021000
2014-12-05,1.0000,-0.00006000,-0.00006000,-0.00006000
2014-12-08,1.0000,-0.00768000,-0.00768000,-0.00768000
2014-12-09,1.0000,0.00384000,0.00384000,0.00384000
2014-12-10,1.0000,-0.01623000,-0.01623000,-0.01623000
2014-12-11,1.0000,0.00514000,0.00514000,0.00514000
2014-12-12,1.0000,-0.01109000,-0.01109000,-0.01109000
2014-12-15,1.0000,-0.00995000,-0.00995000,-0.00995000
2014-12-16,1.0000,-0.01629000,-0.01629000,-0.01629000
2014-12-17,1.0000,0.01849000,0.01849000,0.01849000
2014-12-18,1.0000,0.02467000,0.02467000,0.02467000
2014-12-19,1.0000,0.00331000,0.00331000,0.00331000
2014-12-22,1.0000,0.00280000,0.00280000,0.00280000
2014-12-23,1.0000,-0.00332000,-0.00332000,-0.00332000
2014-12-24,1.0000,0.00091000,0.00091000,0.00091000
2014-12-26,1.0000,0.00726000,0.00726000,0.00726000
2014-12-29,1.0000,-0.00031000,-0.00031000,-0.00031000
2014-12-30,1.0000,-0.00700000,-0.00700000,-0.00700000
2014-12-31,1.0000,-0.01073000,-0.01073000,-0.01073000
2015-01-02,1.0000,-0.00140000,-0.00140000,-0.00140000
2015-01-05,1.0000,-0.01635000,-0.01635000,-0.01635000
2015-01-06,1.0000,-0.01202000,-0.01202000,-0.01202000
2015-01-07,1.0000,0.01198000,0.01198000,0.01198000
2015-01-08,1.0000,0.01939000,0.01939000,0.01939000
2015-01-09,1.0000,-0.00641000,-0.00641000,-0.00641000
2015-01-12,1.0000,-0.01026000,-0.01026000,-0.01026000
2015-01-13,1.0000,-0.00088000,-0.00088000,-0.00088000
2015-01-14,1.0000,-0.00486000,-0.00486000,-0.00486000
2015-01-15,1.0000,-0.01353000,-0.01353000,-0.01353000
2015-01-16,1.0000,0.01286000,0.01286000,0.01286000
2015-01-20,1.0000,0.00704000,0.00704000,0.00704000
2015-01-21,1.0000,0.00503000,0.00503000,0.00503000
2015-01-22,1.0000,0.01869000,0.01869000,0.01869000
2015-01-23,1.0000,0.00185000,0.00185000,0.00185000
2015-01-26,1.0000,-0.00054000,-0.00054000,-0.00054000
2015-01-27,1.0000,-0.02575000,-0.02575000,-0.02575000
2015-01-28,1.0000,-0.00601000,-0.00601000,-0.00601000
2015-01-29,1.0000,0.00992000,0.00992000,0.00992000
2015-01-30,1.0000,-0.00785000,-0.00785000,-0.00785000
2015-02-02,1.0000,0.00970000,0.00970000,0.00970000
2015-02-03,1.0000,0.00971000,0.00971000,0.00971000
2015-02-04,1.0000,-0.00186000,-0.00186000,-0.00186000
2015-02-05,1.0000,0.00831000,0.00831000,0.00831000
2015-02-06,1.0000,-0.00644000,-0.00644000,-0.00644000
2015-02-09,1.0000,-0.00295000,-0.00295000,-0.00295000
2015-02-10,1.0000,0.01546000,0.01546000,0.01546000
2015-02-11,1.0000,0.00379000,0.00379000,0.00379000
2015-02-12,1.0000,0.01182000,0.01182000,0.01182000
2015-02-13,1.0000,0.00832000,0.00832000,0.00832000
2015-02-17,1.0000,0.00032000,0.00032000,0.00032000
2015-02-18,1.0000,0.00129000,0.00129000,0.00129000
2015-02-19,1.0000,0.00479000,0.00479000,0.00479000
2015-02-20,1.0000,0.00709000,0.00709000,0.00709000
2015-02-23,1.3593,0.00180135,0.00180905,0.00147000
2015-02-24,1.3593,0.00048579,0.00049349,0.00037000
2015-02-25,1.3593,-0.00317062,-0.00316292,-0.00232000
2015-02-26,1.7466,0.00834673,0.00836273,0.00491000
2015-02-27,1.7466,-0.00845445,-0.00843845,-0.00482000
2015-03-02,1.7466,0.01667979,0.01669579,0.00957000
2015-03-03,1.7466,-0.00945004,-0.00943404,-0.00539000
2015-03-04,1.8600,-0.00565893,-0.00564051,-0.00299000
2015-03-05,1.8600,0.00280471,0.00282314,0.00153000
2015-03-06,1.8600,-0.02206287,-0.02204444,-0.01184000
2015-03-09,1.8600,0.00581783,0.00583626,0.00315000
2015-03-10,1.8600,-0.03536153,-0.03534311,-0.01899000
2015-03-11,1.0000,-0.00587998,-0.00587998,-0.00545000
2015-03-12,1.0000,0.00719000,0.00719000,0.00719000
2015-03-13,1.0000,-0.00490000,-0.00490000,-0.00490000
2015-03-16,1.0000,0.01290000,0.01290000,0.01290000
2015-03-17,1.7391,0.00168213,0.00169797,0.00120000
2015-03-18,1.7391,0.01864287,0.01865870,0.01074000
2015-03-19,1.7391,0.00170386,0.00171970,0.00100000
2015-03-20,1.7391,0.01246900,0.01248484,0.00719000
2015-03-23,1.7391,-0.00506130,-0.00504547,-0.00289000
2015-03-24,1.7391,-0.00568739,-0.00567155,-0.00325000
2015-03-25,1.7391,-0.03991322,-0.03989738,-0.02293000
2015-03-26,1.3692,-0.00461149,-0.00460357,-0.00322000
2015-03-27,1.0000,0.00391538,0.00391538,0.00410000
2015-03-30,1.0000,0.01155000,0.01155000,0.01155000
2015-03-31,1.0000,-0.01119000,-0.01119000,-0.01119000
2015-04-01,1.0000,-0.00515000,-0.00515000,-0.00515000
2015-04-02,1.0000,0.00113000,0.00113000,0.00113000
2015-04-06,1.0000,0.00813000,0.00813000,0.00813000
2015-04-07,1.0000,-0.00156000,-0.00156000,-0.00156000
2015-04-08,1.0000,0.00736000,0.00736000,0.00736000
2015-04-09,1.0000,0.00642000,0.00642000,0.00642000
2015-04-10,1.0000,0.00413000,0.00413000,0.00413000
2015-04-13,1.0000,-0.00287000,-0.00287000,-0.00287000
2015-04-14,1.5116,-0.00421047,-0.00419951,-0.00260000
2015-04-15,1.5116,0.00925703,0.00926800,0.00614000
2015-04-16,1.5116,-0.00192906,-0.00191810,-0.00126000
2015-04-17,1.6571,-0.02520860,-0.02519452,-0.01515000
2015-04-20,1.5120,0.02273422,0.02274519,0.01510000
2015-04-21,1.5120,0.00637133,0.00638230,0.00423000
2015-04-22,1.5120,0.00847301,0.00848398,0.00562000
2015-04-23,1.5120,0.00552461,0.00553558,0.00367000
2015-04-24,1.7263,0.02292152,0.02293709,0.01336000
2015-04-27,1.6064,-0.00420122,-0.00418823,-0.00256000
2015-04-28,1.6064,-0.00346658,-0.00345359,-0.00214000
2015-04-29,1.6064,-0.00963509,-0.00962210,-0.00598000
2015-04-30,1.7786,-0.02936354,-0.02934685,-0.01644000
2015-05-01,1.5922,0.02329915,0.02331184,0.01471000
2015-05-04,1.4725,0.00112506,0.00113518,0.00082000
2015-05-05,1.4725,-0.02403867,-0.02402854,-0.01631000
2015-05-06,1.4725,-0.00988814,-0.00987802,-0.00670000
2015-05-07,1.4725,0.00733986,0.00734998,0.00500000
2015-05-08,1.4725,0.01911969,0.01912981,0.01300000
2015-05-11,1.3305,-0.00602098,-0.00601390,-0.00446000
2015-05-12,1.3305,-0.00537788,-0.00537080,-0.00403000
2015-05-13,1.3305,0.00179378,0.00180086,0.00136000
2015-05-14,1.3305,0.02059444,0.02060153,0.01549000
2015-05-15,1.0000,-0.00030527,-0.00030527,-0.00014000
2015-05-18,1.0000,0.00418000,0.00418000,0.00418000
2015-05-19,1.0000,-0.00202000,-0.00202000,-0.00202000
2015-05-20,1.0000,0.00037000,0.00037000,0.00037000
2015-05-21,1.0000,0.00539000,0.00539000,0.00539000
2015-05-22,1.0000,-0.00049000,-0.00049000,-0.00049000
2015-05-26,1.0000,-0.01195000,-0.01195000,-0.01195000
2015-05-27,1.0000,0.01637000,0.01637000,0.01637000
2015-05-28,1.0000,-0.00226000,-0.00226000,-0.00226000
2015-05-29,1.0000,-0.00602000,-0.00602000,-0.00602000
2015-06-01,1.0000,0.00304000,0.00304000,0.00304000
2015-06-02,1.0000,-0.00284000,-0.00284000,-0.00284000
2015-06-03,1.0000,0.00246000,0.00246000,0.00246000
2015-06-04,1.0000,-0.00724000,-0.00724000,-0.00724000
2015-06-05,1.0000,-0.00217000,-0.00217000,-0.00217000
2015-06-08,1.0000,-0.01018000,-0.01018000,-0.01018000
2015-06-09,1.0000,-0.00086000,-0.00086000,-0.00086000
2015-06-10,1.0000,0.01309000,0.01309000,0.01309000
2015-06-11,1.0000,0.00069000,0.00069000,0.00069000
2015-06-12,1.0000,-0.00770000,-0.00770000,-0.00770000
2015-06-15,1.0000,-0.00466000,-0.00466000,-0.00466000
2015-06-16,1.0000,0.00521000,0.00521000,0.00521000
2015-06-17,1.0000,0.00296000,0.00296000,0.00296000
2015-06-18,1.0000,0.01409000,0.01409000,0.01409000
2015-06-19,1.0000,-0.00404000,-0.00404000,-0.00404000
2015-06-22,1.0000,0.00681000,0.00681000,0.00681000
2015-06-23,1.0000,0.00106000,0.00106000,0.00106000
2015-06-24,1.0000,-0.00528000,-0.00528000,-0.00528000
2015-06-25,1.0000,-0.00232000,-0.00232000,-0.00232000
2015-06-26,1.0000,-0.00656000,-0.00656000,-0.00656000
2015-06-29,1.0000,-0.02326000,-0.02326000,-0.02326000
2015-06-30,1.0000,0.00388000,0.00388000,0.00388000
2015-07-01,1.0000,0.00741000,0.00741000,0.00741000
2015-07-02,1.0000,0.00096000,0.00096000,0.00096000
2015-07-06,1.0000,-0.00330000,-0.00330000,-0.00330000
2015-07-07,1.0000,0.00238000,0.00238000,0.00238000
2015-07-08,1.0000,-0.01747000,-0.01747000,-0.01747000
2015-07-09,1.0000,0.00013000,0.00013000,0.00013000
2015-07-10,1.0000,0.01568000,0.01568000,0.01568000
2015-07-13,1.0000,0.01684000,0.01684000,0.01684000
2015-07-14,1.0000,0.00648000,0.00648000,0.00648000
2015-07-15,1.0000,0.00110000,0.00110000,0.00110000
2015-07-16,1.0000,0.01472000,0.01472000,0.01472000
2015-07-17,1.0000,0.01454000,0.01454000,0.01454000
2015-07-20,1.0000,0.00390000,0.00390000,0.00390000
2015-07-21,1.0000,-0.00110000,-0.00110000,-0.00110000
2015-07-22,1.0000,-0.01092000,-0.01092000,-0.01092000
2015-07-23,1.0000,-0.00439000,-0.00439000,-0.00439000
2015-07-24,1.0000,-0.00985000,-0.00985000,-0.00985000
2015-07-27,1.0000,-0.00838000,-0.00838000,-0.00838000
2015-07-28,1.0000,0.00913000,0.00913000,0.00913000
2015-07-29,1.0000,0.00471000,0.00471000,0.00471000
2015-07-30,1.0000,0.00373000,0.00373000,0.00373000
2015-07-31,1.0000,-0.00208000,-0.00208000,-0.00208000
2015-08-03,1.0000,-0.00182000,-0.00182000,-0.00182000
2015-08-04,1.0000,-0.00281000,-0.00281000,-0.00281000
2015-08-05,1.0000,0.00764000,0.00764000,0.00764000
2015-08-06,1.0000,-0.01600000,-0.01600000,-0.01600000
2015-08-07,1.0000,-0.00184000,-0.00184000,-0.00184000
2015-08-10,1.0000,0.01176000,0.01176000,0.01176000
2015-08-11,1.0000,-0.01290000,-0.01290000,-0.01290000
2015-08-12,1.0000,0.00317000,0.00317000,0.00317000
2015-08-13,1.0000,-0.00194000,-0.00194000,-0.00194000
2015-08-14,1.0000,0.00255000,0.00255000,0.00255000
2015-08-17,1.0000,0.00789000,0.00789000,0.00789000
2015-08-18,1.0000,-0.00530000,-0.00530000,-0.00530000
2015-08-19,1.0000,-0.00684000,-0.00684000,-0.00684000
2015-08-20,1.0000,-0.02786000,-0.02786000,-0.02786000
2015-08-21,1.0000,-0.04282000,-0.04282000,-0.04282000
2015-08-24,0.0000,-0.00049000,-0.00049000,-0.03778000
2015-08-25,0.0000,0.00001000,0.00001000,-0.00549000
2015-08-26,0.0000,0.00001000,0.00001000,0.05064000
2015-08-27,0.0000,0.00001000,0.00001000,0.02496000
2015-08-28,0.0000,0.00001000,0.00001000,0.00102000
2015-08-31,0.0000,0.00001000,0.00001000,-0.01257000
2015-09-01,0.0000,0.00001000,0.00001000,-0.03084000
2015-09-02,0.0000,0.00001000,0.00001000,0.02745000
2015-09-03,0.0000,0.00001000,0.00001000,-0.00505000
2015-09-04,0.0000,0.00001000,0.00001000,-0.01177000
2015-09-08,0.0000,0.00001000,0.00001000,0.02842000
2015-09-09,0.0000,0.00001000,0.00001000,-0.01161000
2015-09-10,0.0000,0.00001000,0.00001000,0.01010000
2015-09-11,0.0000,0.00001000,0.00001000,0.00629000
2015-09-14,0.0000,0.00001000,0.00001000,-0.00332000
2015-09-15,0.0000,0.00001000,0.00001000,0.01198000
2015-09-16,0.0000,0.00001000,0.00001000,0.00539000
2015-09-17,0.0000,0.00001000,0.00001000,0.00032000
2015-09-18,0.0000,0.00001000,0.00001000,-0.01391000
2015-09-21,0.0000,0.00001000,0.00001000,0.00286000
2015-09-22,0.0000,0.00001000,0.00001000,-0.01428000
2015-09-23,0.0000,0.00001000,0.00001000,-0.00011000
2015-09-24,0.0000,0.00001000,0.00001000,-0.00288000
2015-09-25,0.0000,0.00001000,0.00001000,-0.00851000
2015-09-28,0.0000,0.00001000,0.00001000,-0.02868000
2015-09-29,0.0000,0.00001000,0.00001000,-0.00487000
2015-09-30,0.0000,0.00001000,0.00001000,0.02395000
2015-10-01,0.0000,0.00001000,0.00001000,0.00287000
2015-10-02,0.0000,0.00001000,0.00001000,0.01779000
2015-10-05,0.0000,0.00001000,0.00001000,0.01502000
2015-10-06,0.0000,0.00001000,0.00001000,-0.00569000
2015-10-07,0.0000,0.00001000,0.00001000,0.00624000
2015-10-08,0.0000,0.00001000,0.00001000,0.00388000
2015-10-09,0.0000,0.00001000,0.00001000,0.00459000
2015-10-12,0.0000,0.00001000,0.00001000,0.00290000
2015-10-13,0.0000,0.00001000,0.00001000,-0.00673000
2015-10-14,0.0000,0.00001000,0.00001000,-0.00136000
2015-10-15,0.0000,0.00001000,0.00001000,0.01643000
2015-10-16,0.0000,0.00001000,0.00001000,0.00464000
2015-10-19,0.0000,0.00001000,0.00001000,0.00531000
2015-10-20,0.0000,0.00001000,0.00001000,-0.00533000
2015-10-21,0.0000,0.00001000,0.00001000,-0.00553000
2015-10-22,0.0000,0.00001000,0.00001000,0.02035000
2015-10-23,0.0000,0.00001000,0.00001000,0.02686000
2015-10-26,0.0000,0.00001000,0.00001000,0.00149000
2015-10-27,0.0000,0.00001000,0.00001000,0.00183000
2015-10-28,0.0000,0.00001000,0.00001000,0.00851000
2015-10-29,0.0000,0.00001000,0.00001000,-0.00165000
2015-10-30,0.0000,0.00001000,0.00001000,-0.00467000
2015-11-02,0.0000,0.00001000,0.00001000,0.01187000
2015-11-03,0.0000,0.00001000,0.00001000,0.00324000
2015-11-04,0.0000,0.00001000,0.00001000,-0.00029000
2015-11-05,1.0000,-0.00358000,-0.00358000,-0.00308000
2015-11-06,1.0000,0.00094000,0.00094000,0.00094000
2015-11-09,1.0000,-0.01096000,-0.01096000,-0.01096000
2015-11-10,1.0000,-0.00294000,-0.00294000,-0.00294000
2015-11-11,1.0000,-0.00101000,-0.00101000,-0.00101000
2015-11-12,1.0000,-0.01033000,-0.01033000,-0.01033000
2015-11-13,1.0000,-0.01889000,-0.01889000,-0.01889000
2015-11-16,1.0000,0.01409000,0.01409000,0.01409000
2015-11-17,1.0000,0.00010000,0.00010000,0.00010000
2015-11-18,1.0000,0.01921000,0.01921000,0.01921000
2015-11-19,1.0000,0.00043000,0.00043000,0.00043000
2015-11-20,1.0000,0.00668000,0.00668000,0.00668000
2015-11-23,1.0000,-0.00245000,-0.00245000,-0.00245000
2015-11-24,1.0000,-0.00113000,-0.00113000,-0.00113000
2015-11-25,1.0000,0.00077000,0.00077000,0.00077000
2015-11-27,1.0000,0.00165000,0.00165000,0.00165000
2015-11-30,1.0000,-0.00339000,-0.00339000,-0.00339000
2015-12-01,1.0000,0.01110000,0.01110000,0.01110000
2015-12-02,1.0000,-0.00632000,-0.00632000,-0.00632000
2015-12-03,1.0000,-0.01693000,-0.01693000,-0.01693000
2015-12-04,1.0000,0.02377000,0.02377000,0.02377000
2015-12-07,1.0000,-0.00475000,-0.00475000,-0.00475000
2015-12-08,1.0000,0.00027000,0.00027000,0.00027000
2015-12-09,1.0000,-0.01545000,-0.01545000,-0.01545000
2015-12-10,1.0000,0.00455000,0.00455000,0.00455000
2015-12-11,1.0000,-0.02270000,-0.02270000,-0.02270000
2015-12-14,1.0000,0.00721000,0.00721000,0.00721000
2015-12-15,1.0000,0.00597000,0.00597000,0.00597000
2015-12-16,1.0000,0.01465000,0.01465000,0.01465000
2015-12-17,1.0000,-0.01422000,-0.01422000,-0.01422000
2015-12-18,1.0000,-0.01809000,-0.01809000,-0.01809000
2015-12-21,1.0000,0.01015000,0.01015000,0.01015000
2015-12-22,1.0000,0.00632000,0.00632000,0.00632000
2015-12-23,1.0000,0.00772000,0.00772000,0.00772000
2015-12-24,1.0000,-0.00037000,-0.00037000,-0.00037000
2015-12-28,1.0000,-0.00028000,-0.00028000,-0.00028000
2015-12-29,1.0000,0.01511000,0.01511000,0.01511000
2015-12-30,1.0000,-0.00830000,-0.00830000,-0.00830000
2015-12-31,1.0000,-0.01260000,-0.01260000,-0.01260000
2016-01-04,1.0000,-0.02075000,-0.02075000,-0.02075000
2016-01-05,1.0000,-0.00302000,-0.00302000,-0.00302000
2016-01-06,1.0000,-0.00894000,-0.00894000,-0.00894000
2016-01-07,1.0000,-0.03109000,-0.03109000,-0.03109000
2016-01-08,1.0000,-0.00809000,-0.00809000,-0.00809000
2016-01-11,1.0000,0.00301000,0.00301000,0.00301000
2016-01-12,1.0000,0.01174000,0.01174000,0.01174000
2016-01-13,1.0000,-0.03473000,-0.03473000,-0.03473000
2016-01-14,1.0000,0.02150000,0.02150000,0.02150000
2016-01-15,1.0000,-0.03084000,-0.03084000,-0.03084000
2016-01-19,1.0000,0.00147000,0.00147000,0.00147000
2016-01-20,1.0000,-0.00258000,-0.00258000,-0.00258000
2016-01-21,1.0000,0.00155000,0.00155000,0.00155000
2016-01-22,1.0000,0.02831000,0.02831000,0.02831000
2016-01-25,1.0000,-0.01482000,-0.01482000,-0.01482000
2016-01-26,1.0000,0.00892000,0.00892000,0.00892000
2016-01-27,1.0000,-0.02477000,-0.02477000,-0.02477000
2016-01-28,1.0000,0.01388000,0.01388000,0.01388000
2016-01-29,1.0000,0.02227000,0.02227000,0.02227000
2016-02-01,1.0000,0.00175000,0.00175000,0.00175000
2016-02-02,0.0000,-0.00048000,-0.00048000,-0.02178000
2016-02-03,0.0000,0.00002000,0.00002000,-0.00502000
2016-02-04,0.0000,0.00002000,0.00002000,-0.00098000
2016-02-05,0.0000,0.00002000,0.00002000,-0.03436000
2016-02-08,0.0000,0.00002000,0.00002000,-0.01583000
2016-02-09,0.0000,0.00002000,0.00002000,-0.00323000
2016-02-10,0.0000,0.00002000,0.00002000,0.00470000
2016-02-11,0.0000,0.00002000,0.00002000,-0.00100000
2016-02-12,0.0000,0.00002000,0.00002000,0.01440000
2016-02-16,0.0000,0.00002000,0.00002000,0.02121000
2016-02-17,0.0000,0.00002000,0.00002000,0.02311000
2016-02-18,0.0000,0.00002000,0.00002000,-0.01131000
2016-02-19,0.0000,0.00002000,0.00002000,0.00306000
2016-02-22,0.0000,0.00002000,0.00002000,0.01616000
2016-02-23,0.0000,0.00002000,0.00002000,-0.01622000
2016-02-24,0.0000,0.00002000,0.00002000,0.00918000
2016-02-25,0.0000,0.00002000,0.00002000,0.00964000
2016-02-26,0.0000,0.00002000,0.00002000,-0.00126000
2016-02-29,0.0000,0.00002000,0.00002000,-0.00812000
2016-03-01,0.0000,0.00002000,0.00002000,0.03156000
2016-03-02,0.0000,0.00002000,0.00002000,0.00020000
2016-03-03,0.0000,0.00002000,0.00002000,-0.00194000
2016-03-04,0.0000,0.00002000,0.00002000,0.00075000
2016-03-07,0.0000,0.00002000,0.00002000,-0.00591000
2016-03-08,0.0000,0.00002000,0.00002000,-0.00876000
2016-03-09,0.0000,0.00002000,0.00002000,0.00652000
2016-03-10,0.0000,0.00002000,0.00002000,-0.00143000
2016-03-11,0.0000,0.00002000,0.00002000,0.01749000
2016-03-14,0.0000,0.00002000,0.00002000,0.00128000
2016-03-15,0.0000,0.00002000,0.00002000,-0.00003000
2016-03-16,0.0000,0.00002000,0.00002000,0.00852000
2016-03-17,0.0000,0.00002000,0.00002000,-0.00087000
2016-03-18,0.0000,0.00002000,0.00002000,0.00243000
2016-03-21,0.0000,0.00002000,0.00002000,0.00369000
2016-03-22,0.0000,0.00002000,0.00002000,0.00243000
2016-03-23,0.0000,0.00002000,0.00002000,-0.00788000
2016-03-24,0.0000,0.00002000,0.00002000,0.00070000
2016-03-28,0.0000,0.00002000,0.00002000,-0.00167000
2016-03-29,0.0000,0.00002000,0.00002000,0.01586000
2016-03-30,0.0000,0.00002000,0.00002000,0.00521000
2016-03-31,0.0000,0.00002000,0.00002000,-0.00158000
2016-04-01,0.0000,0.00002000,0.00002000,0.01082000
2016-04-04,0.0000,0.00002000,0.00002000,-0.00447000
2016-04-05,0.0000,0.00002000,0.00002000,-0.00905000
2016-04-06,0.0000,0.00002000,0.00002000,0.01636000
2016-04-07,0.0000,0.00002000,0.00002000,-0.01505000
2016-04-08,0.0000,0.00002000,0.00002000,-0.00006000
2016-04-11,0.0000,0.00002000,0.00002000,-0.00360000
2016-04-12,0.0000,0.00002000,0.00002000,0.00840000
2016-04-13,0.0000,0.00002000,0.00002000,0.01308000
2016-04-14,0.0000,0.00002000,0.00002000,0.00000000
2016-04-15,0.0000,0.00002000,0.00002000,-0.00249000
2016-04-18,0.0000,0.00002000,0.00002000,0.00578000
2016-04-19,1.0000,-0.00753000,-0.00753000,-0.00703000
2016-04-20,1.0000,0.00076000,0.00076000,0.00076000
2016-04-21,1.0000,0.00010000,0.00010000,0.00010000
2016-04-22,1.0000,-0.01465000,-0.01465000,-0.01465000
2016-04-25,1.0000,0.00001000,0.00001000,0.00001000
2016-04-26,1.0000,-0.00471000,-0.00471000,-0.00471000
2016-04-27,1.0000,-0.00814000,-0.00814000,-0.00814000
2016-04-28,1.0000,-0.01189000,-0.01189000,-0.01189000
2016-04-29,1.0000,-0.00518000,-0.00518000,-0.00518000
2016-05-02,1.0000,0.00924000,0.00924000,0.00924000
2016-05-03,1.0000,-0.00909000,-0.00909000,-0.00909000
2016-05-04,1.0000,-0.00674000,-0.00674000,-0.00674000
2016-05-05,1.0000,-0.00056000,-0.00056000,-0.00056000
2016-05-06,1.0000,0.00482000,0.00482000,0.00482000
2016-05-09,1.0000,0.00258000,0.00258000,0.00258000
2016-05-10,1.0000,0.01403000,0.01403000,0.01403000
2016-05-11,1.0000,-0.00929000,-0.00929000,-0.00929000
2016-05-12,1.0000,-0.00415000,-0.00415000,-0.00415000
2016-05-13,1.0000,-0.00372000,-0.00372000,-0.00372000
2016-05-16,1.0000,0.01249000,0.01249000,0.01249000
2016-05-17,1.0000,-0.01320000,-0.01320000,-0.01320000
2016-05-18,1.0000,0.00365000,0.00365000,0.00365000
2016-05-19,1.0000,-0.00520000,-0.00520000,-0.00520000
2016-05-20,1.0000,0.01099000,0.01099000,0.01099000
2016-05-23,1.0000,-0.00176000,-0.00176000,-0.00176000
2016-05-24,1.0000,0.02051000,0.02051000,0.02051000
2016-05-25,1.0000,0.00725000,0.00725000,0.00725000
2016-05-26,1.0000,0.00260000,0.00260000,0.00260000
2016-05-27,1.0000,0.00550000,0.00550000,0.00550000
2016-05-31,1.0000,0.00254000,0.00254000,0.00254000
2016-06-01,1.0000,-0.00082000,-0.00082000,-0.00082000
2016-06-02,1.0000,0.00252000,0.00252000,0.00252000
2016-06-03,1.0000,-0.00473000,-0.00473000,-0.00473000
2016-06-06,1.0000,0.00309000,0.00309000,0.00309000
2016-06-07,1.0000,-0.00231000,-0.00231000,-0.00231000
2016-06-08,1.0000,0.00169000,0.00169000,0.00169000
2016-06-09,1.0000,-0.00173000,-0.00173000,-0.00173000
2016-06-10,1.0000,-0.01142000,-0.01142000,-0.01142000
2016-06-13,1.0000,-0.00856000,-0.00856000,-0.00856000
2016-06-14,1.0000,0.00051000,0.00051000,0.00051000
2016-06-15,1.0000,-0.00346000,-0.00346000,-0.00346000
2016-06-16,1.0000,0.00336000,0.00336000,0.00336000
2016-06-17,1.0000,-0.01124000,-0.01124000,-0.01124000
2016-06-20,1.0000,0.00592000,0.00592000,0.00592000
2016-06-21,1.0000,0.00303000,0.00303000,0.00303000
2016-06-22,1.8206,-0.00398960,-0.00397201,-0.00194000
2016-06-23,1.0000,0.01385970,0.01385970,0.01427000
2016-06-24,2.0000,-0.08189770,-0.08187627,-0.04067000
2016-06-27,1.0000,-0.02023000,-0.02023000,-0.01973000
2016-06-28,1.0000,0.02131000,0.02131000,0.02131000
2016-06-29,1.0000,0.01733000,0.01733000,0.01733000
2016-06-30,1.0000,0.01216000,0.01216000,0.01216000
2016-07-01,1.0000,0.00449000,0.00449000,0.00449000
2016-07-05,1.0000,-0.00599000,-0.00599000,-0.00599000
2016-07-06,1.0000,0.00772000,0.00772000,0.00772000
2016-07-07,1.0000,0.00337000,0.00337000,0.00337000
2016-07-08,1.0000,0.01545000,0.01545000,0.01545000
2016-07-11,1.0000,0.00584000,0.00584000,0.00584000
2016-07-12,1.0000,0.00505000,0.00505000,0.00505000
2016-07-13,1.0000,-0.00256000,-0.00256000,-0.00256000
2016-07-14,1.0000,0.00675000,0.00675000,0.00675000
2016-07-15,1.0000,-0.00143000,-0.00143000,-0.00143000
2016-07-18,1.0000,0.00653000,0.00653000,0.00653000
2016-07-19,1.0000,-0.00353000,-0.00353000,-0.00353000
2016-07-20,1.0000,0.01174000,0.01174000,0.01174000
2016-07-21,1.0000,-0.00216000,-0.00216000,-0.00216000
2016-07-22,1.0000,0.00412000,0.00412000,0.00412000
2016-07-25,1.0000,-0.00001000,-0.00001000,-0.00001000
2016-07-26,1.2702,0.00156412,0.00156991,0.00135000
2016-07-27,1.4216,0.00929692,0.00930596,0.00661000
2016-07-28,1.6475,0.00637387,0.00638775,0.00396000
2016-07-29,1.8876,0.00339629,0.00341531,0.00189000
2016-08-01,2.0000,0.01084609,0.01086752,0.00548000
2016-08-02,2.0000,-0.01549770,-0.01547627,-0.00772000
2016-08-03,2.0000,0.00640230,0.00642373,0.00323000
2016-08-04,2.0000,0.00400230,0.00402373,0.00203000
2016-08-05,2.0000,0.01998230,0.02000373,0.01002000
2016-08-08,2.0000,-0.00271770,-0.00269627,-0.00133000
2016-08-09,2.0000,0.00458230,0.00460373,0.00232000
2016-08-10,2.0000,-0.00515770,-0.00513627,-0.00255000
2016-08-11,2.0000,0.00832230,0.00834373,0.00419000
2016-08-12,2.0000,0.00156230,0.00158373,0.00081000
2016-08-15,2.0000,0.00832230,0.00834373,0.00419000
2016-08-16,2.0000,-0.01241770,-0.01239627,-0.00618000
2016-08-17,2.0000,0.00344230,0.00346373,0.00175000
2016-08-18,2.0000,0.00134230,0.00136373,0.00070000
2016-08-19,2.0000,-0.00105770,-0.00103627,-0.00050000
2016-08-22,2.0000,0.00100230,0.00102373,0.00053000
2016-08-23,2.0000,0.00412230,0.00414373,0.00209000
2016-08-24,2.0000,-0.01453770,-0.01451627,-0.00724000
2016-08-25,2.0000,-0.00337770,-0.00335627,-0.00166000
2016-08-26,2.0000,0.00344230,0.00346373,0.00175000
2016-08-29,2.0000,0.00308230,0.00310373,0.00157000
2016-08-30,2.0000,-0.00631770,-0.00629627,-0.00313000
2016-08-31,2.0000,-0.00207770,-0.00205627,-0.00101000
2016-09-01,2.0000,0.00540230,0.00542373,0.00273000
2016-09-02,2.0000,0.00618230,0.00620373,0.00312000
2016-09-06,2.0000,0.01282230,0.01284373,0.00644000
2016-09-07,2.0000,0.00096230,0.00098373,0.00051000
2016-09-08,2.0000,-0.01153770,-0.01151627,-0.00574000
2016-09-09,2.0000,-0.05099770,-0.05097627,-0.02547000
2016-09-12,1.8824,0.03335897,0.03337788,0.01778000
2016-09-13,1.6232,-0.01436850,-0.01435515,-0.00875000
2016-09-14,1.6232,0.00798262,0.00799598,0.00494000
2016-09-15,1.6232,0.02525342,0.02526677,0.01558000
2016-09-16,1.4619,-0.00063358,-0.00062368,-0.00036000
2016-09-19,1.4619,-0.00666370,-0.00665380,-0.00454000
2016-09-20,1.4619,0.00279482,0.00280472,0.00193000
2016-09-21,1.4619,0.01476782,0.01477772,0.01012000
2016-09-22,1.4619,0.01133234,0.01134224,0.00777000
2016-09-23,1.4619,-0.00968984,-0.00967994,-0.00661000
2016-09-26,1.4619,-0.01255517,-0.01254527,-0.00857000
2016-09-27,1.3565,0.01391237,0.01392001,0.01031000
2016-09-28,1.3565,0.00239402,0.00240166,0.00178000
2016-09-29,1.3565,-0.01027580,-0.01026816,-0.00756000
2016-09-30,1.3565,0.01049240,0.01050004,0.00775000
2016-10-03,1.3565,-0.00251655,-0.00250891,-0.00184000
2016-10-04,1.3565,-0.00198751,-0.00197987,-0.00145000
2016-10-05,1.3565,0.00512061,0.00512825,0.00379000
2016-10-06,1.3565,-0.00105152,-0.00104388,-0.00076000
2016-10-07,1.3565,-0.00259794,-0.00259030,-0.00190000
2016-10-10,1.6251,0.00964518,0.00965857,0.00604000
2016-10-11,1.8490,-0.02726740,-0.02724921,-0.01466000
2016-10-12,1.7222,-0.00088006,-0.00086459,-0.00045000
2016-10-13,1.7222,-0.00591432,-0.00589884,-0.00341000
2016-10-14,1.9673,0.00206435,0.00208508,0.00114000
2016-10-17,1.9673,-0.00505275,-0.00503203,-0.00254000
2016-10-18,1.9673,0.01784662,0.01786734,0.00910000
2016-10-19,1.9673,-0.00127554,-0.00125481,-0.00062000
2016-10-20,1.9673,-0.00159031,-0.00156958,-0.00078000
2016-10-21,1.9673,0.00779371,0.00781444,0.00399000
2016-10-24,1.9673,0.02355179,0.02357251,0.01200000
2016-10-25,1.9673,-0.00743319,-0.00741246,-0.00375000
2016-10-26,1.9673,-0.01243013,-0.01240940,-0.00629000
2016-10-27,1.9673,-0.00977427,-0.00975354,-0.00494000
2016-10-28,1.9673,-0.01256784,-0.01254711,-0.00636000
2016-10-31,1.9673,-0.00178704,-0.00176631,-0.00088000
2016-11-01,1.9673,-0.01408266,-0.01406193,-0.00713000
2016-11-02,1.9673,-0.01652211,-0.01650138,-0.00837000
2016-11-03,1.9673,-0.01990587,-0.01988514,-0.01009000
2016-11-04,1.9673,-0.00784632,-0.00782559,-0.00396000
2016-11-07,1.9673,0.04780859,0.04782932,0.02433000
2016-11-08,1.4964,0.00955239,0.00956303,0.00656000
2016-11-09,1.5994,0.00669523,0.00670807,0.00424000
2016-11-10,1.5994,-0.02589622,-0.02588338,-0.01617000
2016-11-11,1.4481,0.00143354,0.00144314,0.00106000
2016-11-14,1.4481,-0.01520219,-0.01519259,-0.01048000
2016-11-15,1.4481,0.01923419,0.01924379,0.01330000
2016-11-16,1.4481,0.00846015,0.00846975,0.00586000
2016-11-17,1.4481,0.01038615,0.01039576,0.00719000
2016-11-18,1.3297,-0.00515767,-0.00515061,-0.00382000
2016-11-21,1.3297,0.01410234,0.01410941,0.01062000
2016-11-22,1.3297,0.00407644,0.00408350,0.00308000
2016-11-23,1.3297,-0.00544418,-0.00543712,-0.00408000
2016-11-25,1.3297,0.00443546,0.00444252,0.00335000
2016-11-28,1.3297,-0.00354272,-0.00353565,-0.00265000
2016-11-29,1.3297,0.00444875,0.00445582,0.00336000
2016-11-30,1.3297,-0.01701253,-0.01700547,-0.01278000
2016-12-01,1.3297,-0.02118778,-0.02118071,-0.01592000
2016-12-02,1.3297,0.00149683,0.00150390,0.00114000
2016-12-05,1.3297,0.01088448,0.01089155,0.00820000
2016-12-06,1.3297,0.00294620,0.00295326,0.00223000
2016-12-07,1.5182,0.01997639,0.01998750,0.01324000
2016-12-08,1.5182,0.00227772,0.00228882,0.00152000
2016-12-09,1.5182,0.01147781,0.01148891,0.00758000
2016-12-12,1.5182,-0.00669465,-0.00668355,-0.00439000
2016-12-13,1.5182,0.01917491,0.01918601,0.01265000
2016-12-14,1.5182,-0.00449331,-0.00448220,-0.00294000
2016-12-15,1.6408,0.00400375,0.00401748,0.00250000
2016-12-16,1.6408,-0.00617365,-0.00615992,-0.00374000
2016-12-19,1.6408,0.00667399,0.00668772,0.00409000
2016-12-20,1.6408,0.00629660,0.00631033,0.00386000
2016-12-21,1.7646,-0.00180000,-0.00178361,-0.00096000
2016-12-22,1.7646,-0.00517906,-0.00516267,-0.00291000
2016-12-23,1.7646,0.00200280,0.00201919,0.00116000
2016-12-27,1.7646,0.00920231,0.00921869,0.00524000
2016-12-28,1.7646,-0.01403727,-0.01402088,-0.00793000
2016-12-29,1.7646,-0.00286745,-0.00285107,-0.00160000
2016-12-30,1.8753,-0.02090306,-0.02088430,-0.01109000
2017-01-03,2.0000,0.01953996,0.01956139,0.00983000
2017-01-04,2.0000,0.01052230,0.01054373,0.00529000
2017-01-05,2.0000,0.01122230,0.01124373,0.00564000
2017-01-06,2.0000,0.01696230,0.01698373,0.00851000
2017-01-09,2.0000,0.00710230,0.00712373,0.00358000
2017-01-10,2.0000,0.00408230,0.00410373,0.00207000
2017-01-11,2.0000,0.00596230,0.00598373,0.00301000
2017-01-12,2.0000,-0.00347770,-0.00345627,-0.00171000
2017-01-13,2.0000,0.00716230,0.00718373,0.00361000
2017-01-17,2.0000,-0.00587770,-0.00585627,-0.00291000
2017-01-18,2.0000,0.00442230,0.00444373,0.00224000
2017-01-19,2.0000,-0.00185770,-0.00183627,-0.00090000
2017-01-20,2.0000,0.00476230,0.00478373,0.00241000
2017-01-23,2.0000,0.00098230,0.00100373,0.00052000
2017-01-24,2.0000,0.01394230,0.01396373,0.00700000
2017-01-25,2.0000,0.01976230,0.01978373,0.00991000
2017-01-26,2.0000,0.00210230,0.00212373,0.00108000
2017-01-27,2.0000,0.00430230,0.00432373,0.00218000
2017-01-30,2.0000,-0.01499770,-0.01497627,-0.00747000
2017-01-31,2.0000,-0.00489770,-0.00487627,-0.00242000
2017-02-01,2.0000,0.01402230,0.01404373,0.00704000
2017-02-02,2.0000,-0.00193770,-0.00191627,-0.00094000
2017-02-03,2.0000,0.00538230,0.00540373,0.00272000
2017-02-06,2.0000,0.00246230,0.00248373,0.00126000
2017-02-07,2.0000,0.00692230,0.00694373,0.00349000
2017-02-08,2.0000,0.00412230,0.00414373,0.00209000
2017-02-09,2.0000,0.00598230,0.00600373,0.00302000
2017-02-10,2.0000,0.00556230,0.00558373,0.00281000
2017-02-13,2.0000,0.01152230,0.01154373,0.00579000
2017-02-14,2.0000,0.00540230,0.00542373,0.00273000
2017-02-15,2.0000,0.01188230,0.01190373,0.00597000
2017-02-16,2.0000,-0.00067770,-0.00065627,-0.00031000
2017-02-17,2.0000,0.00908230,0.00910373,0.00457000
2017-02-21,2.0000,0.00976230,0.00978373,0.00491000
2017-02-22,2.0000,0.00052230,0.00054373,0.00029000
2017-02-23,2.0000,-0.00739770,-0.00737627,-0.00367000
2017-02-24,2.0000,0.00410230,0.00412373,0.00208000
2017-02-27,2.0000,0.00158230,0.00160373,0.00082000
2017-02-28,2.0000,-0.00645770,-0.00643627,-0.00320000
2017-03-01,2.0000,0.02276230,0.02278373,0.01141000
2017-03-02,2.0000,-0.01029770,-0.01027627,-0.00512000
2017-03-03,2.0000,0.00380230,0.00382373,0.00193000
2017-03-06,2.0000,-0.00491770,-0.00489627,-0.00243000
2017-03-07,2.0000,-0.00337770,-0.00335627,-0.00166000
2017-03-08,2.0000,0.00318230,0.00320373,0.00162000
2017-03-09,2.0000,0.00154230,0.00156373,0.00080000
2017-03-10,2.0000,0.00816230,0.00818373,0.00411000
2017-03-13,2.0000,0.00320230,0.00322373,0.00163000
2017-03-14,2.0000,-0.00459770,-0.00457627,-0.00227000
2017-03-15,2.0000,0.01266230,0.01268373,0.00636000
2017-03-16,2.0000,-0.00155770,-0.00153627,-0.00075000
2017-03-17,2.0000,-0.00123770,-0.00121627,-0.00059000
2017-03-20,2.0000,0.00168230,0.00170373,0.00087000
2017-03-21,2.0000,-0.02985770,-0.02983627,-0.01490000
2017-03-22,2.0000,0.01312230,0.01314373,0.00659000
2017-03-23,2.0000,-0.00463770,-0.00461627,-0.00229000
2017-03-24,2.0000,0.00330230,0.00332373,0.00168000
2017-03-27,2.0000,0.00382230,0.00384373,0.00194000
2017-03-28,2.0000,0.01224230,0.01226373,0.00615000
2017-03-29,2.0000,0.00852230,0.00854373,0.00429000
2017-03-30,2.0000,0.00348230,0.00350373,0.00177000
2017-03-31,2.0000,-0.00129770,-0.00127627,-0.00062000
2017-04-03,2.0000,-0.00149770,-0.00147627,-0.00072000
2017-04-04,2.0000,0.00302230,0.00304373,0.00154000
2017-04-05,2.0000,-0.00805770,-0.00803627,-0.00400000
2017-04-06,2.0000,0.00086230,0.00088373,0.00046000
2017-04-07,2.0000,-0.00093770,-0.00091627,-0.00044000
2017-04-10,2.0000,0.00120230,0.00122373,0.00063000
2017-04-11,2.0000,-0.00859770,-0.00857627,-0.00427000
2017-04-12,2.0000,-0.00791770,-0.00789627,-0.00393000
2017-04-13,2.0000,-0.00873770,-0.00871627,-0.00434000
2017-04-17,2.0000,0.01702230,0.01704373,0.00854000
2017-04-18,2.0000,-0.00279770,-0.00277627,-0.00137000
2017-04-19,2.0000,0.00294230,0.00296373,0.00150000
2017-04-20,2.0000,0.01624230,0.01626373,0.00815000
2017-04-21,2.0000,-0.00055770,-0.00053627,-0.00025000
2017-04-24,2.0000,0.02424230,0.02426373,0.01215000
2017-04-25,2.0000,0.01458230,0.01460373,0.00732000
2017-04-26,2.0000,-0.00257770,-0.00255627,-0.00126000
2017-04-27,2.0000,0.01088230,0.01090373,0.00547000
2017-04-28,2.0000,0.00438230,0.00440373,0.00222000
2017-05-01,2.0000,0.01650230,0.01652373,0.00828000
2017-05-02,2.0000,0.00512230,0.00514373,0.00259000
2017-05-03,2.0000,-0.00671770,-0.00669627,-0.00333000
2017-05-04,2.0000,0.00040230,0.00042373,0.00023000
2017-05-05,2.0000,0.00702230,0.00704373,0.00354000
2017-05-08,2.0000,0.00458230,0.00460373,0.00232000
2017-05-09,2.0000,0.00678230,0.00680373,0.00342000
2017-05-10,2.0000,0.00118230,0.00120373,0.00062000
2017-05-11,2.0000,-0.00263770,-0.00261627,-0.00129000
2017-05-12,2.0000,0.00442230,0.00444373,0.00224000
2017-05-15,2.0000,0.00620230,0.00622373,0.00313000
2017-05-16,2.0000,0.00698230,0.00700373,0.00352000
2017-05-17,2.0000,-0.05027770,-0.05025627,-0.02511000
2017-05-18,1.7055,0.01383115,0.01384627,0.00822000
2017-05-19,1.7055,0.00765105,0.00766616,0.00451000
2017-05-22,1.7055,0.01443889,0.01445401,0.00849000
2017-05-23,1.7055,0.00118725,0.00120236,0.00072000
2017-05-24,1.7055,0.00806036,0.00807548,0.00475000
2017-05-25,1.7055,0.01430245,0.01431757,0.00841000
2017-05-26,1.7055,0.00294390,0.00295902,0.00175000
2017-05-30,1.7055,0.00185239,0.00186750,0.00111000
2017-05-31,1.7055,-0.00171208,-0.00169697,-0.00098000
2017-06-01,1.8064,0.00859176,0.00860904,0.00481000
2017-06-02,1.8064,0.02016699,0.02018427,0.01119000
2017-06-05,1.6928,-0.00101088,-0.00099603,-0.00054000
2017-06-06,1.6928,-0.00615084,-0.00613599,-0.00361000
2017-06-07,1.6928,0.00602011,0.00603496,0.00358000
2017-06-08,1.6928,0.00222833,0.00224317,0.00134000
2017-06-09,1.6928,-0.04124176,-0.04122691,-0.02434000
2017-06-12,1.3613,-0.00816406,-0.00815632,-0.00586000
2017-06-13,1.3613,0.01042070,0.01042844,0.00767000
2017-06-14,1.3613,-0.00584742,-0.00583968,-0.00428000
2017-06-15,1.3613,-0.00621499,-0.00620725,-0.00455000
2017-06-16,1.6471,-0.00574738,-0.00573351,-0.00338000
2017-06-19,1.6471,0.02631614,0.02633001,0.01600000
2017-06-20,1.5359,-0.01226638,-0.01225490,-0.00793000
2017-06-21,1.5359,0.01505185,0.01506333,0.00982000
2017-06-22,1.5359,-0.00066065,-0.00064917,-0.00041000
2017-06-23,1.5359,0.00617421,0.00618569,0.00404000
2017-06-26,1.5359,-0.00674291,-0.00673143,-0.00437000
2017-06-27,1.5359,-0.02816905,-0.02815756,-0.01832000
2017-06-28,1.3604,0.01945361,0.01946133,0.01438000
2017-06-29,1.3604,-0.02363688,-0.02362916,-0.01736000
2017-06-30,1.2007,-0.00136413,-0.00135983,-0.00106000
2017-07-03,1.2007,-0.01060134,-0.01059704,-0.00882000
2017-07-05,1.2007,0.01114250,0.01114680,0.00929000
2017-07-06,1.2007,-0.01080545,-0.01080115,-0.00899000
2017-07-07,1.2007,0.01258328,0.01258758,0.01049000
2017-07-10,1.2007,0.00802080,0.00802510,0.00669000
2017-07-11,1.3130,0.00356275,0.00356945,0.00277000
2017-07-12,1.3130,0.01590846,0.01591516,0.01213000
2017-07-13,1.3130,0.00329067,0.00329737,0.00252000
2017-07-14,1.3130,0.01014445,0.01015116,0.00774000
2017-07-17,1.3130,0.00038897,0.00039567,0.00031000
2017-07-18,1.3130,0.00909406,0.00910077,0.00694000
2017-07-19,1.3130,0.00806993,0.00807664,0.00616000
2017-07-20,1.3130,0.00113737,0.00114408,0.00088000
2017-07-21,1.3130,0.00008698,0.00009369,0.00008000
2017-07-24,1.3130,0.00440670,0.00441341,0.00337000
2017-07-25,1.4144,-0.00259220,-0.00258332,-0.00178000
2017-07-26,1.4144,0.00479913,0.00480801,0.00341000
2017-07-27,1.6004,-0.00915411,-0.00914125,-0.00564000
2017-07-28,1.7236,-0.00243021,-0.00241470,-0.00135000
2017-07-31,2.0000,-0.00981589,-0.00979447,-0.00481000
2017-08-01,2.0000,0.00504230,0.00506373,0.00255000
2017-08-02,2.0000,0.00646230,0.00648373,0.00326000
2017-08-03,2.0000,-0.00779770,-0.00777627,-0.00387000
2017-08-04,2.0000,0.00294230,0.00296373,0.00150000
2017-08-07,2.0000,0.01180230,0.01182373,0.00593000
2017-08-08,2.0000,-0.00283770,-0.00281627,-0.00139000
2017-08-09,2.0000,-0.00235770,-0.00233627,-0.00115000
2017-08-10,2.0000,-0.04433770,-0.04431627,-0.02214000
2017-08-11,2.0000,0.01496230,0.01498373,0.00751000
2017-08-14,2.0000,0.02628230,0.02630373,0.01317000
2017-08-15,1.8090,-0.00023264,-0.00021531,-0.00005000
2017-08-16,1.8090,0.00295621,0.00297355,0.00166000
2017-08-17,1.8090,-0.03702201,-0.03700467,-0.02044000
2017-08-18,1.5539,-0.00157357,-0.00156169,-0.00091000
2017-08-21,1.5539,-0.00116634,-0.00115447,-0.00073000
2017-08-22,1.5539,0.02330834,0.02332021,0.01502000
2017-08-23,1.4437,-0.00535007,-0.00534056,-0.00365000
2017-08-24,1.4437,-0.00426993,-0.00426042,-0.00294000
2017-08-25,1.4437,-0.00294177,-0.00293226,-0.00202000
2017-08-28,1.4437,0.00385782,0.00386733,0.00269000
2017-08-29,1.4437,0.00596555,0.00597506,0.00415000
2017-08-30,1.4437,0.01742813,0.01743764,0.01209000
2017-08-31,1.4437,0.01355915,0.01356866,0.00941000
2017-09-01,1.4437,-0.00015553,-0.00014602,-0.00009000
2017-09-05,1.4437,-0.01329274,-0.01328323,-0.00919000
2017-09-06,1.4437,0.00449303,0.00450253,0.00313000
2017-09-07,1.3428,0.00293755,0.00294489,0.00224000
2017-09-08,1.3428,-0.01146005,-0.01145270,-0.00852000
2017-09-11,1.5419,0.01741572,0.01742733,0.01138000
2017-09-12,1.5419,0.00390052,0.00391213,0.00255000
2017-09-13,1.5419,0.00225071,0.00226232,0.00148000
2017-09-14,1.5419,-0.00912833,-0.00911672,-0.00590000
2017-09-15,1.5419,0.00496441,0.00497602,0.00324000
2017-09-18,1.9210,-0.00241339,-0.00239366,-0.00113000
2017-09-19,1.9210,0.00319331,0.00321305,0.00169000
2017-09-20,1.9210,-0.00560476,-0.00558503,-0.00289000
2017-09-21,1.9210,-0.01244344,-0.01242370,-0.00645000
2017-09-22,1.9210,-0.00084074,-0.00082100,-0.00041000
2017-09-25,1.9210,-0.02104941,-0.02102968,-0.01093000
2017-09-26,1.9210,0.00457641,0.00459615,0.00241000
2017-09-27,1.9210,0.01842666,0.01844639,0.00962000
2017-09-28,1.9210,-0.00153229,-0.00151256,-0.00077000
2017-09-29,1.9210,0.01496890,0.01498863,0.00782000
2017-10-02,1.9210,0.00083051,0.00085025,0.00046000
2017-10-03,1.9210,0.00421143,0.00423116,0.00222000
2017-10-04,1.9210,0.00119550,0.00121523,0.00065000
2017-10-05,1.9210,0.01865717,0.01867691,0.00974000
2017-10-06,1.9210,0.00234808,0.00236782,0.00125000
2017-10-09,1.9210,-0.00191649,-0.00189675,-0.00097000
2017-10-10,1.9210,0.00157969,0.00159943,0.00085000
2017-10-11,1.9210,0.00561374,0.00563348,0.00295000
2017-10-12,1.9210,-0.00356853,-0.00354879,-0.00183000
2017-10-13,1.9210,0.00709289,0.00711263,0.00372000
2017-10-16,1.9210,0.00695843,0.00697816,0.00365000
2017-10-17,1.9210,0.00254018,0.00255991,0.00135000
2017-10-18,1.9210,-0.00260804,-0.00258830,-0.00133000
2017-10-19,1.9210,-0.00683419,-0.00681445,-0.00353000
2017-10-20,1.9210,0.00509508,0.00511481,0.00268000
2017-10-23,1.9210,-0.01290447,-0.01288474,-0.00669000
2017-10-24,1.9210,0.00392328,0.00394302,0.00207000
2017-10-25,1.9210,-0.00796756,-0.00794783,-0.00412000
2017-10-26,1.9210,-0.00545108,-0.00543135,-0.00281000
2017-10-27,1.9210,0.05586649,0.05588623,0.02911000
2017-10-30,1.7300,0.00384130,0.00385694,0.00230000
2017-10-31,1.7300,0.00582247,0.00583811,0.00339000
2017-11-01,1.7300,0.00002708,0.00004272,0.00004000
2017-11-02,1.7300,-0.00339825,-0.00338261,-0.00194000
2017-11-03,1.7300,0.01640987,0.01642551,0.00951000
2017-11-06,1.7300,0.00495749,0.00497313,0.00289000
2017-11-07,1.7300,0.00196464,0.00198029,0.00116000
2017-11-08,1.7300,0.00684315,0.00685879,0.00398000
2017-11-09,1.7300,-0.00915905,-0.00914340,-0.00527000
2017-11-10,1.7300,-0.00085520,-0.00083956,-0.00047000
2017-11-13,1.7300,0.00194734,0.00196299,0.00115000
2017-11-14,1.7300,-0.00616620,-0.00615056,-0.00354000
2017-11-15,1.7300,-0.00969533,-0.00967969,-0.00558000
2017-11-16,1.7300,0.02232636,0.02234200,0.01293000
2017-11-17,1.5771,-0.00619722,-0.00618485,-0.00386000
2017-11-20,1.5771,-0.00146842,-0.00145606,-0.00091000
2017-11-21,1.5771,0.01750367,0.01751603,0.01112000
2017-11-22,1.5771,0.00185918,0.00187155,0.00120000
2017-11-24,1.5771,0.00572299,0.00573536,0.00365000
2017-11-27,1.5771,-0.00080606,-0.00079369,-0.00049000
2017-11-28,2.0000,0.00495083,0.00497226,0.00261000
2017-11-29,2.0000,-0.03463770,-0.03461627,-0.01729000
2017-11-30,2.0000,0.01716230,0.01718373,0.00861000
2017-12-01,1.8847,-0.00826963,-0.00825068,-0.00433000
2017-12-04,1.8847,-0.02206491,-0.02204595,-0.01168000
2017-12-05,1.8847,0.00042014,0.00043910,0.00025000
2017-12-06,1.8847,0.00839262,0.00841158,0.00448000
2017-12-07,1.8847,0.00696021,0.00697917,0.00372000
2017-12-08,1.8847,0.00843032,0.00844928,0.00450000
2017-12-11,1.8847,0.01464999,0.01466895,0.00780000
2017-12-12,1.7658,-0.00289357,-0.00287716,-0.00158000
2017-12-13,1.7658,0.00304588,0.00306229,0.00175000
2017-12-14,1.7658,-0.00131552,-0.00129911,-0.00072000
2017-12-15,1.7658,0.02110952,0.02112593,0.01198000
2017-12-18,1.7658,0.01281049,0.01282690,0.00728000
2017-12-19,1.7658,-0.00883763,-0.00882122,-0.00498000
2017-12-20,1.7658,-0.00223371,-0.00221731,-0.00124000
2017-12-21,1.8809,0.00000447,0.00002335,0.00006000
2017-12-22,1.8809,-0.00219500,-0.00217613,-0.00114000
2017-12-26,1.8809,-0.00932345,-0.00930457,-0.00493000
2017-12-27,1.8809,0.00056986,0.00058873,0.00033000
2017-12-28,1.8809,0.00183003,0.00184891,0.00100000
2017-12-29,2.0000,-0.01403727,-0.01401584,-0.00696000
2018-01-02,2.0000,0.03592230,0.03594373,0.01799000
2018-01-03,2.0000,0.01978230,0.01980373,0.00992000
2018-01-04,2.0000,0.00266230,0.00268373,0.00136000
2018-01-05,2.0000,0.02086230,0.02088373,0.01046000
2018-01-08,1.8575,0.00643643,0.00645481,0.00353000
2018-01-09,1.8575,0.00035918,0.00037756,0.00022000
2018-01-10,1.8575,-0.00424753,-0.00422916,-0.00226000
2018-01-11,1.8575,0.01276759,0.01278597,0.00690000
2018-01-12,1.8575,0.01384497,0.01386334,0.00748000
2018-01-16,1.8575,-0.00588217,-0.00586380,-0.00314000
2018-01-17,1.8575,0.02016063,0.02017900,0.01088000
2018-01-18,1.8575,0.00030345,0.00032183,0.00019000
2018-01-19,1.8575,0.00624760,0.00626598,0.00339000
2018-01-22,1.8575,0.01954764,0.01956601,0.01055000
2018-01-23,1.8575,0.01536816,0.01538653,0.00830000
2018-01-24,1.7511,-0.01114586,-0.01112977,-0.00631000
2018-01-25,1.7511,-0.00077879,-0.00076269,-0.00042000
2018-01-26,1.7511,0.02701079,0.02702688,0.01545000
2018-01-29,1.5723,-0.00784222,-0.00782996,-0.00491000
2018-01-30,1.5723,-0.01295699,-0.01294473,-0.00822000
2018-01-31,1.5723,0.00436931,0.00438157,0.00280000
2018-02-01,1.7660,-0.01241474,-0.01239832,-0.00695000
2018-02-02,1.7660,-0.03614115,-0.03612474,-0.02044000
2018-02-05,1.5084,-0.05910540,-0.05909450,-0.03908000
2018-02-06,1.0500,0.02727881,0.02727989,0.02620000
2018-02-07,1.0500,-0.01320181,-0.01320073,-0.01257000
2018-02-08,1.0500,-0.04399928,-0.04399821,-0.04190000
2018-02-09,1.0500,0.01776368,0.01776475,0.01692000
2018-02-12,1.0500,0.01822569,0.01822676,0.01736000
2018-02-13,1.0500,0.00484827,0.00484934,0.00462000
2018-02-14,1.0500,0.01943323,0.01943430,0.01851000
2018-02-15,1.0500,0.01887671,0.01887778,0.01798000
2018-02-16,1.0500,-0.00373050,-0.00372943,-0.00355000
2018-02-20,1.0500,0.00142516,0.00142623,0.00136000
2018-02-21,1.0500,-0.00314249,-0.00314141,-0.00299000
2018-02-22,1.0500,0.00042763,0.00042870,0.00041000
2018-02-23,1.0500,0.02094528,0.02094635,0.01995000
2018-02-26,1.0500,0.01410956,0.01411063,0.01344000
2018-02-27,1.0500,-0.01330681,-0.01330574,-0.01267000
2018-02-28,1.0500,-0.00696461,-0.00696354,-0.00663000
2018-03-01,1.0500,-0.01588989,-0.01588882,-0.01513000
2018-03-02,1.0500,0.00943691,0.00943798,0.00899000
2018-03-05,1.0500,0.01085446,0.01085553,0.01034000
2018-03-06,1.0500,0.00486927,0.00487034,0.00464000
2018-03-07,1.0500,0.00250669,0.00250776,0.00239000
2018-03-08,1.0500,0.00563579,0.00563686,0.00537000
2018-03-09,1.0500,0.02033626,0.02033733,0.01937000
2018-03-12,1.0500,0.00444925,0.00445033,0.00424000
2018-03-13,1.0500,-0.01243528,-0.01243421,-0.01184000
2018-03-14,1.0500,-0.00080091,-0.00079984,-0.00076000
2018-03-15,1.0500,-0.00147293,-0.00147186,-0.00140000
2018-03-16,1.0500,-0.00161994,-0.00161887,-0.00154000
2018-03-19,1.0500,-0.02317712,-0.02317605,-0.02207000
2018-03-20,1.0500,0.00324172,0.00324279,0.00309000
2018-03-21,1.0500,-0.00492754,-0.00492647,-0.00469000
2018-03-22,1.0500,-0.02620122,-0.02620015,-0.02495000
2018-03-23,1.0500,-0.02734575,-0.02734468,-0.02604000
2018-03-26,1.0500,0.03966737,0.03966844,0.03778000
2018-03-27,1.0500,-0.03480099,-0.03479992,-0.03314000
2018-03-28,1.0500,-0.01108074,-0.01107967,-0.01055000
2018-03-29,1.0500,0.01958023,0.01958131,0.01865000
2018-04-02,1.0500,-0.03033835,-0.03033728,-0.02889000
2018-04-03,1.0500,0.01119047,0.01119154,0.01066000
2018-04-04,1.0500,0.01648264,0.01648371,0.01570000
2018-04-05,1.0500,0.00559379,0.00559486,0.00533000
2018-04-06,1.0500,-0.02570770,-0.02570663,-0.02448000
2018-04-09,1.0500,0.00641282,0.00641389,0.00611000
2018-04-10,1.0500,0.02330785,0.02330892,0.02220000
2018-04-11,1.0500,-0.00512705,-0.00512598,-0.00488000
2018-04-12,1.0500,0.01163148,0.01163255,0.01108000
2018-04-13,1.0500,-0.00438153,-0.00438045,-0.00417000
2018-04-16,1.0500,0.00744185,0.00744292,0.00709000
2018-04-17,1.0500,0.02223682,0.02223789,0.02118000
2018-04-18,1.0500,0.00261170,0.00261277,0.00249000
2018-04-19,1.0500,-0.00893867,-0.00893760,-0.00851000
2018-04-20,1.0500,-0.01658291,-0.01658184,-0.01579000
2018-04-23,1.0500,-0.00296398,-0.00296291,-0.00282000
2018-04-24,1.0500,-0.02205359,-0.02205251,-0.02100000
2018-04-25,1.0500,0.00081614,0.00081721,0.00078000
2018-04-26,1.0500,0.02190081,0.02190188,0.02086000
2018-04-27,1.0500,0.00107865,0.00107972,0.00103000
2018-04-30,1.0500,-0.00799364,-0.00799257,-0.00761000
2018-05-01,1.0500,0.01216700,0.01216807,0.01159000
2018-05-02,1.0500,-0.00587257,-0.00587150,-0.00559000
2018-05-03,1.0500,-0.00013939,-0.00013832,-0.00013000
2018-05-04,1.0500,0.01988474,0.01988582,0.01894000
2018-05-07,1.0500,0.00820837,0.00820945,0.00782000
2018-05-08,1.0500,-0.00095842,-0.00095734,-0.00091000
2018-05-09,1.0500,0.01199899,0.01200007,0.01143000
2018-05-10,1.0500,0.01073895,0.01074003,0.01023000
2018-05-11,1.0500,-0.00163044,-0.00162937,-0.00155000
2018-05-14,1.0500,0.00180317,0.00180424,0.00172000
2018-05-15,1.0500,-0.01140625,-0.01140518,-0.01086000
2018-05-16,1.0500,0.00633931,0.00634039,0.00604000
2018-05-17,1.0500,-0.00427652,-0.00427545,-0.00407000
2018-05-18,1.0500,-0.00535806,-0.00535698,-0.00510000
2018-05-21,1.0500,0.00602430,0.00602538,0.00574000
2018-05-22,1.0500,-0.00178794,-0.00178687,-0.00170000
2018-05-23,1.0500,0.00916390,0.00916498,0.00873000
2018-05-24,1.0500,-0.00056990,-0.00056883,-0.00054000
2018-05-25,1.0500,0.00171917,0.00172024,0.00164000
2018-05-29,1.0500,-0.00516905,-0.00516798,-0.00492000
2018-05-30,1.0500,0.00757835,0.00757943,0.00722000
2018-05-31,1.0500,-0.00127343,-0.00127235,-0.00121000
2018-06-01,1.0500,0.01753267,0.01753374,0.01670000
2018-06-04,1.0500,0.00885939,0.00886047,0.00844000
2018-06-05,1.0500,0.00343072,0.00343179,0.00327000
2018-06-06,1.0500,0.00637082,0.00637189,0.00607000
2018-06-07,1.0500,-0.00831915,-0.00831808,-0.00792000
2018-06-08,1.0500,-0.00001339,-0.00001232,-0.00001000
2018-06-11,1.0500,0.00234919,0.00235026,0.00224000
2018-06-12,1.0500,0.00598230,0.00598337,0.00570000
2018-06-13,1.0500,-0.00054890,-0.00054783,-0.00052000
2018-06-14,1.0500,0.01085446,0.01085553,0.01034000
2018-06-15,1.0500,-0.00341550,-0.00341442,-0.00325000
2018-06-18,1.0500,-0.00061191,-0.00061083,-0.00058000
2018-06-19,1.0500,-0.00336299,-0.00336192,-0.00320000
2018-06-20,1.0500,0.00767286,0.00767393,0.00731000
2018-06-21,1.0500,-0.00909618,-0.00909510,-0.00866000
2018-06-22,1.0500,-0.00287998,-0.00287891,-0.00274000
2018-06-25,1.0500,-0.02321912,-0.02321805,-0.02211000
2018-06-26,1.0500,0.00450176,0.00450283,0.00429000
2018-06-27,1.0500,-0.01461935,-0.01461828,-0.01392000
2018-06-28,1.0500,0.00935291,0.00935398,0.00891000
2018-06-29,1.0500,0.00139366,0.00139473,0.00133000
2018-07-02,1.0500,0.00852338,0.00852446,0.00812000
2018-07-03,1.0500,-0.01229878,-0.01229770,-0.01171000
2018-07-05,1.0500,0.01297552,0.01297660,0.01236000
2018-07-06,1.0500,0.01573711,0.01573818,0.01499000
2018-07-09,1.0500,0.01002493,0.01002600,0.00955000
2018-07-10,1.0500,0.00097364,0.00097472,0.00093000
2018-07-11,1.0500,-0.00554706,-0.00554599,-0.00528000
2018-07-12,1.0500,0.01774268,0.01774375,0.01690000
2018-07-13,1.0500,0.00138316,0.00138423,0.00132000
2018-07-16,1.0500,-0.00253347,-0.00253239,-0.00241000
2018-07-17,1.0500,0.00658082,0.00658189,0.00627000
2018-07-18,1.0500,-0.00192445,-0.00192338,-0.00183000
2018-07-19,1.0500,-0.00534756,-0.00534648,-0.00509000
2018-07-20,1.0500,-0.00028640,-0.00028532,-0.00027000
2018-07-23,1.0500,0.00310521,0.00310628,0.00296000
2018-07-24,1.0500,0.00493227,0.00493334,0.00470000
2018-07-25,1.0500,0.01452957,0.01453065,0.01384000
2018-07-26,1.0500,-0.01506036,-0.01505929,-0.01434000
2018-07-27,1.0500,-0.01472435,-0.01472328,-0.01402000
2018-07-30,1.0500,-0.01490286,-0.01490179,-0.01419000
2018-07-31,1.0500,0.00569879,0.00569987,0.00543000
2018-08-01,1.0500,0.00596130,0.00596237,0.00568000
2018-08-02,1.0500,0.01435107,0.01435214,0.01367000
2018-08-03,1.0500,0.00334672,0.00334779,0.00319000
2018-08-06,1.0500,0.00620281,0.00620388,0.00591000
2018-08-07,1.0500,0.00335722,0.00335829,0.00320000
2018-08-08,1.0500,0.00099464,0.00099572,0.00095000
2018-08-09,1.0500,-0.00033890,-0.00033783,-0.00032000
2018-08-10,1.0500,-0.00822465,-0.00822358,-0.00783000
2018-08-13,1.0500,-0.00098992,-0.00098885,-0.00094000
2018-08-14,1.0500,0.00654932,0.00655039,0.00624000
2018-08-15,1.0500,-0.01302330,-0.01302223,-0.01240000
2018-08-16,1.0500,0.00282170,0.00282277,0.00269000
2018-08-17,1.0500,0.00048013,0.00048120,0.00046000
2018-08-20,1.0500,-0.00085341,-0.00085234,-0.00081000
2018-08-21,1.0500,0.00370373,0.00370480,0.00353000
2018-08-22,1.0500,0.00390324,0.00390431,0.00372000
2018-08-23,1.0500,-0.00150443,-0.00150336,-0.00143000
2018-08-24,1.0500,0.01016144,0.01016251,0.00968000
2018-08-27,1.0500,0.01036094,0.01036201,0.00987000
2018-08-28,1.0500,0.00156166,0.00156273,0.00149000
2018-08-29,1.0500,0.01249251,0.01249358,0.01190000
2018-08-30,1.0500,-0.00237596,-0.00237489,-0.00226000
2018-08-31,1.0500,0.00165617,0.00165724,0.00158000
2018-09-04,1.0500,-0.00440253,-0.00440145,-0.00419000
2018-09-05,1.0500,-0.01362182,-0.01362075,-0.01297000
2018-09-06,1.0500,-0.00975770,-0.00975662,-0.00929000
2018-09-07,1.0500,-0.00320549,-0.00320442,-0.00305000
2018-09-10,1.0500,0.00248569,0.00248676,0.00237000
2018-09-11,1.0500,0.00851288,0.00851396,0.00811000
2018-09-12,1.0500,-0.00274347,-0.00274240,-0.00261000
2018-09-13,1.0500,0.01035044,0.01035151,0.00986000
2018-09-14,1.0500,-0.00222896,-0.00222789,-0.00212000
2018-09-17,1.0500,-0.01539637,-0.01539530,-0.01466000
2018-09-18,1.0500,0.00844988,0.00845095,0.00805000
2018-09-19,1.0500,-0.00054890,-0.00054783,-0.00052000
2018-09-20,1.0500,0.01105396,0.01105504,0.01053000
2018-09-21,1.0500,-0.00524255,-0.00524148,-0.00499000
2018-09-24,1.0500,0.00248569,0.00248676,0.00237000
2018-09-25,1.0500,0.00203418,0.00203525,0.00194000
2018-09-26,1.0500,0.00000761,0.00000869,0.00001000
2018-09-27,1.0500,0.00924791,0.00924898,0.00881000
2018-09-28,1.0500,-0.00024439,-0.00024332,-0.00023000
2018-10-01,1.0500,0.00247519,0.00247626,0.00236000
2018-10-02,1.0500,-0.00233396,-0.00233289,-0.00222000
2018-10-03,1.0500,0.00127815,0.00127923,0.00122000
2018-10-04,1.0500,-0.02024753,-0.02024646,-0.01928000
2018-10-05,1.0500,-0.01272929,-0.01272822,-0.01212000
2018-10-08,1.0500,-0.00653409,-0.00653302,-0.00622000
2018-10-09,1.0500,0.00270620,0.00270727,0.00258000
2018-10-10,1.0500,-0.04657186,-0.04657079,-0.04435000
2018-10-11,1.0500,-0.01197327,-0.01197219,-0.01140000
2018-10-12,1.0500,0.02914604,0.02914711,0.02776000
2018-10-15,1.0500,-0.01297080,-0.01296973,-0.01235000
2018-10-16,1.0500,0.03088909,0.03089016,0.02942000
2018-10-17,1.0500,0.00034362,0.00034470,0.00033000
2018-10-18,1.0500,-0.02342913,-0.02342806,-0.02231000
2018-10-19,1.0500,-0.00128393,-0.00128286,-0.00122000
2018-10-22,1.0500,0.00503727,0.00503835,0.00480000
2018-10-23,1.0500,-0.00328949,-0.00328842,-0.00313000
2018-10-24,1.0500,-0.04858793,-0.04858685,-0.04627000
2018-10-25,1.0500,0.03516273,0.03516380,0.03349000
2018-10-26,1.0500,-0.02452116,-0.02452009,-0.02335000
2018-10-29,1.0500,-0.02120306,-0.02120199,-0.02019000
2018-10-30,1.0500,0.01507559,0.01507666,0.01436000
2018-10-31,1.0500,0.02422138,0.02422245,0.02307000
2018-11-01,1.0500,0.01540110,0.01540217,0.01467000
2018-11-02,1.0500,-0.01540688,-0.01540580,-0.01467000
2018-11-05,0.0000,-0.00044502,-0.00044502,-0.00402000
2018-11-06,0.0000,0.00008000,0.00008000,0.00749000
2018-11-07,0.0000,0.00008000,0.00008000,0.03068000
2018-11-08,0.0000,0.00008000,0.00008000,-0.00616000
2018-11-09,0.0000,0.00008000,0.00008000,-0.01666000
2018-11-12,0.0000,0.00008000,0.00008000,-0.02982000
2018-11-13,0.0000,0.00008000,0.00008000,0.00029000
2018-11-14,0.0000,0.00008000,0.00008000,-0.00891000
2018-11-15,0.0000,0.00008000,0.00008000,0.01784000
2018-11-16,0.0000,0.00008000,0.00008000,-0.00338000
2018-11-19,0.0000,0.00008000,0.00008000,-0.03261000
2018-11-20,0.0000,0.00008000,0.00008000,-0.01743000
2018-11-21,0.0000,0.00008000,0.00008000,0.00749000
2018-11-23,0.0000,0.00008000,0.00008000,-0.00732000
2018-11-26,0.0000,0.00008000,0.00008000,0.02316000
2018-11-27,0.0000,0.00008000,0.00008000,0.00342000
2018-11-28,0.0000,0.00008000,0.00008000,0.03170000
2018-11-29,0.0000,0.00008000,0.00008000,-0.00300000
2018-11-30,0.0000,0.00008000,0.00008000,0.00824000
2018-12-03,0.0000,0.00008000,0.00008000,0.01630000
2018-12-04,0.0000,0.00008000,0.00008000,-0.03777000
2018-12-06,0.0000,0.00008000,0.00008000,0.00645000
2018-12-07,0.0000,0.00008000,0.00008000,-0.03296000
2018-12-10,0.0000,0.00008000,0.00008000,0.01053000
2018-12-11,0.0000,0.00008000,0.00008000,0.00324000
2018-12-12,0.0000,0.00008000,0.00008000,0.00893000
2018-12-13,0.0000,0.00008000,0.00008000,0.00062000
2018-12-14,0.0000,0.00008000,0.00008000,-0.02554000
2018-12-17,0.0000,0.00008000,0.00008000,-0.02220000
2018-12-18,0.0000,0.00008000,0.00008000,0.00671000
2018-12-19,0.0000,0.00008000,0.00008000,-0.02286000
2018-12-20,0.0000,0.00008000,0.00008000,-0.01571000
2018-12-21,0.0000,0.00008000,0.00008000,-0.03147000
2018-12-24,0.0000,0.00008000,0.00008000,-0.02432000
2018-12-26,0.0000,0.00008000,0.00008000,0.06163000
2018-12-27,0.0000,0.00008000,0.00008000,0.00410000
2018-12-28,0.0000,0.00008000,0.00008000,-0.00046000
2018-12-31,0.0000,0.00008000,0.00008000,0.00714000
2019-01-02,0.0000,0.00008000,0.00008000,0.00491000
2019-01-03,0.0000,0.00008000,0.00008000,-0.03358000
2019-01-04,0.0000,0.00008000,0.00008000,0.04485000
2019-01-07,0.0000,0.00008000,0.00008000,0.01023000
2019-01-08,0.0000,0.00008000,0.00008000,0.00983000
2019-01-09,0.0000,0.00008000,0.00008000,0.00748000
2019-01-10,0.0000,0.00008000,0.00008000,0.00309000
2019-01-11,0.0000,0.00008000,0.00008000,-0.00293000
2019-01-14,0.0000,0.00008000,0.00008000,-0.00912000
2019-01-15,0.0000,0.00008000,0.00008000,0.01968000
2019-01-16,0.0000,0.00008000,0.00008000,-0.00014000
2019-01-17,0.0000,0.00008000,0.00008000,0.00751000
2019-01-18,0.0000,0.00008000,0.00008000,0.00987000
2019-01-22,0.0000,0.00008000,0.00008000,-0.02029000
2019-01-23,0.0000,0.00008000,0.00008000,0.00182000
2019-01-24,0.0000,0.00008000,0.00008000,0.00660000
2019-01-25,0.0000,0.00008000,0.00008000,0.01268000
2019-01-28,0.0000,0.00008000,0.00008000,-0.01328000
2019-01-29,0.0000,0.00008000,0.00008000,-0.00958000
2019-01-30,0.0000,0.00008000,0.00008000,0.02643000
2019-01-31,0.0000,0.00008000,0.00008000,0.01456000
2019-02-01,0.0000,0.00008000,0.00008000,-0.00451000
2019-02-04,0.0000,0.00008000,0.00008000,0.01231000
2019-02-05,0.0000,0.00008000,0.00008000,0.00916000
2019-02-06,0.0000,0.00008000,0.00008000,-0.00366000
2019-02-07,0.0000,0.00008000,0.00008000,-0.01321000
2019-02-08,0.0000,0.00008000,0.00008000,0.00120000
2019-02-11,0.0000,0.00008000,0.00008000,-0.00055000
2019-02-12,0.0000,0.00008000,0.00008000,0.01529000
2019-02-13,0.0000,0.00008000,0.00008000,0.00020000
2019-02-14,0.0000,0.00008000,0.00008000,0.00096000
2019-02-15,0.0000,0.00008000,0.00008000,0.00469000
2019-02-19,0.0000,0.00008000,0.00008000,0.00164000
2019-02-20,0.0000,0.00008000,0.00008000,-0.00058000
2019-02-21,0.0000,0.00008000,0.00008000,-0.00382000
2019-02-22,0.0000,0.00008000,0.00008000,0.00791000
2019-02-25,0.0000,0.00008000,0.00008000,0.00352000
2019-02-26,0.0000,0.00008000,0.00008000,0.00112000
2019-02-27,0.0000,0.00008000,0.00008000,-0.00085000
2019-02-28,0.0000,0.00008000,0.00008000,-0.00271000
2019-03-01,0.0000,0.00008000,0.00008000,0.00764000
2019-03-04,0.0000,0.00008000,0.00008000,-0.00008000
2019-03-05,0.0000,0.00008000,0.00008000,0.00086000
2019-03-06,0.0000,0.00008000,0.00008000,-0.00617000
2019-03-07,0.0000,0.00008000,0.00008000,-0.01201000
2019-03-08,0.0000,0.00008000,0.00008000,-0.00157000
2019-03-11,0.0000,0.00008000,0.00008000,0.02117000
2019-03-12,0.0000,0.00008000,0.00008000,0.00522000
2019-03-13,0.0000,0.00008000,0.00008000,0.00776000
2019-03-14,0.0000,0.00008000,0.00008000,-0.00190000
2019-03-15,0.0000,0.00008000,0.00008000,0.00886000
2019-03-18,0.0000,0.00008000,0.00008000,0.00266000
2019-03-19,0.0000,0.00008000,0.00008000,0.00316000
2019-03-20,0.0000,0.00008000,0.00008000,0.00431000
2019-03-21,0.0000,0.00008000,0.00008000,0.01527000
2019-03-22,0.0000,0.00008000,0.00008000,-0.02229000
2019-03-25,0.0000,0.00008000,0.00008000,-0.00122000
2019-03-26,0.0000,0.00008000,0.00008000,0.00470000
2019-03-27,0.0000,0.00008000,0.00008000,-0.00582000
2019-03-28,0.0000,0.00008000,0.00008000,0.00170000
2019-03-29,0.0000,0.00008000,0.00008000,0.00799000
2019-04-01,1.3707,0.01781626,0.01782421,0.01353000
2019-04-02,1.3707,0.00387650,0.00388444,0.00286000
2019-04-03,1.3707,0.00827637,0.00828431,0.00607000
2019-04-04,1.3707,-0.00081121,-0.00080326,-0.00056000
2019-04-05,1.3707,0.00694681,0.00695476,0.00510000
2019-04-08,1.3707,0.00376685,0.00377479,0.00278000
2019-04-09,1.5500,-0.00649375,-0.00648197,-0.00409000
2019-04-10,1.5500,0.00878559,0.00879738,0.00571000
2019-04-11,1.5500,-0.00341266,-0.00340088,-0.00216000
2019-04-12,1.5500,0.00675513,0.00676692,0.00440000
2019-04-15,1.5500,0.00016776,0.00017955,0.00015000
2019-04-16,1.5500,0.00517417,0.00518595,0.00338000
2019-04-17,1.5500,0.00523616,0.00524795,0.00342000
2019-04-18,1.5500,0.00179523,0.00180702,0.00120000
2019-04-22,1.7935,0.00536251,0.00537951,0.00311000
2019-04-23,2.0000,0.02503903,0.02506046,0.01263000
2019-04-24,2.0000,-0.00679770,-0.00677627,-0.00334000
2019-04-25,2.0000,0.00828230,0.00830373,0.00420000
2019-04-26,2.0000,0.00242230,0.00244373,0.00127000
2019-04-29,2.0000,0.00308230,0.00310373,0.00160000
2019-04-30,2.0000,-0.01475770,-0.01473627,-0.00732000
2019-05-01,2.0000,-0.00767770,-0.00765627,-0.00378000
2019-05-02,2.0000,-0.00723770,-0.00721627,-0.00356000
2019-05-03,2.0000,0.03144230,0.03146373,0.01578000
2019-05-06,2.0000,-0.01323770,-0.01321627,-0.00656000
2019-05-07,2.0000,-0.03957770,-0.03955627,-0.01973000
2019-05-08,1.7277,-0.00528408,-0.00526849,-0.00293000
2019-05-09,1.7277,-0.00792963,-0.00791403,-0.00454000
2019-05-10,1.7277,0.00081277,0.00082837,0.00052000
2019-05-13,1.7277,-0.05979660,-0.05978100,-0.03456000
2019-05-14,1.1853,0.01231866,0.01232263,0.01064000
2019-05-15,1.1853,0.01624063,0.01624460,0.01372000
2019-05-16,1.1853,0.01215132,0.01215529,0.01027000
2019-05-17,1.1853,-0.01194602,-0.01194205,-0.01006000
2019-05-20,1.0767,-0.01825939,-0.01825774,-0.01690000
2019-05-21,1.0767,0.01086554,0.01086718,0.01010000
2019-05-22,1.0767,-0.00436962,-0.00436797,-0.00405000
2019-05-23,1.0767,-0.01634240,-0.01634076,-0.01517000
2019-05-24,1.0767,-0.00101035,-0.00100870,-0.00093000
2019-05-28,1.0767,-0.00331446,-0.00331282,-0.00307000
2019-05-29,1.0767,-0.00908552,-0.00908387,-0.00843000
2019-05-30,1.0767,0.00427620,0.00427784,0.00398000
2019-05-31,1.0767,-0.01744063,-0.01743898,-0.01619000
2019-06-03,1.0767,-0.02263027,-0.02262863,-0.02101000
2019-06-04,1.0767,0.02913696,0.02913860,0.02707000
2019-06-05,1.0767,0.00815228,0.00815392,0.00758000
2019-06-06,1.0767,0.00821688,0.00821852,0.00764000
2019-06-07,1.0767,0.02093258,0.02093423,0.01945000
2019-06-10,1.0767,0.01230830,0.01230994,0.01144000
2019-06-11,1.0767,0.00172444,0.00172609,0.00161000
2019-06-12,1.0767,-0.00594158,-0.00593994,-0.00551000
2019-06-13,1.0767,0.00554669,0.00554833,0.00516000
2019-06-14,1.0767,-0.00450959,-0.00450794,-0.00418000
2019-06-17,1.0767,0.00683872,0.00684036,0.00636000
2019-06-18,1.0767,0.01559220,0.01559385,0.01449000
2019-06-19,1.0767,0.00457767,0.00457931,0.00426000
2019-06-20,1.0767,0.00988575,0.00988739,0.00919000
2019-06-21,1.0767,-0.00126875,-0.00126711,-0.00117000
2019-06-24,1.0767,-0.00078424,-0.00078260,-0.00072000
2019-06-25,1.0767,-0.01831275,-0.01831110,-0.01700000
2019-06-26,1.0767,0.00505141,0.00505306,0.00470000
2019-06-27,1.0767,0.00425466,0.00425631,0.00396000
2019-06-28,1.0767,0.00199362,0.00199526,0.00186000
2019-07-01,1.0767,0.01364340,0.01364504,0.01268000
2019-07-02,1.0767,0.00440540,0.00440704,0.00410000
2019-07-03,1.0767,0.00800154,0.00800319,0.00744000
2019-07-05,1.0767,-0.00222701,-0.00222536,-0.00206000
2019-07-08,1.0767,-0.00761045,-0.00760881,-0.00706000
2019-07-09,1.0767,0.00569743,0.00569907,0.00530000
2019-07-10,1.0767,0.01054253,0.01054417,0.00980000
2019-07-11,1.0767,-0.00088114,-0.00087950,-0.00081000
2019-07-12,1.0767,0.00635421,0.00635585,0.00591000
2019-07-15,1.0767,0.00323181,0.00323345,0.00301000
2019-07-16,1.0767,-0.00537094,-0.00536930,-0.00498000
2019-07-17,1.0767,-0.00518790,-0.00518626,-0.00481000
2019-07-18,1.0767,0.00211205,0.00211370,0.00197000
2019-07-19,1.0767,-0.00940852,-0.00940688,-0.00873000
2019-07-22,1.0767,0.00967041,0.00967205,0.00899000
2019-07-23,1.0767,0.00675258,0.00675423,0.00628000
2019-07-24,1.0767,0.00760317,0.00760481,0.00707000
2019-07-25,1.0767,-0.01084052,-0.01083888,-0.01006000
2019-07-26,1.0767,0.01184532,0.01184697,0.01101000
2019-07-29,1.0767,-0.00372360,-0.00372196,-0.00345000
2019-07-30,1.0767,-0.00491873,-0.00491709,-0.00456000
2019-07-31,1.0767,-0.01401676,-0.01401511,-0.01301000
2019-08-01,1.0767,-0.00651223,-0.00651059,-0.00604000
2019-08-02,1.0767,-0.01494271,-0.01494106,-0.01387000
2019-08-05,1.0767,-0.03876984,-0.03876820,-0.03600000
2019-08-06,1.0767,0.01535533,0.01535697,0.01427000
2019-08-07,1.0767,0.00439463,0.00439628,0.00409000
2019-08-08,1.0767,0.02466869,0.02467034,0.02292000
2019-08-09,1.0767,-0.01093742,-0.01093578,-0.01015000
2019-08-12,1.0767,-0.01189568,-0.01189403,-0.01104000
2019-08-13,1.0767,0.02372121,0.02372285,0.02204000
2019-08-14,1.0767,-0.03314953,-0.03314788,-0.03078000
2019-08-15,1.0767,-0.00074118,-0.00073953,-0.00068000
2019-08-16,1.0767,0.01716417,0.01716581,0.01595000
2019-08-19,1.0767,0.01632435,0.01632600,0.01517000
2019-08-20,1.0767,-0.00763199,-0.00763034,-0.00708000
2019-08-21,1.0767,0.00967041,0.00967205,0.00899000
2019-08-22,1.0767,-0.00357287,-0.00357122,-0.00331000
2019-08-23,1.0767,-0.03384937,-0.03384773,-0.03143000
2019-08-26,1.0767,0.01588291,0.01588455,0.01476000
2019-08-27,1.0767,-0.00125799,-0.00125634,-0.00116000
2019-08-28,1.0767,0.00312414,0.00312578,0.00291000
2019-08-29,1.0767,0.01624898,0.01625063,0.01510000
2019-08-30,1.0767,-0.00155946,-0.00155782,-0.00144000
2019-09-03,1.0767,-0.01138963,-0.01138799,-0.01057000
2019-09-04,1.0767,0.01554914,0.01555078,0.01445000
2019-09-05,1.0767,0.02000663,0.02000827,0.01859000
2019-09-06,1.0767,-0.00135489,-0.00135324,-0.00125000
2019-09-09,1.0767,-0.00274382,-0.00274217,-0.00254000
2019-09-10,1.0767,-0.00241004,-0.00240840,-0.00223000
2019-09-11,1.0767,0.01004725,0.01004890,0.00934000
2019-09-12,1.0767,0.00408239,0.00408404,0.00380000
2019-09-13,1.0767,-0.00330370,-0.00330205,-0.00306000
2019-09-16,1.0767,-0.00551091,-0.00550927,-0.00511000
2019-09-17,1.0767,0.00500835,0.00500999,0.00466000
2019-09-18,1.0767,-0.00001979,-0.00001815,-0.00001000
2019-09-19,1.0767,0.00182135,0.00182299,0.00170000
2019-09-20,1.0767,-0.01064672,-0.01064507,-0.00988000
2019-09-23,1.0767,-0.00066581,-0.00066416,-0.00061000
2019-09-24,1.5167,-0.02130283,-0.02129175,-0.01386000
2019-09-25,1.5167,0.01836754,0.01837862,0.01215000
2019-09-26,1.5167,-0.00615810,-0.00614703,-0.00402000
2019-09-27,1.5167,-0.01767014,-0.01765907,-0.01161000
2019-09-30,1.5167,0.01337748,0.01338855,0.00886000
2019-10-01,1.5167,-0.01280142,-0.01279034,-0.00840000
2019-10-02,1.5167,-0.02634588,-0.02633481,-0.01733000
2019-10-03,1.0000,0.01137163,0.01137163,0.01163000
2019-10-04,1.0000,0.01517000,0.01517000,0.01517000
2019-10-07,1.0000,-0.00371000,-0.00371000,-0.00371000
2019-10-08,1.0000,-0.01562000,-0.01562000,-0.01562000
2019-10-09,1.0000,0.01137000,0.01137000,0.01137000
2019-10-10,1.0000,0.00650000,0.00650000,0.00650000
2019-10-11,1.0000,0.01340000,0.01340000,0.01340000
2019-10-14,1.0000,-0.00017000,-0.00017000,-0.00017000
2019-10-15,1.0000,0.01284000,0.01284000,0.01284000
2019-10-16,1.0000,-0.00283000,-0.00283000,-0.00283000
2019-10-17,1.0000,0.00279000,0.00279000,0.00279000
2019-10-18,1.0000,-0.00925000,-0.00925000,-0.00925000
2019-10-21,1.0000,0.00915000,0.00915000,0.00915000
2019-10-22,1.0000,-0.00825000,-0.00825000,-0.00825000
2019-10-23,1.0000,0.00191000,0.00191000,0.00191000
2019-10-24,1.0000,0.00982000,0.00982000,0.00982000
2019-10-25,1.0000,0.00787000,0.00787000,0.00787000
2019-10-28,1.0000,0.01017000,0.01017000,0.01017000
2019-10-29,1.0000,-0.00776000,-0.00776000,-0.00776000
2019-10-30,1.0000,0.00445000,0.00445000,0.00445000
2019-10-31,1.0000,0.00011000,0.00011000,0.00011000
2019-11-01,1.0000,0.00959000,0.00959000,0.00959000
2019-11-04,1.4760,0.00869462,0.00870482,0.00609000
2019-11-05,1.4760,-0.00010030,-0.00009010,-0.00003000
2019-11-06,1.6056,-0.00286570,-0.00285272,-0.00170000
2019-11-07,1.6056,0.00460112,0.00461410,0.00291000
2019-11-08,1.7194,0.00747537,0.00749079,0.00443000
2019-11-11,1.8609,-0.00327983,-0.00326138,-0.00167000
2019-11-12,1.8609,0.00488594,0.00490439,0.00268000
2019-11-13,2.0000,-0.00110724,-0.00108581,-0.00046000
2019-11-14,2.0000,-0.00055770,-0.00053627,-0.00022000
2019-11-15,2.0000,0.01390230,0.01392373,0.00701000
2019-11-18,2.0000,0.00304230,0.00306373,0.00158000
2019-11-19,2.0000,0.00240230,0.00242373,0.00126000
2019-11-20,2.0000,-0.01325770,-0.01323627,-0.00657000
2019-11-21,2.0000,-0.00443770,-0.00441627,-0.00216000
2019-11-22,2.0000,0.00148230,0.00150373,0.00080000
2019-11-25,2.0000,0.02408230,0.02410373,0.01210000
2019-11-26,2.0000,0.00322230,0.00324373,0.00167000
2019-11-27,2.0000,0.01398230,0.01400373,0.00705000
2019-11-29,2.0000,-0.00977770,-0.00975627,-0.00483000
2019-12-02,2.0000,-0.02253770,-0.02251627,-0.01121000
2019-12-03,2.0000,-0.01319770,-0.01317627,-0.00654000
2019-12-04,2.0000,0.01006230,0.01008373,0.00509000
2019-12-05,2.0000,0.00278230,0.00280373,0.00145000
2019-12-06,2.0000,0.02134230,0.02136373,0.01073000
2019-12-09,2.0000,-0.00831770,-0.00829627,-0.00410000
2019-12-10,2.0000,-0.00209770,-0.00207627,-0.00099000
2019-12-11,2.0000,0.01150230,0.01152373,0.00581000
2019-12-12,2.0000,0.01522230,0.01524373,0.00767000
2019-12-13,2.0000,0.00484230,0.00486373,0.00248000
2019-12-16,2.0000,0.01940230,0.01942373,0.00976000
2019-12-17,2.0000,0.00118230,0.00120373,0.00065000
2019-12-18,2.0000,0.00108230,0.00110373,0.00060000
2019-12-19,2.0000,0.01406230,0.01408373,0.00709000
2019-12-20,2.0000,0.00854230,0.00856373,0.00433000
2019-12-23,2.0000,0.00396230,0.00398373,0.00204000
2019-12-24,2.0000,0.00074230,0.00076373,0.00043000
2019-12-26,2.0000,0.01804230,0.01806373,0.00908000
2019-12-27,2.0000,-0.00173770,-0.00171627,-0.00081000
2019-12-30,2.0000,-0.01403770,-0.01401627,-0.00696000
2019-12-31,2.0000,0.00528230,0.00530373,0.00270000
2020-01-02,2.0000,0.03180230,0.03182373,0.01596000
2020-01-03,2.0000,-0.01771770,-0.01769627,-0.00880000
2020-01-06,2.0000,0.01234230,0.01236373,0.00623000
2020-01-07,1.8772,-0.00055887,-0.00054007,-0.00021000
2020-01-08,2.0000,0.01478088,0.01480231,0.00748000
2020-01-09,2.0000,0.01726230,0.01728373,0.00869000
2020-01-10,1.8794,-0.00491871,-0.00489987,-0.00253000
2020-01-13,1.8794,0.02173527,0.02175411,0.01162000
2020-01-14,1.8794,-0.00777151,-0.00775266,-0.00408000
2020-01-15,1.8794,0.00040394,0.00042278,0.00027000
2020-01-16,1.8794,0.01852147,0.01854032,0.00991000
2020-01-17,1.8794,0.00997015,0.00998899,0.00536000
2020-01-21,1.8794,-0.00151306,-0.00149422,-0.00075000
2020-01-22,1.8794,0.00444467,0.00446352,0.00242000
2020-01-23,1.8794,0.00574147,0.00576031,0.00311000
2020-01-24,1.8794,-0.01545831,-0.01543946,-0.00817000
2020-01-27,1.8794,-0.03896976,-0.03895092,-0.02068000
2020-01-28,1.5298,0.02350548,0.02351683,0.01552000
2020-01-29,1.4120,0.00158708,0.00159591,0.00120000
2020-01-30,1.4120,0.00533141,0.00534024,0.00381000
2020-01-31,1.4120,-0.02235888,-0.02235005,-0.01580000
2020-02-03,1.4120,0.02114636,0.02115519,0.01501000
2020-02-04,1.4120,0.03214623,0.03215506,0.02280000
2020-02-05,1.2101,0.00423072,0.00423522,0.00360000
2020-02-06,1.2101,0.01014024,0.01014474,0.00840000
2020-02-07,1.2101,-0.00573647,-0.00573197,-0.00472000
2020-02-10,1.2101,0.01490809,0.01491259,0.01234000
2020-02-11,1.2101,0.00013258,0.00013709,0.00013000
2020-02-12,1.2101,0.01212483,0.01212933,0.01004000
2020-02-13,1.2101,-0.00220294,-0.00219843,-0.00180000
2020-02-14,1.2101,0.00352091,0.00352541,0.00293000
2020-02-18,1.2101,0.00078605,0.00079055,0.00067000
2020-02-19,1.2101,0.01118094,0.01118544,0.00926000
2020-02-20,1.2101,-0.01131510,-0.01131060,-0.00933000
2020-02-21,1.2101,-0.02276279,-0.02275829,-0.01879000
2020-02-24,1.0966,-0.04264996,-0.04264789,-0.03883000
2020-02-25,1.0966,-0.02954341,-0.02954134,-0.02693000
2020-02-26,1.0966,0.00484666,0.00484873,0.00443000
2020-02-27,1.0966,-0.05399808,-0.05399601,-0.04923000
2020-02-28,1.0966,0.00328946,0.00329153,0.00301000
2020-03-02,1.0966,0.05394244,0.05394451,0.04920000
2020-03-03,1.0966,-0.03500459,-0.03500252,-0.03191000
2020-03-04,1.0966,0.04527912,0.04528119,0.04130000
2020-03-05,1.0966,-0.03400666,-0.03400459,-0.03100000
2020-03-06,1.0966,-0.01785342,-0.01785134,-0.01627000
2020-03-09,1.0966,-0.07484487,-0.07484280,-0.06824000
2020-03-10,1.0966,0.05854825,0.05855032,0.05340000
2020-03-11,1.0966,-0.04794473,-0.04794266,-0.04371000
2020-03-12,1.0966,-0.10167921,-0.10167714,-0.09271000
2020-03-13,1.0966,0.11047331,0.11047538,0.10075000
2020-03-16,1.0966,-0.13370058,-0.13369851,-0.12191000
2020-03-17,1.0966,0.07086332,0.07086539,0.06463000
2020-03-18,1.0966,-0.04382143,-0.04381936,-0.03995000
2020-03-19,1.0966,0.01733719,0.01733926,0.01582000
2020-03-20,1.0966,-0.04426008,-0.04425801,-0.04035000
2020-03-23,1.0966,0.00199545,0.00199752,0.00183000
2020-03-24,1.0966,0.08561289,0.08561496,0.07808000
2020-03-25,1.0966,-0.01220581,-0.01220374,-0.01112000
2020-03-26,1.0966,0.06278121,0.06278328,0.05726000
2020-03-27,1.0966,-0.04285640,-0.04285433,-0.03907000
2020-03-30,1.0966,0.04345873,0.04346080,0.03964000
2020-03-31,1.0966,-0.01048411,-0.01048204,-0.00955000
2020-04-01,1.0966,-0.04590501,-0.04590294,-0.04185000
2020-04-02,1.0966,0.02189914,0.02190121,0.01998000
2020-04-03,1.0966,-0.01542988,-0.01542781,-0.01406000
2020-04-06,1.0966,0.08064519,0.08064726,0.07355000
2020-04-07,1.0966,-0.00437593,-0.00437386,-0.00398000
2020-04-08,1.0966,0.02456393,0.02456600,0.02241000
2020-04-09,1.0966,0.00121684,0.00121892,0.00112000
2020-04-13,1.0966,0.01255592,0.01255799,0.01146000
2020-04-14,1.0966,0.04731884,0.04732091,0.04316000
2020-04-15,1.0966,-0.01262253,-0.01262046,-0.01150000
2020-04-16,1.0966,0.02118633,0.02118840,0.01933000
2020-04-17,1.0966,0.00935378,0.00935585,0.00854000
2020-04-20,1.0966,-0.01313794,-0.01313587,-0.01197000
2020-04-21,1.0966,-0.04064122,-0.04063915,-0.03705000
2020-04-22,1.0966,0.03415937,0.03416145,0.03116000
2020-04-23,1.0966,-0.00291742,-0.00291535,-0.00265000
2020-04-24,1.0966,0.01842285,0.01842492,0.01681000
2020-04-27,1.0966,0.00638194,0.00638401,0.00583000
2020-04-28,1.0966,-0.01984927,-0.01984720,-0.01809000
2020-04-29,1.0966,0.03857876,0.03858083,0.03519000
2020-04-30,1.0966,0.00218187,0.00218394,0.00200000
2020-05-01,1.0966,-0.03437951,-0.03437744,-0.03134000
2020-05-04,1.0966,0.01459564,0.01459771,0.01332000
2020-05-05,1.0966,0.01199664,0.01199871,0.01095000
2020-05-06,1.0966,0.00667802,0.00668009,0.00610000
2020-05-07,1.0966,0.01429955,0.01430162,0.01305000
2020-05-08,1.0966,0.01428858,0.01429065,0.01304000
2020-05-11,1.0966,0.00936475,0.00936682,0.00855000
2020-05-12,1.0966,-0.02197671,-0.02197464,-0.02003000
2020-05-13,1.0966,-0.01351079,-0.01350872,-0.01231000
2020-05-14,1.0966,0.01151413,0.01151620,0.01051000
2020-05-15,1.0966,0.00703991,0.00704198,0.00643000
2020-05-18,1.0966,0.02149339,0.02149546,0.01961000
2020-05-19,1.0966,-0.00390438,-0.00390231,-0.00355000
2020-05-20,1.0966,0.02200880,0.02201087,0.02008000
2020-05-21,1.0966,-0.01235934,-0.01235727,-0.01126000
2020-05-22,1.0966,0.00422159,0.00422366,0.00386000
2020-05-26,1.0966,-0.00278583,-0.00278376,-0.00253000
2020-05-27,1.0966,0.00609681,0.00609888,0.00557000
2020-05-28,1.0966,-0.00292839,-0.00292632,-0.00266000
2020-05-29,1.0966,0.01618574,0.01618781,0.01477000
2020-06-01,1.0966,0.00498922,0.00499130,0.00456000
2020-06-02,1.0966,0.00668899,0.00669106,0.00611000
2020-06-03,1.0966,0.00539498,0.00539705,0.00493000
2020-06-04,1.0966,-0.00846633,-0.00846426,-0.00771000
2020-06-05,1.0966,0.02219523,0.02219730,0.02025000
2020-06-08,1.0966,0.00861904,0.00862111,0.00787000
2020-06-09,1.0966,0.00728117,0.00728324,0.00665000
2020-06-10,1.0966,0.01399249,0.01399456,0.01277000
2020-06-11,1.0966,-0.05493021,-0.05492814,-0.05008000
2020-06-12,1.0966,0.00863001,0.00863208,0.00788000
2020-06-15,1.0966,0.01285201,0.01285408,0.01173000
2020-06-16,1.0966,0.01936594,0.01936801,0.01767000
2020-06-17,1.0966,0.00366231,0.00366438,0.00335000
2020-06-18,1.0966,0.00326753,0.00326960,0.00299000
2020-06-19,1.0966,-0.00036229,-0.00036022,-0.00032000
2020-06-22,1.0966,0.01334549,0.01334756,0.01218000
2020-06-23,1.0966,0.00861904,0.00862111,0.00787000
2020-06-24,1.0966,-0.02222894,-0.02222687,-0.02026000
2020-06-25,1.0966,0.01087809,0.01088016,0.00993000
2020-06-26,1.0966,-0.02739403,-0.02739196,-0.02497000
2020-06-29,1.0966,0.01245722,0.01245929,0.01137000
2020-06-30,1.0966,0.02155919,0.02156126,0.01967000
2020-07-01,1.0966,0.01322486,0.01322693,0.01207000
2020-07-02,1.0966,0.00669996,0.00670203,0.00612000
2020-07-06,1.0966,0.02780993,0.02781200,0.02537000
2020-07-07,1.0966,-0.00826894,-0.00826687,-0.00753000
2020-07-08,1.0966,0.01488076,0.01488283,0.01358000
2020-07-09,1.0966,0.00904673,0.00904880,0.00826000
2020-07-10,1.0966,0.00834489,0.00834696,0.00762000
2020-07-13,1.0966,-0.02367648,-0.02367441,-0.02158000
2020-07-14,1.0966,0.00904673,0.00904880,0.00826000
2020-07-15,1.0966,0.00126071,0.00126278,0.00116000
2020-07-16,1.0966,-0.00768773,-0.00768566,-0.00700000
2020-07-17,1.0966,0.00195158,0.00195365,0.00179000
2020-07-20,1.0966,0.03162618,0.03162825,0.02885000
2020-07-21,1.0966,-0.01189876,-0.01189669,-0.01084000
2020-07-22,1.0966,0.00382681,0.00382888,0.00350000
2020-07-23,1.0966,-0.02925829,-0.02925622,-0.02667000
2020-07-24,1.0966,-0.01008933,-0.01008726,-0.00919000
2020-07-27,1.0966,0.02002391,0.02002599,0.01827000
2020-07-28,1.0966,-0.01456355,-0.01456148,-0.01327000
2020-07-29,1.0966,0.01359771,0.01359978,0.01241000
2020-07-30,1.0966,0.00541691,0.00541898,0.00495000
2020-07-31,1.0966,0.01949754,0.01949961,0.01779000
2020-08-03,1.0966,0.01501235,0.01501442,0.01370000
2020-08-04,1.0966,0.00412289,0.00412496,0.00377000
2020-08-05,1.0966,0.00287274,0.00287481,0.00263000
2020-08-06,1.0966,0.01397056,0.01397263,0.01275000
2020-08-07,1.0966,-0.01241417,-0.01241210,-0.01131000
2020-08-10,1.0966,-0.00531902,-0.00531695,-0.00484000
2020-08-11,1.0966,-0.02067173,-0.02066966,-0.01884000
2020-08-12,1.0966,0.02841307,0.02841515,0.02592000
2020-08-13,1.0966,0.00203931,0.00204138,0.00187000
2020-08-14,1.0966,-0.00134925,-0.00134718,-0.00122000
2020-08-17,1.0966,0.01220500,0.01220707,0.01114000
2020-08-18,1.0966,0.01074649,0.01074856,0.00981000
2020-08-19,1.0966,-0.00772063,-0.00771856,-0.00703000
2020-08-20,1.0966,0.01536327,0.01536534,0.01402000
2020-08-21,1.0966,0.00747856,0.00748063,0.00683000
2020-08-24,1.0966,0.00675479,0.00675686,0.00617000
2020-08-25,1.0966,0.00903576,0.00903783,0.00825000
2020-08-26,1.0966,0.02341248,0.02341455,0.02136000
2020-08-27,1.0966,-0.00417854,-0.00417647,-0.00380000
2020-08-28,1.0966,0.00642580,0.00642787,0.00587000
2020-08-31,1.0966,0.01051620,0.01051827,0.00960000
2020-09-01,1.0966,0.01651472,0.01651679,0.01507000
2020-09-02,1.0966,0.01140446,0.01140654,0.01041000
2020-09-03,1.0966,-0.05729891,-0.05729684,-0.05224000
2020-09-04,1.0966,-0.01388364,-0.01388157,-0.01265000
2020-09-08,1.0966,-0.05224349,-0.05224142,-0.04763000
2020-09-09,1.0966,0.03247058,0.03247265,0.02962000
2020-09-10,1.0966,-0.02324880,-0.02324673,-0.02119000
2020-09-11,1.0966,-0.00654724,-0.00654517,-0.00596000
2020-09-14,1.0966,0.01883956,0.01884163,0.01719000
2020-09-15,1.0966,0.01568129,0.01568336,0.01431000
2020-09-16,1.0966,-0.01832496,-0.01832289,-0.01670000
2020-09-17,1.0966,-0.01623041,-0.01622834,-0.01479000
2020-09-18,1.0966,-0.01423456,-0.01423249,-0.01297000
2020-09-21,1.0966,0.00435318,0.00435525,0.00398000
2020-09-22,1.0966,0.02060512,0.02060720,0.01880000
2020-09-23,1.0966,-0.03459884,-0.03459677,-0.03154000
2020-09-24,1.0966,0.00640387,0.00640594,0.00585000
2020-09-25,1.0966,0.02563862,0.02564069,0.02339000
2020-09-28,1.0966,0.02098894,0.02099101,0.01915000
2020-09-29,1.0966,-0.00399211,-0.00399004,-0.00363000
2020-09-30,1.0966,0.00922219,0.00922426,0.00842000
2020-10-01,1.0966,0.01587868,0.01588075,0.01449000
2020-10-02,1.0966,-0.03099095,-0.03098888,-0.02825000
2020-10-05,1.0966,0.02469553,0.02469760,0.02253000
2020-10-06,1.0966,-0.02073753,-0.02073546,-0.01890000
2020-10-07,1.0966,0.02059416,0.02059623,0.01879000
2020-10-08,1.0966,0.00456154,0.00456361,0.00417000
2020-10-09,1.0966,0.01662439,0.01662646,0.01517000
2020-10-12,1.0966,0.03389619,0.03389826,0.03092000
2020-10-13,1.0966,-0.00042809,-0.00042602,-0.00038000
2020-10-14,1.0966,-0.00886111,-0.00885904,-0.00807000
2020-10-15,1.0966,-0.00792898,-0.00792691,-0.00722000
2020-10-16,1.0966,-0.00426627,-0.00426420,-0.00388000
2020-10-19,1.0966,-0.02013439,-0.02013232,-0.01835000
2020-10-20,1.0966,0.00411193,0.00411400,0.00376000
2020-10-21,1.0966,-0.00115186,-0.00114979,-0.00104000
2020-10-22,1.0966,-0.00021973,-0.00021766,-0.00019000
2020-10-23,1.0966,0.00280695,0.00280902,0.00257000
2020-10-26,1.0966,-0.01762312,-0.01762105,-0.01606000
2020-10-27,1.0966,0.00901383,0.00901590,0.00823000
2020-10-28,1.0966,-0.04311959,-0.04311752,-0.03931000
2020-10-29,1.0966,0.02048450,0.02048657,0.01869000
2020-10-30,1.0966,-0.02875384,-0.02875177,-0.02621000
2020-11-02,1.0966,0.00316883,0.00317090,0.00290000
2020-11-03,1.0966,0.01932208,0.01932415,0.01763000
2020-11-04,1.0966,0.04833870,0.04834077,0.04409000
2020-11-05,1.0966,0.02805119,0.02805326,0.02559000
2020-11-06,1.0966,0.00121684,0.00121892,0.00112000
2020-11-09,1.0966,-0.02365455,-0.02365248,-0.02156000
2020-11-10,1.0966,-0.01909260,-0.01909053,-0.01740000
2020-11-11,1.0966,0.02535350,0.02535557,0.02313000
2020-11-12,1.0966,-0.00605376,-0.00605169,-0.00551000
2020-11-13,1.0966,0.01027494,0.01027701,0.00938000
2020-11-16,1.0966,0.00695218,0.00695425,0.00635000
2020-11-17,1.0966,-0.00325737,-0.00325530,-0.00296000
2020-11-18,1.0966,-0.00756710,-0.00756503,-0.00689000
2020-11-19,1.0966,0.00837779,0.00837986,0.00765000
2020-11-20,1.0966,-0.00721618,-0.00721411,-0.00657000
2020-11-23,1.0966,-0.00003330,-0.00003123,-0.00002000
2020-11-24,1.0966,0.01603221,0.01603428,0.01463000
2020-11-25,1.0966,0.00659029,0.00659236,0.00602000
2020-11-27,1.0966,0.00958407,0.00958614,0.00875000
2020-11-30,1.0966,0.00092076,0.00092283,0.00085000
2020-12-01,1.0966,0.01673405,0.01673612,0.01527000
2020-12-02,1.0966,0.00010926,0.00011133,0.00011000
2020-12-03,1.0966,0.00095366,0.00095573,0.00088000
2020-12-04,1.0966,0.00540594,0.00540801,0.00494000
2020-12-07,1.0966,0.00596522,0.00596729,0.00545000
2020-12-08,1.0966,0.00343202,0.00343409,0.00314000
2020-12-09,1.3425,-0.02893299,-0.02892565,-0.02143000
2020-12-10,1.3425,0.00401403,0.00402137,0.00302000
2020-12-11,1.5005,-0.00328884,-0.00327812,-0.00210000
2020-12-14,1.5005,0.01050432,0.01051504,0.00704000
2020-12-15,1.5005,0.01607102,0.01608174,0.01075000
2020-12-16,1.5005,0.00858373,0.00859446,0.00576000
2020-12-17,1.5005,0.00991914,0.00992987,0.00665000
2020-12-18,1.5005,-0.00164939,-0.00163866,-0.00106000
2020-12-21,1.5005,-0.00567062,-0.00565989,-0.00374000
2020-12-22,1.5005,0.00321209,0.00322282,0.00218000
2020-12-23,1.5005,-0.00762121,-0.00761049,-0.00504000
2020-12-24,1.6449,0.00741847,0.00743229,0.00460000
2020-12-28,1.6449,0.01650482,0.01651864,0.01008000
2020-12-29,1.6449,0.00054916,0.00056298,0.00038000
2020-12-30,1.6449,0.00020373,0.00021755,0.00017000
2020-12-31,1.8243,0.00596125,0.00597891,0.00337000
2021-01-04,1.8243,-0.02746189,-0.02744423,-0.01500000
2021-01-05,1.6311,0.01370934,0.01372287,0.00851000
2021-01-06,1.6311,-0.02284376,-0.02283024,-0.01396000
2021-01-07,1.5006,0.03749699,0.03750772,0.02507000
2021-01-08,1.2560,0.01594882,0.01595430,0.01282000
2021-01-11,1.3650,-0.02117285,-0.02116503,-0.01544000
2021-01-12,1.3650,-0.00110765,-0.00109983,-0.00078000
2021-01-13,1.3650,0.00862470,0.00863252,0.00635000
2021-01-14,1.3650,-0.00789162,-0.00788380,-0.00575000
2021-01-15,1.3650,-0.01003465,-0.01002683,-0.00732000
2021-01-19,1.3650,0.02052737,0.02053519,0.01507000
2021-01-20,1.2458,0.02868912,0.02869438,0.02310000
2021-01-21,1.1125,0.00903130,0.00903371,0.00819000
2021-01-22,1.1125,-0.00318380,-0.00318139,-0.00285000
2021-01-25,1.1125,0.00974319,0.00974560,0.00877000
2021-01-26,1.1125,0.00058750,0.00058991,0.00054000
2021-01-27,1.1125,-0.03111813,-0.03111571,-0.02796000
2021-01-28,1.0000,0.00674376,0.00674376,0.00680000
2021-01-29,1.0000,-0.02089000,-0.02089000,-0.02089000
2021-02-01,1.0000,0.02505000,0.02505000,0.02505000
2021-02-02,1.0000,0.01566000,0.01566000,0.01566000
2021-02-03,1.0000,-0.00397000,-0.00397000,-0.00397000
2021-02-04,1.0000,0.01185000,0.01185000,0.01185000
2021-02-05,1.0000,0.00320000,0.00320000,0.00320000
2021-02-08,1.0000,0.00672000,0.00672000,0.00672000
2021-02-09,1.0000,-0.00056000,-0.00056000,-0.00056000
2021-02-10,1.0000,-0.00230000,-0.00230000,-0.00230000
2021-02-11,1.0000,0.00581000,0.00581000,0.00581000
2021-02-12,1.0000,0.00536000,0.00536000,0.00536000
2021-02-16,1.0000,-0.00243000,-0.00243000,-0.00243000
2021-02-17,1.0000,-0.00535000,-0.00535000,-0.00535000
2021-02-18,1.0000,-0.00452000,-0.00452000,-0.00452000
2021-02-19,1.0000,-0.00414000,-0.00414000,-0.00414000
2021-02-22,1.1085,-0.02918761,-0.02918529,-0.02627000
2021-02-23,1.0000,-0.00222426,-0.00222426,-0.00217000
2021-02-24,1.0000,0.00817000,0.00817000,0.00817000
2021-02-25,1.0000,-0.03560000,-0.03560000,-0.03560000
2021-02-26,1.0000,0.00635000,0.00635000,0.00635000
2021-03-01,1.0000,0.02896000,0.02896000,0.02896000
2021-03-02,1.0000,-0.01676000,-0.01676000,-0.01676000
2021-03-03,1.0000,-0.02881000,-0.02881000,-0.02881000
2021-03-04,1.0000,-0.01727000,-0.01727000,-0.01727000
2021-03-05,1.0000,0.01643000,0.01643000,0.01643000
2021-03-08,1.0000,-0.02914000,-0.02914000,-0.02914000
2021-03-09,1.0000,0.04030000,0.04030000,0.04030000
2021-03-10,1.0000,-0.00329000,-0.00329000,-0.00329000
2021-03-11,1.0000,0.02361000,0.02361000,0.02361000
2021-03-12,1.0000,-0.00883000,-0.00883000,-0.00883000
2021-03-15,1.0000,0.01125000,0.01125000,0.01125000
2021-03-16,1.0000,0.00535000,0.00535000,0.00535000
2021-03-17,1.0000,0.00383000,0.00383000,0.00383000
2021-03-18,1.0000,-0.03128000,-0.03128000,-0.03128000
2021-03-19,1.0000,0.00611000,0.00611000,0.00611000
2021-03-22,1.0000,0.01708000,0.01708000,0.01708000
2021-03-23,1.0000,-0.00523000,-0.00523000,-0.00523000
2021-03-24,1.0000,-0.01679000,-0.01679000,-0.01679000
2021-03-25,1.0000,-0.00141000,-0.00141000,-0.00141000
2021-03-26,1.0000,0.01556000,0.01556000,0.01556000
2021-03-29,1.0000,-0.00101000,-0.00101000,-0.00101000
2021-03-30,1.0000,-0.00531000,-0.00531000,-0.00531000
2021-03-31,1.0000,0.01514000,0.01514000,0.01514000
2021-04-01,1.0000,0.01821000,0.01821000,0.01821000
2021-04-05,1.0000,0.02018000,0.02018000,0.02018000
2021-04-06,1.0000,-0.00142000,-0.00142000,-0.00142000
2021-04-07,1.0000,0.00284000,0.00284000,0.00284000
2021-04-08,1.0000,0.01044000,0.01044000,0.01044000
2021-04-09,1.0000,0.00631000,0.00631000,0.00631000
2021-04-12,1.0000,-0.00183000,-0.00183000,-0.00183000
2021-04-13,1.0000,0.01212000,0.01212000,0.01212000
2021-04-14,1.0000,-0.01303000,-0.01303000,-0.01303000
2021-04-15,1.0000,0.01613000,0.01613000,0.01613000
2021-04-16,1.0000,0.00114000,0.00114000,0.00114000
2021-04-19,1.1071,-0.01062812,-0.01062582,-0.00954000
2021-04-20,1.1071,-0.00781782,-0.00781553,-0.00705000
2021-04-21,1.1071,0.01010649,0.01010879,0.00914000
2021-04-22,1.1071,-0.01371878,-0.01371649,-0.01238000
2021-04-23,1.1071,0.01442427,0.01442656,0.01304000
2021-04-26,1.1071,0.00674084,0.00674313,0.00610000
2021-04-27,1.1071,-0.00518287,-0.00518057,-0.00467000
2021-04-28,1.1071,-0.00464038,-0.00463808,-0.00418000
2021-04-29,1.1071,0.00547872,0.00548101,0.00496000
2021-04-30,1.2278,-0.00967649,-0.00967161,-0.00781000
2021-05-03,1.2278,-0.00540469,-0.00539981,-0.00438000
2021-05-04,1.4726,-0.02736214,-0.02735201,-0.01846000
2021-05-05,1.3245,-0.00412538,-0.00411843,-0.00303000
2021-05-06,1.3245,0.01082241,0.01082936,0.00820000
2021-05-07,1.3245,0.01029262,0.01029957,0.00780000
2021-05-10,1.3245,-0.03481859,-0.03481163,-0.02626000
2021-05-11,1.1277,-0.00074493,-0.00074219,-0.00056000
2021-05-12,1.1277,-0.02951627,-0.02951353,-0.02616000
2021-05-13,1.1277,0.00933379,0.00933653,0.00829000
2021-05-14,1.1277,0.02444528,0.02444802,0.02169000
2021-05-17,1.0032,-0.00605193,-0.00605186,-0.00597000
2021-05-18,1.0032,-0.00715343,-0.00715336,-0.00713000
2021-05-19,1.0032,0.00155463,0.00155470,0.00155000
2021-05-20,1.0032,0.01944227,0.01944234,0.01938000
2021-05-21,1.0032,-0.00610004,-0.00609997,-0.00608000
2021-05-24,1.0032,0.01722513,0.01722520,0.01717000
2021-05-25,1.0032,0.00120350,0.00120357,0.00120000
2021-05-26,1.0032,0.00333035,0.00333042,0.00332000
2021-05-27,1.0032,-0.00326089,-0.00326082,-0.00325000
2021-05-28,1.0032,0.00212647,0.00212654,0.00212000
2021-06-01,1.0032,-0.00231785,-0.00231778,-0.00231000
2021-06-02,1.0032,0.00158473,0.00158480,0.00158000
2021-06-03,1.0032,-0.01069484,-0.01069477,-0.01066000
2021-06-04,1.0032,0.01789729,0.01789736,0.01784000
2021-06-07,1.0032,0.00236725,0.00236732,0.00236000
2021-06-08,1.0032,0.00060156,0.00060163,0.00060000
2021-06-09,1.1304,0.00028279,0.00028558,0.00032000
2021-06-10,1.1304,0.01191063,0.01191343,0.01055000
2021-06-11,1.2963,0.00343403,0.00344038,0.00274000
2021-06-14,1.2963,0.01202063,0.01202698,0.00930000
2021-06-15,1.4771,-0.01033877,-0.01032854,-0.00690000
2021-06-16,1.4771,-0.00500454,-0.00499432,-0.00335000
2021-06-17,1.4771,0.01907266,0.01908289,0.01295000
2021-06-18,1.4771,-0.01193227,-0.01192205,-0.00804000
2021-06-21,1.4771,0.00919067,0.00920089,0.00626000
2021-06-22,1.4771,0.01388794,0.01389816,0.00944000
2021-06-23,1.7085,0.00029639,0.00031158,0.00029000
2021-06-24,1.7085,0.01093636,0.01095154,0.00645000
2021-06-25,1.7085,-0.00250944,-0.00249426,-0.00142000
2021-06-28,1.7085,0.02137522,0.02139040,0.01256000
2021-06-29,1.5882,0.00512739,0.00513999,0.00331000
2021-06-30,1.5882,-0.00199089,-0.00197829,-0.00121000
2021-07-01,1.5882,0.00053427,0.00054688,0.00038000
2021-07-02,1.5882,0.01824217,0.01825477,0.01153000
2021-07-06,1.8120,0.00705858,0.00707598,0.00401000
2021-07-07,1.8120,0.00291233,0.00292973,0.00166000
2021-07-08,1.8120,-0.01085877,-0.01084137,-0.00594000
2021-07-09,1.8120,0.01273330,0.01275069,0.00708000
2021-07-12,1.8120,0.00628262,0.00630002,0.00352000
2021-07-13,1.8120,-0.00045797,-0.00044057,-0.00020000
2021-07-14,1.8120,0.00311165,0.00312905,0.00177000
2021-07-15,1.9561,-0.01401453,-0.01399404,-0.00707000
2021-07-16,1.9561,-0.01505745,-0.01503696,-0.00764000
2021-07-19,1.9561,-0.01769824,-0.01767775,-0.00899000
2021-07-20,1.9561,0.02402624,0.02404673,0.01234000
2021-07-21,1.9561,0.01512580,0.01514629,0.00779000
2021-07-22,1.9561,0.01279799,0.01281848,0.00660000
2021-07-23,1.9561,0.02240264,0.02242313,0.01151000
2021-07-26,1.7866,0.00153784,0.00155470,0.00096000
2021-07-27,1.7866,-0.02001366,-0.01999680,-0.01115000
2021-07-28,1.7866,0.00725052,0.00726737,0.00411000
2021-07-29,1.7866,0.00355217,0.00356902,0.00204000
2021-07-30,1.7866,-0.01054445,-0.01052759,-0.00585000
2021-08-02,1.7866,0.00038981,0.00040666,0.00027000
2021-08-03,1.9031,0.01232009,0.01233944,0.00656000
2021-08-04,1.9031,0.00271036,0.00272971,0.00148000
2021-08-05,1.9031,0.01234028,0.01235963,0.00654000
2021-08-06,1.9031,-0.00912721,-0.00910786,-0.00474000
2021-08-09,1.9031,0.00293874,0.00295809,0.00160000
2021-08-10,1.9031,-0.01005976,-0.01004040,-0.00523000
2021-08-11,1.9031,-0.00332262,-0.00330326,-0.00169000
2021-08-12,1.9031,0.00769660,0.00771596,0.00410000
2021-08-13,1.9031,0.00596474,0.00598409,0.00319000
2021-08-16,1.9031,0.00044561,0.00046497,0.00029000
2021-08-17,1.9031,-0.01740590,-0.01738655,-0.00909000
2021-08-18,1.9031,-0.01845263,-0.01843328,-0.00964000
2021-08-19,1.9031,0.00967587,0.00969523,0.00514000
2021-08-20,1.9031,0.02016221,0.02018157,0.01065000
2021-08-23,1.9031,0.02771770,0.02773706,0.01462000
2021-08-24,1.9031,0.00550798,0.00552734,0.00295000
2021-08-25,1.9031,0.00134009,0.00135945,0.00076000
2021-08-26,1.9031,-0.01125874,-0.01123938,-0.00586000
2021-08-27,1.9031,0.01917258,0.01919193,0.01013000
2021-08-30,1.9031,0.02117088,0.02119023,0.01118000
2021-08-31,1.9031,-0.00280877,-0.00278941,-0.00142000
2021-09-01,1.9031,0.00349065,0.00351000,0.00189000
2021-09-02,1.9031,-0.00096271,-0.00094336,-0.00045000
2021-09-03,1.9031,0.00586958,0.00588893,0.00314000
2021-09-07,1.9031,0.00272939,0.00274874,0.00149000
2021-09-08,1.9031,-0.00672925,-0.00670990,-0.00348000
2021-09-09,1.9031,-0.00733826,-0.00731890,-0.00380000
2021-09-10,1.9031,-0.01477956,-0.01476021,-0.00771000
2021-09-13,1.9031,-0.00082949,-0.00081014,-0.00038000
2021-09-14,1.9031,-0.00642475,-0.00640539,-0.00332000
2021-09-15,1.9031,0.01487146,0.01489082,0.00787000
2021-09-16,1.9031,0.00145428,0.00147363,0.00082000
2021-09-17,1.9031,-0.02243021,-0.02241086,-0.01173000
2021-09-20,1.9031,-0.03993916,-0.03991980,-0.02093000
2021-09-21,1.5974,0.00147010,0.00148290,0.00106000
2021-09-22,1.7511,0.01720531,0.01722141,0.00992000
2021-09-23,1.7511,0.01610892,0.01612501,0.00925000
2021-09-24,1.6214,0.00128880,0.00130212,0.00088000
2021-09-27,1.6214,-0.01323850,-0.01322519,-0.00812000
2021-09-28,1.6214,-0.04636270,-0.04634939,-0.02855000
2021-09-29,1.3075,-0.00169677,-0.00169018,-0.00115000
2021-09-30,1.3075,-0.00560633,-0.00559974,-0.00426000
2021-10-01,1.3075,0.00909045,0.00909704,0.00698000
2021-10-04,1.3075,-0.02826603,-0.02825944,-0.02159000
2021-10-05,1.1532,0.01602667,0.01602995,0.01398000
2021-10-06,1.1532,0.00728178,0.00728507,0.00633000
2021-10-07,1.1532,0.01018787,0.01019115,0.00885000
2021-10-08,1.1532,-0.00589940,-0.00589612,-0.00510000
2021-10-11,1.1532,-0.00832114,-0.00831786,-0.00720000
2021-10-12,1.1532,-0.00403120,-0.00402792,-0.00348000
2021-10-13,1.1532,0.00886168,0.00886496,0.00770000
2021-10-14,1.1532,0.02169690,0.02170019,0.01883000
2021-10-15,1.0235,0.00638033,0.00638083,0.00630000
2021-10-18,1.0235,0.01042655,0.01042705,0.01019000
2021-10-19,1.0235,0.00736633,0.00736683,0.00720000
2021-10-20,1.0235,-0.00143564,-0.00143514,-0.00140000
2021-10-21,1.0235,0.00673177,0.00673227,0.00658000
2021-10-22,1.1275,-0.00983120,-0.00982847,-0.00866000
2021-10-25,1.1275,0.01169976,0.01170249,0.01039000
2021-10-26,1.1275,0.00329985,0.00330259,0.00294000
2021-10-27,1.3356,0.00322208,0.00322927,0.00252000
2021-10-28,1.3356,0.01538617,0.01539336,0.01155000
2021-10-29,1.3356,0.00611742,0.00612461,0.00461000
2021-11-01,1.3356,0.00460824,0.00461543,0.00348000
2021-11-02,1.5035,0.00624658,0.00625737,0.00425000
2021-11-03,1.6066,0.01721265,0.01722565,0.01079000
2021-11-04,1.6066,0.02004371,0.02005671,0.01252000
2021-11-05,1.6066,0.00126211,0.00127511,0.00083000
2021-11-08,1.6066,-0.00232069,-0.00230769,-0.00140000
2021-11-09,1.6066,-0.01144640,-0.01143340,-0.00708000
2021-11-10,1.6066,-0.02325519,-0.02324219,-0.01443000
2021-11-11,1.4560,0.00418070,0.00419047,0.00296000
2021-11-12,1.6549,0.01715057,0.01716460,0.01047000
2021-11-15,1.6549,-0.00113624,-0.00112221,-0.00064000
2021-11-16,1.6549,0.01230180,0.01231583,0.00748000
2021-11-17,1.6549,-0.00020948,-0.00019544,-0.00008000
2021-11-18,1.6549,0.01771342,0.01772746,0.01075000
2021-11-19,1.6549,0.00904159,0.00905562,0.00551000
2021-11-22,1.6549,-0.01924119,-0.01922715,-0.01158000
2021-11-23,1.6549,-0.00754082,-0.00752679,-0.00451000
2021-11-24,1.6549,0.00616201,0.00617604,0.00377000
2021-11-26,1.6549,-0.03463205,-0.03461801,-0.02088000
2021-11-29,1.4462,0.03359824,0.03360780,0.02334000
2021-11-30,1.2512,-0.02018326,-0.02017787,-0.01603000
2021-12-01,1.2512,-0.02002316,-0.02001778,-0.01598000
2021-12-02,1.1223,0.00793429,0.00793691,0.00714000
2021-12-03,1.1223,-0.01955339,-0.01955077,-0.01741000
2021-12-06,1.1223,0.00959238,0.00959500,0.00856000
2021-12-07,1.1223,0.03396843,0.03397105,0.03028000
2021-12-08,1.0000,0.00416886,0.00416886,0.00423000
2021-12-09,1.0000,-0.01491000,-0.01491000,-0.01491000
2021-12-10,1.0000,0.01132000,0.01132000,0.01132000
2021-12-13,1.0000,-0.01525000,-0.01525000,-0.01525000
2021-12-14,1.0000,-0.01040000,-0.01040000,-0.01040000
2021-12-15,1.0000,0.02357000,0.02357000,0.02357000
2021-12-16,1.0000,-0.02611000,-0.02611000,-0.02611000
2021-12-17,1.0000,-0.00391000,-0.00391000,-0.00391000
2021-12-20,1.0000,-0.01098000,-0.01098000,-0.01098000
2021-12-21,1.0000,0.02297000,0.02297000,0.02297000
2021-12-22,1.0000,0.01215000,0.01215000,0.01215000
2021-12-23,1.0000,0.00794000,0.00794000,0.00794000
2021-12-27,1.0000,0.01592000,0.01592000,0.01592000
2021-12-28,1.0000,-0.00473000,-0.00473000,-0.00473000
2021-12-29,1.0000,0.00017000,0.00017000,0.00017000
2021-12-30,1.0000,-0.00373000,-0.00373000,-0.00373000
2021-12-31,1.0000,-0.00661000,-0.00661000,-0.00661000
2022-01-03,1.0000,0.01116000,0.01116000,0.01116000
2022-01-04,1.0000,-0.01343000,-0.01343000,-0.01343000
2022-01-05,1.0000,-0.03118000,-0.03118000,-0.03118000
2022-01-06,1.0000,-0.00038000,-0.00038000,-0.00038000
2022-01-07,1.0000,-0.01096000,-0.01096000,-0.01096000
2022-01-10,1.0000,0.00145000,0.00145000,0.00145000
2022-01-11,1.0000,0.01473000,0.01473000,0.01473000
2022-01-12,1.0000,0.00387000,0.00387000,0.00387000
2022-01-13,1.0000,-0.02572000,-0.02572000,-0.02572000
2022-01-14,1.0000,0.00751000,0.00751000,0.00751000
2022-01-18,1.0000,-0.02565000,-0.02565000,-0.02565000
2022-01-19,1.0000,-0.01069000,-0.01069000,-0.01069000
2022-01-20,1.0000,-0.01336000,-0.01336000,-0.01336000
2022-01-21,1.0000,-0.02746000,-0.02746000,-0.02746000
2022-01-24,1.0000,0.00495000,0.00495000,0.00495000
2022-01-25,1.0000,-0.02482000,-0.02482000,-0.02482000
2022-01-26,1.0000,0.00169000,0.00169000,0.00169000
2022-01-27,1.0000,-0.01195000,-0.01195000,-0.01195000
2022-01-28,1.0000,0.03227000,0.03227000,0.03227000
2022-01-31,1.0000,0.03292000,0.03292000,0.03292000
2022-02-01,1.0000,0.00603000,0.00603000,0.00603000
2022-02-02,1.0000,0.00802000,0.00802000,0.00802000
2022-02-03,1.0000,-0.04216000,-0.04216000,-0.04216000
2022-02-04,1.0000,0.01335000,0.01335000,0.01335000
2022-02-07,1.0000,-0.00835000,-0.00835000,-0.00835000
2022-02-08,1.0000,0.01209000,0.01209000,0.01209000
2022-02-09,1.0000,0.02104000,0.02104000,0.02104000
2022-02-10,1.0000,-0.02331000,-0.02331000,-0.02331000
2022-02-11,1.0000,-0.03070000,-0.03070000,-0.03070000
2022-02-14,1.0000,0.00106000,0.00106000,0.00106000
2022-02-15,1.0000,0.02471000,0.02471000,0.02471000
2022-02-16,1.0000,-0.00115000,-0.00115000,-0.00115000
2022-02-17,1.0000,-0.02955000,-0.02955000,-0.02955000
2022-02-18,1.0000,-0.01142000,-0.01142000,-0.01142000
2022-02-22,1.0000,-0.00990000,-0.00990000,-0.00990000
2022-02-23,1.0000,-0.02601000,-0.02601000,-0.02601000
2022-02-24,1.0000,0.03446000,0.03446000,0.03446000
2022-02-25,1.0000,0.01537000,0.01537000,0.01537000
2022-02-28,1.0000,0.00345000,0.00345000,0.00345000
2022-03-01,1.0000,-0.01626000,-0.01626000,-0.01626000
2022-03-02,0.0000,-0.00042000,-0.00042000,0.01700000
2022-03-03,0.0000,0.00008000,0.00008000,-0.01461000
2022-03-04,0.0000,0.00008000,0.00008000,-0.01404000
2022-03-07,0.0000,0.00008000,0.00008000,-0.03744000
2022-03-08,0.0000,0.00008000,0.00008000,-0.00386000
2022-03-09,0.0000,0.00008000,0.00008000,0.03579000
2022-03-10,0.0000,0.00008000,0.00008000,-0.01098000
2022-03-11,0.0000,0.00008000,0.00008000,-0.02125000
2022-03-14,0.0000,0.00008000,0.00008000,-0.01916000
2022-03-15,0.0000,0.00008000,0.00008000,0.03160000
2022-03-16,0.0000,0.00008000,0.00008000,0.03704000
2022-03-17,0.0000,0.00008000,0.00008000,0.01162000
2022-03-18,0.0000,0.00008000,0.00008000,0.02138000
2022-03-21,0.0000,0.00008000,0.00008000,-0.00303000
2022-03-22,0.0000,0.00008000,0.00008000,0.01938000
2022-03-23,0.0000,0.00008000,0.00008000,-0.01409000
2022-03-24,0.0000,0.00008000,0.00008000,0.02204000
2022-03-25,0.0000,0.00008000,0.00008000,-0.00075000
2022-03-28,0.0000,0.00008000,0.00008000,0.01582000
2022-03-29,0.0000,0.00008000,0.00008000,0.01683000
2022-03-30,0.0000,0.00008000,0.00008000,-0.01099000
2022-03-31,0.0000,0.00008000,0.00008000,-0.01544000
2022-04-01,0.0000,0.00008000,0.00008000,0.00155000
2022-04-04,0.0000,0.00008000,0.00008000,0.02010000
2022-04-05,0.0000,0.00008000,0.00008000,-0.02233000
2022-04-06,0.0000,0.00008000,0.00008000,-0.02169000
2022-04-07,0.0000,0.00008000,0.00008000,0.00229000
2022-04-08,0.0000,0.00008000,0.00008000,-0.01405000
2022-04-11,0.0000,0.00008000,0.00008000,-0.02350000
2022-04-12,0.0000,0.00008000,0.00008000,-0.00355000
2022-04-13,0.0000,0.00008000,0.00008000,0.01990000
2022-04-14,0.0000,0.00008000,0.00008000,-0.02277000
2022-04-18,0.0000,0.00008000,0.00008000,0.00129000
2022-04-19,0.0000,0.00008000,0.00008000,0.02155000
2022-04-20,0.0000,0.00008000,0.00008000,-0.01488000
2022-04-21,0.0000,0.00008000,0.00008000,-0.01984000
2022-04-22,0.0000,0.00008000,0.00008000,-0.02648000
2022-04-25,0.0000,0.00008000,0.00008000,0.01323000
2022-04-26,0.0000,0.00008000,0.00008000,-0.03866000
2022-04-27,0.0000,0.00008000,0.00008000,-0.00046000
2022-04-28,0.0000,0.00008000,0.00008000,0.03484000
2022-04-29,0.0000,0.00008000,0.00008000,-0.04466000
2022-05-02,0.0000,0.00008000,0.00008000,0.01722000
2022-05-03,0.0000,0.00008000,0.00008000,0.00110000
2022-05-04,0.0000,0.00008000,0.00008000,0.03408000
2022-05-05,0.0000,0.00008000,0.00008000,-0.05059000
2022-05-06,0.0000,0.00008000,0.00008000,-0.01220000
2022-05-09,0.0000,0.00008000,0.00008000,-0.03982000
2022-05-10,0.0000,0.00008000,0.00008000,0.01300000
2022-05-11,0.0000,0.00008000,0.00008000,-0.03062000
2022-05-12,0.0000,0.00008000,0.00008000,-0.00182000
2022-05-13,0.0000,0.00008000,0.00008000,0.03702000
2022-05-16,0.0000,0.00008000,0.00008000,-0.01159000
2022-05-17,0.0000,0.00008000,0.00008000,0.02620000
2022-05-18,0.0000,0.00008000,0.00008000,-0.05058000
2022-05-19,0.0000,0.00008000,0.00008000,-0.00439000
2022-05-20,0.0000,0.00008000,0.00008000,-0.00335000
2022-05-23,0.0000,0.00008000,0.00008000,0.01681000
2022-05-24,0.0000,0.00008000,0.00008000,-0.02195000
2022-05-25,0.0000,0.00008000,0.00008000,0.01481000
2022-05-26,0.0000,0.00008000,0.00008000,0.02789000
2022-05-27,0.0000,0.00008000,0.00008000,0.03298000
2022-05-31,0.0000,0.00008000,0.00008000,-0.00308000
2022-06-01,0.0000,0.00008000,0.00008000,-0.00739000
2022-06-02,0.0000,0.00008000,0.00008000,0.02748000
2022-06-03,0.0000,0.00008000,0.00008000,-0.02672000
2022-06-06,0.0000,0.00008000,0.00008000,0.00414000
2022-06-07,0.0000,0.00008000,0.00008000,0.00892000
2022-06-08,0.0000,0.00008000,0.00008000,-0.00757000
2022-06-09,0.0000,0.00008000,0.00008000,-0.02735000
2022-06-10,0.0000,0.00008000,0.00008000,-0.03559000
2022-06-13,0.0000,0.00008000,0.00008000,-0.04599000
2022-06-14,0.0000,0.00008000,0.00008000,0.00209000
2022-06-15,0.0000,0.00008000,0.00008000,0.02496000
2022-06-16,0.0000,0.00008000,0.00008000,-0.04019000
2022-06-17,0.0000,0.00008000,0.00008000,0.01246000
2022-06-21,0.0000,0.00008000,0.00008000,0.02495000
2022-06-22,0.0000,0.00008000,0.00008000,-0.00163000
2022-06-23,0.0000,0.00008000,0.00008000,0.01477000
2022-06-24,0.0000,0.00008000,0.00008000,0.03492000
2022-06-27,0.0000,0.00008000,0.00008000,-0.00804000
2022-06-28,0.0000,0.00008000,0.00008000,-0.03083000
2022-06-29,0.0000,0.00008000,0.00008000,0.00178000
2022-06-30,0.0000,0.00008000,0.00008000,-0.01323000
2022-07-01,0.0000,0.00008000,0.00008000,0.00715000
2022-07-05,0.0000,0.00008000,0.00008000,0.01679000
2022-07-06,0.0000,0.00008000,0.00008000,0.00619000
2022-07-07,0.0000,0.00008000,0.00008000,0.02166000
2022-07-08,0.0000,0.00008000,0.00008000,0.00140000
2022-07-11,0.0000,0.00008000,0.00008000,-0.02186000
2022-07-12,0.0000,0.00008000,0.00008000,-0.00970000
2022-07-13,0.0000,0.00008000,0.00008000,-0.00138000
2022-07-14,0.0000,0.00008000,0.00008000,0.00342000
2022-07-15,0.0000,0.00008000,0.00008000,0.01831000
2022-07-18,0.0000,0.00008000,0.00008000,-0.00883000
2022-07-19,0.0000,0.00008000,0.00008000,0.03134000
2022-07-20,0.0000,0.00008000,0.00008000,0.01556000
2022-07-21,0.0000,0.00008000,0.00008000,0.01447000
2022-07-22,0.0000,0.00008000,0.00008000,-0.01764000
2022-07-25,0.0000,0.00008000,0.00008000,-0.00547000
2022-07-26,0.0000,0.00008000,0.00008000,-0.01957000
2022-07-27,0.0000,0.00008000,0.00008000,0.04260000
2022-07-28,0.0000,0.00008000,0.00008000,0.00926000
2022-07-29,0.0000,0.00008000,0.00008000,0.01812000
2022-08-01,0.0000,0.00008000,0.00008000,-0.00053000
2022-08-02,0.0000,0.00008000,0.00008000,-0.00300000
2022-08-03,0.0000,0.00008000,0.00008000,0.02728000
2022-08-04,0.0000,0.00008000,0.00008000,0.00438000
2022-08-05,0.0000,0.00008000,0.00008000,-0.00774000
2022-08-08,0.0000,0.00008000,0.00008000,-0.00365000
2022-08-09,0.0000,0.00008000,0.00008000,-0.01145000
2022-08-10,0.0000,0.00008000,0.00008000,0.02848000
2022-08-11,0.0000,0.00008000,0.00008000,-0.00643000
2022-08-12,0.0000,0.00008000,0.00008000,0.02063000
2022-08-15,0.0000,0.00008000,0.00008000,0.00749000
2022-08-16,0.0000,0.00008000,0.00008000,-0.00232000
2022-08-17,0.0000,0.00008000,0.00008000,-0.01203000
2022-08-18,0.0000,0.00008000,0.00008000,0.00263000
2022-08-19,0.0000,0.00008000,0.00008000,-0.01946000
2022-08-22,0.0000,0.00008000,0.00008000,-0.02658000
2022-08-23,0.0000,0.00008000,0.00008000,-0.00065000
2022-08-24,0.0000,0.00008000,0.00008000,0.00282000
2022-08-25,0.0000,0.00008000,0.00008000,0.01750000
2022-08-26,0.0000,0.00008000,0.00008000,-0.04094000
2022-08-29,0.0000,0.00008000,0.00008000,-0.00956000
2022-08-30,0.0000,0.00008000,0.00008000,-0.01132000
2022-08-31,0.0000,0.00008000,0.00008000,-0.00570000
2022-09-01,0.0000,0.00008000,0.00008000,0.00023000
2022-09-02,0.0000,0.00008000,0.00008000,-0.01433000
2022-09-06,0.0000,0.00008000,0.00008000,-0.00718000
2022-09-07,0.0000,0.00008000,0.00008000,0.02068000
2022-09-08,0.0000,0.00008000,0.00008000,0.00506000
2022-09-09,0.0000,0.00008000,0.00008000,0.02170000
2022-09-12,0.0000,0.00008000,0.00008000,0.01205000
2022-09-13,0.0000,0.00008000,0.00008000,-0.05540000
2022-09-14,0.0000,0.00008000,0.00008000,0.00840000
2022-09-15,0.0000,0.00008000,0.00008000,-0.01703000
2022-09-16,0.0000,0.00008000,0.00008000,-0.00552000
2022-09-19,0.0000,0.00008000,0.00008000,0.00777000
2022-09-20,0.0000,0.00008000,0.00008000,-0.00849000
2022-09-21,0.0000,0.00008000,0.00008000,-0.01801000
2022-09-22,0.0000,0.00008000,0.00008000,-0.01167000
2022-09-23,0.0000,0.00008000,0.00008000,-0.01653000
2022-09-26,0.0000,0.00008000,0.00008000,-0.00503000
2022-09-27,0.0000,0.00008000,0.00008000,0.00159000
2022-09-28,0.0000,0.00008000,0.00008000,0.01973000
2022-09-29,0.0000,0.00008000,0.00008000,-0.02860000
2022-09-30,0.0000,0.00008000,0.00008000,-0.01731000
2022-10-03,0.0000,0.00008000,0.00008000,0.02359000
2022-10-04,0.0000,0.00008000,0.00008000,0.03144000
2022-10-05,0.0000,0.00008000,0.00008000,-0.00078000
2022-10-06,0.0000,0.00008000,0.00008000,-0.00755000
2022-10-07,0.0000,0.00008000,0.00008000,-0.03881000
2022-10-10,0.0000,0.00008000,0.00008000,-0.01017000
2022-10-11,0.0000,0.00008000,0.00008000,-0.01239000
2022-10-12,0.0000,0.00008000,0.00008000,-0.00051000
2022-10-13,0.0000,0.00008000,0.00008000,0.02301000
2022-10-14,0.0000,0.00008000,0.00008000,-0.03093000
2022-10-17,0.0000,0.00008000,0.00008000,0.03467000
2022-10-18,0.0000,0.00008000,0.00008000,0.00773000
2022-10-19,0.0000,0.00008000,0.00008000,-0.00396000
2022-10-20,0.0000,0.00008000,0.00008000,-0.00508000
2022-10-21,0.0000,0.00008000,0.00008000,0.02389000
2022-10-24,0.0000,0.00008000,0.00008000,0.01063000
2022-10-25,0.0000,0.00008000,0.00008000,0.02100000
2022-10-26,0.0000,0.00008000,0.00008000,-0.02261000
2022-10-27,0.0000,0.00008000,0.00008000,-0.01876000
2022-10-28,0.0000,0.00008000,0.00008000,0.03171000
2022-10-31,0.0000,0.00008000,0.00008000,-0.01216000
2022-11-01,0.0000,0.00008000,0.00008000,-0.01020000
2022-11-02,0.0000,0.00008000,0.00008000,-0.03387000
2022-11-03,0.0000,0.00008000,0.00008000,-0.01976000
2022-11-04,0.0000,0.00008000,0.00008000,0.01559000
2022-11-07,0.0000,0.00008000,0.00008000,0.01107000
2022-11-08,0.0000,0.00008000,0.00008000,0.00754000
2022-11-09,0.0000,0.00008000,0.00008000,-0.02366000
2022-11-10,0.0000,0.00008000,0.00008000,0.07489000
2022-11-11,0.0000,0.00008000,0.00008000,0.01821000
2022-11-14,0.0000,0.00008000,0.00008000,-0.00980000
2022-11-15,0.0000,0.00008000,0.00008000,0.01457000
2022-11-16,0.0000,0.00008000,0.00008000,-0.01447000
2022-11-17,0.0000,0.00008000,0.00008000,-0.00188000
2022-11-18,0.0000,0.00008000,0.00008000,0.00004000
2022-11-21,0.0000,0.00008000,0.00008000,-0.01056000
2022-11-22,0.0000,0.00008000,0.00008000,0.01486000
2022-11-23,0.0000,0.00008000,0.00008000,0.00974000
2022-11-25,0.0000,0.00008000,0.00008000,-0.00696000
2022-11-28,0.0000,0.00008000,0.00008000,-0.01429000
2022-11-29,0.0000,0.00008000,0.00008000,-0.00725000
2022-11-30,0.0000,0.00008000,0.00008000,0.04580000
2022-12-01,0.0000,0.00008000,0.00008000,0.00101000
2022-12-02,0.0000,0.00008000,0.00008000,-0.00393000
2022-12-05,0.0000,0.00008000,0.00008000,-0.01727000
2022-12-06,0.0000,0.00008000,0.00008000,-0.02009000
2022-12-07,0.0000,0.00008000,0.00008000,-0.00450000
2022-12-08,0.0000,0.00008000,0.00008000,0.01221000
2022-12-09,0.0000,0.00008000,0.00008000,-0.00635000
2022-12-12,0.0000,0.00008000,0.00008000,0.01240000
2022-12-13,0.0000,0.00008000,0.00008000,0.01094000
2022-12-14,0.0000,0.00008000,0.00008000,-0.00786000
2022-12-15,0.0000,0.00008000,0.00008000,-0.03368000
2022-12-16,0.0000,0.00008000,0.00008000,-0.00892000
2022-12-19,0.0000,0.00008000,0.00008000,-0.01413000
2022-12-20,0.0000,0.00008000,0.00008000,-0.00107000
2022-12-21,0.0000,0.00008000,0.00008000,0.01479000
2022-12-22,0.0000,0.00008000,0.00008000,-0.02487000
2022-12-23,0.0000,0.00008000,0.00008000,0.00270000
2022-12-27,0.0000,0.00008000,0.00008000,-0.01481000
2022-12-28,0.0000,0.00008000,0.00008000,-0.01321000
2022-12-29,0.0000,0.00008000,0.00008000,0.02547000
2022-12-30,0.0000,0.00008000,0.00008000,-0.00101000
2023-01-03,0.0000,0.00020000,0.00020000,-0.00703000
2023-01-04,0.0000,0.00020000,0.00020000,0.00483000
2023-01-05,0.0000,0.00020000,0.00020000,-0.01588000
2023-01-06,0.0000,0.00020000,0.00020000,0.02787000
2023-01-09,0.0000,0.00020000,0.00020000,0.00619000
2023-01-10,0.0000,0.00020000,0.00020000,0.00879000
2023-01-11,0.0000,0.00020000,0.00020000,0.01758000
2023-01-12,0.0000,0.00020000,0.00020000,0.00503000
2023-01-13,0.0000,0.00020000,0.00020000,0.00717000
2023-01-17,0.0000,0.00020000,0.00020000,0.00138000
2023-01-18,0.0000,0.00020000,0.00020000,-0.01269000
2023-01-19,0.0000,0.00020000,0.00020000,-0.01002000
2023-01-20,0.0000,0.00020000,0.00020000,0.02865000
2023-01-23,0.0000,0.00020000,0.00020000,0.02184000
2023-01-24,0.0000,0.00020000,0.00020000,-0.00216000
2023-01-25,0.0000,0.00020000,0.00020000,-0.00267000
2023-01-26,0.0000,0.00020000,0.00020000,0.02007000
2023-01-27,0.0000,0.00020000,0.00020000,0.00958000
2023-01-30,0.0000,0.00020000,0.00020000,-0.02087000
2023-01-31,0.0000,0.00020000,0.00020000,0.01593000
2023-02-01,0.0000,0.00020000,0.00020000,0.02160000
2023-02-02,0.0000,0.00020000,0.00020000,0.03562000
2023-02-03,0.0000,0.00020000,0.00020000,-0.01792000
2023-02-06,0.0000,0.00020000,0.00020000,-0.00863000
2023-02-07,0.0000,0.00020000,0.00020000,0.02118000
2023-02-08,0.0000,0.00020000,0.00020000,-0.01827000
2023-02-09,0.0000,0.00020000,0.00020000,-0.00912000
2023-02-10,0.0000,0.00020000,0.00020000,-0.00613000
2023-02-13,0.0000,0.00020000,0.00020000,0.01607000
2023-02-14,0.0000,0.00020000,0.00020000,0.00711000
2023-02-15,0.0000,0.00020000,0.00020000,0.00773000
2023-02-16,0.0000,0.00020000,0.00020000,-0.01932000
2023-02-17,0.0000,0.00020000,0.00020000,-0.00675000
2023-02-21,0.0000,0.00020000,0.00020000,-0.02408000
2023-02-22,1.0000,0.00002000,0.00002000,0.00052000
2023-02-23,1.0000,0.00946000,0.00946000,0.00946000
2023-02-24,1.0000,-0.01726000,-0.01726000,-0.01726000
2023-02-27,1.0000,0.00739000,0.00739000,0.00739000
2023-02-28,1.0000,-0.00128000,-0.00128000,-0.00128000
2023-03-01,1.0000,-0.00858000,-0.00858000,-0.00858000
2023-03-02,1.0000,0.00893000,0.00893000,0.00893000
2023-03-03,1.0000,0.02044000,0.02044000,0.02044000
2023-03-06,1.0000,0.00097000,0.00097000,0.00097000
2023-03-07,1.0000,-0.01219000,-0.01219000,-0.01219000
2023-03-08,1.0000,0.00522000,0.00522000,0.00522000
2023-03-09,1.0000,-0.01794000,-0.01794000,-0.01794000
2023-03-10,1.0000,-0.01378000,-0.01378000,-0.01378000
2023-03-13,1.0000,0.00788000,0.00788000,0.00788000
2023-03-14,1.0000,0.02322000,0.02322000,0.02322000
2023-03-15,1.0000,0.00425000,0.00425000,0.00425000
2023-03-16,1.0000,0.02697000,0.02697000,0.02697000
2023-03-17,1.0000,-0.00487000,-0.00487000,-0.00487000
2023-03-20,1.0000,0.00344000,0.00344000,0.00344000
2023-03-21,1.0000,0.01426000,0.01426000,0.01426000
2023-03-22,1.0000,-0.01366000,-0.01366000,-0.01366000
2023-03-23,1.0000,0.01292000,0.01292000,0.01292000
2023-03-24,1.0000,0.00299000,0.00299000,0.00299000
2023-03-27,1.0000,-0.00734000,-0.00734000,-0.00734000
2023-03-28,1.0000,-0.00491000,-0.00491000,-0.00491000
2023-03-29,1.0000,0.01870000,0.01870000,0.01870000
2023-03-30,1.0000,0.00914000,0.00914000,0.00914000
2023-03-31,1.0000,0.01686000,0.01686000,0.01686000
2023-04-03,1.0000,-0.00248000,-0.00248000,-0.00248000
2023-04-04,1.0000,-0.00365000,-0.00365000,-0.00365000
2023-04-05,1.0000,-0.01012000,-0.01012000,-0.01012000
2023-04-06,1.0000,0.00738000,0.00738000,0.00738000
2023-04-10,1.0000,-0.00085000,-0.00085000,-0.00085000
2023-04-11,1.0000,-0.00665000,-0.00665000,-0.00665000
2023-04-12,1.0000,-0.00891000,-0.00891000,-0.00891000
2023-04-13,1.1482,0.02324543,0.02324860,0.02034000
2023-04-14,1.1482,-0.00261872,-0.00261555,-0.00225000
2023-04-17,1.1482,0.00071111,0.00071429,0.00065000
2023-04-18,1.1482,0.00035516,0.00035834,0.00034000
2023-04-19,1.1482,-0.00027636,-0.00027318,-0.00021000
2023-04-20,1.3070,-0.01037298,-0.01036640,-0.00782000
2023-04-21,1.3070,0.00144313,0.00144971,0.00116000
2023-04-24,1.4228,-0.00351618,-0.00350712,-0.00236000
2023-04-25,1.0000,-0.01905139,-0.01905139,-0.01884000
2023-04-26,1.0000,0.00642000,0.00642000,0.00642000
2023-04-27,1.0000,0.02763000,0.02763000,0.02763000
2023-04-28,1.0000,0.00656000,0.00656000,0.00656000
2023-05-01,1.0000,-0.00107000,-0.00107000,-0.00107000
2023-05-02,1.0000,-0.00888000,-0.00888000,-0.00888000
2023-05-03,1.0000,-0.00634000,-0.00634000,-0.00634000
2023-05-04,1.0000,-0.00364000,-0.00364000,-0.00364000
2023-05-05,1.0000,0.02133000,0.02133000,0.02133000
2023-05-08,1.0000,0.00248000,0.00248000,0.00248000
2023-05-09,1.0000,-0.00679000,-0.00679000,-0.00679000
2023-05-10,1.0000,0.01114000,0.01114000,0.01114000
2023-05-11,1.0000,0.00317000,0.00317000,0.00317000
2023-05-12,1.0000,-0.00368000,-0.00368000,-0.00368000
2023-05-15,1.0000,0.00552000,0.00552000,0.00552000
2023-05-16,1.0000,0.00096000,0.00096000,0.00096000
2023-05-17,1.0000,0.01218000,0.01218000,0.01218000
2023-05-18,1.0000,0.01808000,0.01808000,0.01808000
2023-05-19,1.0000,-0.00223000,-0.00223000,-0.00223000
2023-05-22,1.0000,0.00337000,0.00337000,0.00337000
2023-05-23,1.0000,-0.01277000,-0.01277000,-0.01277000
2023-05-24,1.0000,-0.00495000,-0.00495000,-0.00495000
2023-05-25,1.0000,0.02458000,0.02458000,0.02458000
2023-05-26,1.0000,0.02584000,0.02584000,0.02584000
2023-05-30,1.0000,0.00398000,0.00398000,0.00398000
2023-05-31,1.0000,-0.00701000,-0.00701000,-0.00701000
2023-06-01,1.0000,0.01317000,0.01317000,0.01317000
2023-06-02,1.0000,0.00730000,0.00730000,0.00730000
2023-06-05,1.0000,0.00070000,0.00070000,0.00070000
2023-06-06,1.0000,0.00013000,0.00013000,0.00013000
2023-06-07,1.0000,-0.01748000,-0.01748000,-0.01748000
2023-06-08,1.0000,0.01270000,0.01270000,0.01270000
2023-06-09,1.0000,0.00305000,0.00305000,0.00305000
2023-06-12,1.0000,0.01764000,0.01764000,0.01764000
2023-06-13,1.0000,0.00791000,0.00791000,0.00791000
2023-06-14,1.0000,0.00706000,0.00706000,0.00706000
2023-06-15,1.0000,0.01201000,0.01201000,0.01201000
2023-06-16,1.0000,-0.00666000,-0.00666000,-0.00666000
2023-06-20,1.0000,-0.00089000,-0.00089000,-0.00089000
2023-06-21,1.0000,-0.01343000,-0.01343000,-0.01343000
2023-06-22,1.0000,0.01179000,0.01179000,0.01179000
2023-06-23,1.0000,-0.01000000,-0.01000000,-0.01000000
2023-06-26,1.0000,-0.01357000,-0.01357000,-0.01357000
2023-06-27,1.0000,0.01751000,0.01751000,0.01751000
2023-06-28,1.1796,0.00136560,0.00136945,0.00127000
2023-06-29,1.1796,-0.00195365,-0.00194980,-0.00162000
2023-06-30,1.1796,0.01887818,0.01888203,0.01604000
2023-07-03,1.1796,0.00228113,0.00228498,0.00197000
2023-07-05,1.1796,-0.00039657,-0.00039272,-0.00030000
2023-07-06,1.1796,-0.00888973,-0.00888589,-0.00750000
2023-07-07,1.1796,-0.00412413,-0.00412028,-0.00346000
2023-07-10,1.1796,0.00067687,0.00068072,0.00061000
2023-07-11,1.3092,0.00627677,0.00628339,0.00490000
2023-07-12,1.3092,0.01625217,0.01625880,0.01247000
2023-07-13,1.3092,0.02260177,0.02260840,0.01732000
2023-07-14,1.3092,-0.00058408,-0.00057746,-0.00039000
2023-07-17,1.3092,0.01237695,0.01238358,0.00951000
2023-07-18,1.3092,0.01062263,0.01062926,0.00817000
2023-07-19,1.3092,-0.00127796,-0.00127133,-0.00092000
2023-07-20,1.3092,-0.02984460,-0.02983797,-0.02274000
2023-07-21,1.1977,-0.00320476,-0.00320053,-0.00259000
2023-07-24,1.1977,0.00171362,0.00171785,0.00147000
2023-07-25,1.1977,0.00876802,0.00877226,0.00736000
2023-07-26,1.3100,-0.00533052,-0.00532387,-0.00397000
2023-07-27,1.4241,-0.00327671,-0.00326762,-0.00219000
2023-07-28,1.4241,0.02627395,0.02628304,0.01852000
2023-07-31,1.2920,0.00039426,0.00040052,0.00041000
2023-08-01,1.2920,-0.00323486,-0.00322860,-0.00245000
2023-08-02,1.2920,-0.02858425,-0.02857799,-0.02207000
2023-08-03,1.2920,-0.00149063,-0.00148437,-0.00110000
2023-08-04,1.2920,-0.00665870,-0.00665245,-0.00510000
2023-08-07,1.2920,0.01120991,0.01121616,0.00873000
2023-08-08,1.2920,-0.01133581,-0.01132955,-0.00872000
2023-08-09,1.1911,-0.01342423,-0.01342013,-0.01119000
2023-08-10,1.1911,0.00212237,0.00212646,0.00182000
2023-08-11,1.1911,-0.00795429,-0.00795019,-0.00664000
2023-08-14,1.1911,0.01405713,0.01406123,0.01184000
2023-08-15,1.1911,-0.01317128,-0.01316719,-0.01102000
2023-08-16,1.1911,-0.01277822,-0.01277412,-0.01069000
2023-08-17,1.1911,-0.01288542,-0.01288132,-0.01078000
2023-08-18,1.3374,-0.00202574,-0.00201851,-0.00140000
2023-08-21,1.3374,0.02196038,0.02196761,0.01648000
2023-08-22,1.3374,-0.00252767,-0.00252044,-0.00183000
2023-08-23,1.3374,0.02139867,0.02140590,0.01606000
2023-08-24,1.1954,-0.02626060,-0.02625642,-0.02187000
2023-08-25,1.0830,0.00911833,0.00912011,0.00849000
2023-08-28,1.0830,0.00802662,0.00802840,0.00743000
2023-08-29,1.0830,0.02331791,0.02331969,0.02155000
2023-08-30,1.0830,0.00605565,0.00605742,0.00561000
2023-08-31,1.0830,0.00270932,0.00271110,0.00252000
2023-09-01,1.0830,-0.00070198,-0.00070020,-0.00063000
2023-09-05,1.0830,0.00122568,0.00122746,0.00115000
2023-09-06,1.0830,-0.00954970,-0.00954792,-0.00880000
2023-09-07,1.0830,-0.00794693,-0.00794515,-0.00732000
2023-09-08,1.0830,0.00155056,0.00155234,0.00145000
2023-09-11,1.0830,0.01287825,0.01288003,0.01191000
2023-09-12,1.0830,-0.01205132,-0.01204954,-0.01111000
2023-09-13,1.0830,0.00417131,0.00417309,0.00387000
2023-09-14,1.0830,0.00884966,0.00885144,0.00819000
2023-09-15,1.1925,-0.02099336,-0.02098924,-0.01752000
2023-09-18,1.1925,0.00177878,0.00178291,0.00153000
2023-09-19,1.1925,-0.00269314,-0.00268901,-0.00222000
2023-09-20,1.1925,-0.01738489,-0.01738077,-0.01454000
2023-09-21,1.1925,-0.02197607,-0.02197194,-0.01839000
2023-09-22,1.1925,0.00053857,0.00054270,0.00049000
2023-09-25,1.1925,0.00548750,0.00549162,0.00464000
2023-09-26,1.1925,-0.01802885,-0.01802473,-0.01508000
2023-09-27,1.1925,0.00279242,0.00279655,0.00238000
2023-09-28,1.3828,0.01147108,0.01147928,0.00843000
2023-09-29,1.3828,0.00111206,0.00112027,0.00087000
2023-10-02,1.3828,0.01144178,0.01144999,0.00834000
2023-10-03,1.3828,-0.02539674,-0.02538853,-0.01830000
2023-10-04,1.2286,0.01765939,0.01766429,0.01448000
2023-10-05,1.2286,-0.00444062,-0.00443572,-0.00357000
2023-10-06,1.2286,0.02084496,0.02084986,0.01701000
2023-10-09,1.2286,0.00603975,0.00604465,0.00496000
2023-10-10,1.2286,0.00686294,0.00686784,0.00563000
2023-10-11,1.2286,0.00887792,0.00888282,0.00727000
2023-10-12,1.2286,-0.00462492,-0.00462002,-0.00372000
2023-10-13,1.2286,-0.01531416,-0.01530926,-0.01242000
2023-10-16,1.2286,0.01452971,0.01453461,0.01187000
2023-10-17,1.2286,-0.00413346,-0.00412856,-0.00332000
2023-10-18,1.2286,-0.01731686,-0.01731196,-0.01405000
2023-10-19,1.2286,-0.01042414,-0.01041924,-0.00844000
2023-10-20,1.2286,-0.01849636,-0.01849146,-0.01501000
2023-10-23,1.2286,0.00368074,0.00368564,0.00304000
2023-10-24,1.2286,0.01183897,0.01184387,0.00968000
2023-10-25,1.2286,-0.03037739,-0.03037249,-0.02468000
2023-10-26,1.0961,-0.02079509,-0.02079303,-0.01889000
2023-10-27,1.0961,0.00551263,0.00551469,0.00505000
2023-10-30,1.0961,0.01199079,0.01199285,0.01096000
2023-10-31,1.0961,0.00567705,0.00567911,0.00520000
2023-11-01,1.0961,0.01941162,0.01941368,0.01773000
2023-11-02,1.0961,0.01903893,0.01904099,0.01739000
2023-11-03,1.0961,0.01321846,0.01322052,0.01208000
2023-11-06,1.0961,0.00403285,0.00403491,0.00370000
2023-11-07,1.0961,0.01020409,0.01020615,0.00933000
2023-11-08,1.0961,0.00123770,0.00123976,0.00115000
2023-11-09,1.0961,-0.00896731,-0.00896525,-0.00816000
2023-11-10,1.0961,0.02462922,0.02463128,0.02249000
2023-11-13,1.0961,-0.00326741,-0.00326535,-0.00296000
2023-11-14,1.0961,0.02334674,0.02334880,0.02132000
2023-11-15,1.0961,0.00032791,0.00032997,0.00032000
2023-11-16,1.0961,0.00110617,0.00110823,0.00103000
2023-11-17,1.0961,0.00033887,0.00034093,0.00033000
2023-11-20,1.0961,0.01308692,0.01308898,0.01196000
2023-11-21,1.0961,-0.00639139,-0.00638933,-0.00581000
2023-11-22,1.0961,0.00466861,0.00467067,0.00428000
2023-11-24,1.0961,-0.00132725,-0.00132519,-0.00119000
2023-11-27,1.0961,-0.00137110,-0.00136904,-0.00123000
2023-11-28,1.1999,0.00357226,0.00357654,0.00306000
2023-11-29,1.1999,-0.00172735,-0.00172307,-0.00140000
2023-11-30,1.1999,-0.00299923,-0.00299494,-0.00246000
2023-12-01,1.3395,0.00405546,0.00406273,0.00314000
2023-12-04,1.4632,-0.01458444,-0.01457451,-0.00985000
2023-12-05,1.4632,0.00344546,0.00345539,0.00243000
2023-12-06,1.4632,-0.00833326,-0.00832333,-0.00562000
2023-12-07,1.4632,0.02164762,0.02165754,0.01487000
2023-12-08,1.4632,0.00561099,0.00562092,0.00391000
2023-12-11,1.4632,0.01238559,0.01239551,0.00854000
2023-12-12,1.6852,0.01352769,0.01354237,0.00819000
2023-12-13,1.6852,0.02132305,0.02133773,0.01275000
2023-12-14,1.8874,-0.00306759,-0.00304857,-0.00146000
2023-12-15,1.8874,0.00960340,0.00962241,0.00520000
2023-12-18,1.8874,0.01190599,0.01192500,0.00642000
2023-12-19,1.8874,0.00909381,0.00911282,0.00493000
2023-12-20,1.8874,-0.02908768,-0.02906867,-0.01530000
2023-12-21,1.7415,0.02117073,0.02118662,0.01230000
2023-12-22,1.7415,0.00194834,0.00196422,0.00122000
2023-12-26,1.7415,0.01035958,0.01037546,0.00605000
2023-12-27,1.6184,0.00254270,0.00255595,0.00170000
2023-12-28,1.6184,-0.00090762,-0.00089437,-0.00047000
2023-12-29,1.6184,-0.00705742,-0.00704416,-0.00427000
2024-01-02,1.6184,-0.02723846,-0.02722521,-0.01674000
2024-01-03,1.4585,-0.01562026,-0.01561043,-0.01058000
2024-01-04,1.4585,-0.00778091,-0.00777109,-0.00526000
2024-01-05,1.4585,0.00207882,0.00208864,0.00150000
2024-01-08,1.4585,0.03068077,0.03069060,0.02111000
2024-01-09,1.4585,0.00245804,0.00246786,0.00176000
2024-01-10,1.4585,0.00992576,0.00993558,0.00688000
2024-01-11,1.4585,0.00234135,0.00235118,0.00168000
2024-01-12,1.4585,0.00097033,0.00098015,0.00074000
2024-01-16,1.4585,-0.00026943,-0.00025961,-0.00011000
2024-01-17,1.4585,-0.00826223,-0.00825240,-0.00559000
2024-01-18,1.4585,0.02136071,0.02137053,0.01472000
2024-01-19,1.4585,0.02842004,0.02842986,0.01956000
2024-01-22,1.2652,0.00106754,0.00107322,0.00097000
2024-01-23,1.2652,0.00535203,0.00535771,0.00428000
2024-01-24,1.4021,0.00753341,0.00754203,0.00549000
2024-01-25,1.4021,0.00134857,0.00135719,0.00103000
2024-01-26,1.4021,-0.00775093,-0.00774232,-0.00546000
2024-01-29,1.4021,0.01403740,0.01404601,0.01008000
2024-01-30,1.4021,-0.00958766,-0.00957904,-0.00677000
2024-01-31,1.4021,-0.02729594,-0.02728732,-0.01940000
2024-02-01,1.4021,0.01691166,0.01692028,0.01213000
2024-02-02,1.2947,0.02215811,0.02216443,0.01721000
2024-02-05,1.2947,-0.00221926,-0.00221294,-0.00166000
2024-02-06,1.2947,-0.00299608,-0.00298977,-0.00226000
2024-02-07,1.2947,0.01339487,0.01340118,0.01040000
2024-02-08,1.2947,0.00201442,0.00202074,0.00161000
2024-02-09,1.2947,0.01300646,0.01301277,0.01010000
2024-02-12,1.2947,-0.00579264,-0.00578633,-0.00442000
2024-02-13,1.2947,-0.02047458,-0.02046827,-0.01576000
2024-02-14,1.2947,0.01520745,0.01521377,0.01180000
2024-02-15,1.1849,0.00246043,0.00246439,0.00216000
2024-02-16,1.1849,-0.01062471,-0.01062075,-0.00893000
2024-02-20,1.3432,-0.01075860,-0.01075125,-0.00789000
2024-02-21,1.3432,-0.00519917,-0.00519182,-0.00381000
2024-02-22,1.3432,0.04036219,0.04036954,0.03011000
2024-02-23,1.0910,-0.00418439,-0.00418244,-0.00370000
2024-02-26,1.0910,-0.00025074,-0.00024879,-0.00021000
2024-02-27,1.0910,0.00230218,0.00230413,0.00213000
2024-02-28,1.0910,-0.00585842,-0.00585647,-0.00535000
2024-02-29,1.0910,0.01034277,0.01034472,0.00950000
2024-03-01,1.0910,0.01566680,0.01566875,0.01438000
2024-03-04,1.0910,-0.00454923,-0.00454728,-0.00415000
2024-03-05,1.2516,-0.02268221,-0.02267681,-0.01801000
2024-03-06,1.2516,0.00833870,0.00834409,0.00671000
2024-03-07,1.1516,0.01786751,0.01787076,0.01559000
2024-03-08,1.1516,-0.01759806,-0.01759481,-0.01525000
2024-03-11,1.1516,-0.00427395,-0.00427071,-0.00368000
2024-03-12,1.1516,0.01714595,0.01714920,0.01492000
2024-03-13,1.0513,-0.00872516,-0.00872406,-0.00824000
2024-03-14,1.0513,-0.00311357,-0.00311247,-0.00295000
2024-03-15,1.0513,-0.01203921,-0.01203811,-0.01144000
2024-03-18,1.0513,0.01044836,0.01044946,0.00995000
2024-03-19,1.0513,0.00277378,0.00277488,0.00265000
2024-03-20,1.0513,0.01213046,0.01213156,0.01155000
2024-03-21,1.0513,0.00463460,0.00463570,0.00442000
2024-03-22,1.2904,0.00117926,0.00118548,0.00106000
2024-03-25,1.2904,-0.00443063,-0.00442441,-0.00338000
2024-03-26,1.2904,-0.00474033,-0.00473411,-0.00362000
2024-03-27,1.2904,0.00493778,0.00494400,0.00388000
2024-03-28,1.2904,-0.00188852,-0.00188229,-0.00141000
2024-04-01,1.2904,0.00267955,0.00268578,0.00213000
2024-04-02,1.4024,-0.01326408,-0.01325546,-0.00935000
2024-04-03,1.4024,0.00290549,0.00291411,0.00214000
2024-04-04,1.5285,-0.02383496,-0.02382363,-0.01547000
2024-04-05,1.4274,0.01821783,0.01822699,0.01287000
2024-04-08,1.4274,-0.00071534,-0.00070618,-0.00043000
2024-04-09,1.5963,0.00596748,0.00598026,0.00388000
2024-04-10,1.5963,-0.01401374,-0.01400096,-0.00869000
2024-04-11,1.5963,0.02616556,0.02617834,0.01648000
2024-04-12,1.5963,-0.02665657,-0.02664379,-0.01661000
2024-04-15,1.4200,-0.02354653,-0.02353753,-0.01645000
2024-04-16,1.4200,0.00048236,0.00049136,0.00041000
2024-04-17,1.4200,-0.01770748,-0.01769848,-0.01240000
2024-04-18,1.4200,-0.00812267,-0.00811367,-0.00565000
2024-04-19,1.4200,-0.02918085,-0.02917185,-0.02048000
2024-04-22,1.2353,0.01243961,0.01244465,0.01019000
2024-04-23,1.2353,0.01867146,0.01867650,0.01516000
2024-04-24,1.2353,0.00388472,0.00388977,0.00319000
2024-04-25,1.2353,-0.00681311,-0.00680807,-0.00547000
2024-04-26,1.2353,0.02037620,0.02038124,0.01654000
2024-04-29,1.0896,0.00389364,0.00389556,0.00366000
2024-04-30,1.0896,-0.02095180,-0.02094989,-0.01921000
2024-05-01,1.0896,-0.00762644,-0.00762452,-0.00698000
2024-05-02,1.0896,0.01403408,0.01403600,0.01290000
2024-05-03,1.0896,0.02169371,0.02169563,0.01993000
2024-05-06,1.0896,0.01235615,0.01235807,0.01136000
2024-05-07,1.0896,-0.00011935,-0.00011743,-0.00009000
2024-05-08,1.0896,-0.00038085,-0.00037893,-0.00033000
2024-05-09,1.0896,0.00172201,0.00172393,0.00160000
2024-05-10,1.0896,0.00287695,0.00287887,0.00266000
2024-05-13,1.0896,0.00224500,0.00224692,0.00208000
2024-05-14,1.0896,0.00744222,0.00744414,0.00685000
2024-05-15,1.0896,0.01628948,0.01629140,0.01497000
2024-05-16,1.0896,-0.00226579,-0.00226387,-0.00206000
2024-05-17,1.0896,-0.00068592,-0.00068400,-0.00061000
2024-05-20,1.2473,0.00849356,0.00849885,0.00692000
2024-05-21,1.2473,0.00261041,0.00261570,0.00214000
2024-05-22,1.2473,-0.00060758,-0.00060228,-0.00044000
2024-05-23,1.2473,-0.00548446,-0.00547916,-0.00435000
2024-05-24,1.3494,0.01330630,0.01331378,0.00996000
2024-05-28,1.3494,0.00432961,0.00433710,0.00327000
2024-05-29,1.3494,-0.00954265,-0.00953516,-0.00701000
2024-05-30,1.5983,-0.01712869,-0.01711587,-0.01055000
2024-05-31,1.5983,-0.00027008,-0.00025726,-0.00008000
2024-06-03,1.5983,0.00543585,0.00544867,0.00349000
2024-06-04,2.0000,0.00540145,0.00542288,0.00292000
2024-06-05,2.0000,0.04058230,0.04060373,0.02041000
2024-06-06,1.7350,-0.00152171,-0.00150596,-0.00070000
2024-06-07,1.7350,-0.00197913,-0.00196338,-0.00104000
2024-06-10,1.7350,0.00659184,0.00660759,0.00390000
2024-06-11,1.7350,0.01219594,0.01221169,0.00713000
2024-06-12,1.7350,0.02290097,0.02291672,0.01330000
2024-06-13,1.6031,0.00902459,0.00903751,0.00576000
2024-06-14,1.7406,0.00717011,0.00718598,0.00426000
2024-06-17,1.7406,0.02137237,0.02138824,0.01238000
2024-06-18,1.6185,0.00032605,0.00033931,0.00033000
2024-06-20,1.6185,-0.01283616,-0.01282291,-0.00784000
2024-06-21,1.6185,-0.00435515,-0.00434190,-0.00260000
2024-06-24,1.6185,-0.01866281,-0.01864955,-0.01144000
2024-06-25,1.6185,0.01870865,0.01872191,0.01165000
2024-06-26,1.5172,0.00371057,0.00372166,0.00256000
2024-06-27,1.5172,0.00283568,0.00284677,0.00195000
2024-06-28,1.5172,-0.00822505,-0.00821396,-0.00534000
2024-07-01,1.5172,0.00989088,0.00990197,0.00660000
2024-07-02,1.5172,0.01520125,0.01521233,0.01010000
2024-07-03,1.5172,0.01316814,0.01317922,0.00876000
2024-07-05,1.5172,0.01535297,0.01536406,0.01020000
2024-07-08,1.6697,0.00370511,0.00371946,0.00236000
2024-07-09,1.6697,0.00097622,0.00099057,0.00068000
2024-07-10,1.6697,0.01804073,0.01805508,0.01090000
2024-07-11,1.6697,-0.03759426,-0.03757991,-0.02242000
2024-07-12,1.3626,0.00789484,0.00790261,0.00597000
2024-07-15,1.3626,0.00366091,0.00366868,0.00275000
2024-07-16,1.3626,0.00073136,0.00073913,0.00060000
2024-07-17,1.3626,-0.04009151,-0.04008374,-0.02936000
2024-07-18,1.1833,-0.00573036,-0.00572643,-0.00473000
2024-07-19,1.1833,-0.01097756,-0.01097363,-0.00924000
2024-07-22,1.1833,0.01817972,0.01818365,0.01540000
2024-07-23,1.1833,-0.00410240,-0.00409847,-0.00343000
2024-07-24,1.1833,-0.04325883,-0.04325490,-0.03652000
2024-07-25,1.0000,-0.01067167,-0.01067167,-0.01058000
2024-07-26,1.0000,0.01028000,0.01028000,0.01028000
2024-07-29,1.0000,0.00191000,0.00191000,0.00191000
2024-07-30,1.0000,-0.01379000,-0.01379000,-0.01379000
2024-07-31,1.0000,0.03014000,0.03014000,0.03014000
2024-08-01,1.0000,-0.02436000,-0.02436000,-0.02436000
2024-08-02,1.0000,-0.02377000,-0.02377000,-0.02377000
2024-08-05,1.0000,-0.02957000,-0.02957000,-0.02957000
2024-08-06,1.0000,0.01024000,0.01024000,0.01024000
2024-08-07,1.0000,-0.01162000,-0.01162000,-0.01162000
2024-08-08,1.0000,0.03061000,0.03061000,0.03061000
2024-08-09,1.0000,0.00542000,0.00542000,0.00542000
2024-08-12,1.0000,0.00159000,0.00159000,0.00159000
2024-08-13,1.0000,0.02507000,0.02507000,0.02507000
2024-08-14,1.0000,0.00088000,0.00088000,0.00088000
2024-08-15,1.0000,0.02460000,0.02460000,0.02460000
2024-08-16,1.0000,0.00097000,0.00097000,0.00097000
2024-08-19,1.0000,0.01325000,0.01325000,0.01325000
2024-08-20,1.0000,-0.00234000,-0.00234000,-0.00234000
2024-08-21,1.0000,0.00535000,0.00535000,0.00535000
2024-08-22,1.0000,-0.01677000,-0.01677000,-0.01677000
2024-08-23,1.0000,0.01177000,0.01177000,0.01177000
2024-08-26,1.0000,-0.01034000,-0.01034000,-0.01034000
2024-08-27,1.0000,0.00336000,0.00336000,0.00336000
2024-08-28,1.0000,-0.01176000,-0.01176000,-0.01176000
2024-08-29,1.0000,-0.00129000,-0.00129000,-0.00129000
2024-08-30,1.0000,0.01292000,0.01292000,0.01292000
2024-09-03,1.0000,-0.03144000,-0.03144000,-0.03144000
2024-09-04,1.0000,-0.00195000,-0.00195000,-0.00195000
2024-09-05,1.0000,0.00050000,0.00050000,0.00050000
2024-09-06,1.0000,-0.02687000,-0.02687000,-0.02687000
2024-09-09,1.0000,0.01302000,0.01302000,0.01302000
2024-09-10,1.0000,0.00905000,0.00905000,0.00905000
2024-09-11,1.0000,0.02170000,0.02170000,0.02170000
2024-09-12,1.0000,0.00968000,0.00968000,0.00968000
2024-09-13,1.0000,0.00474000,0.00474000,0.00474000
2024-09-16,1.0000,-0.00467000,-0.00467000,-0.00467000
2024-09-17,1.0000,0.00050000,0.00050000,0.00050000
2024-09-18,1.0000,-0.00450000,-0.00450000,-0.00450000
2024-09-19,1.0000,0.02563000,0.02563000,0.02563000
2024-09-20,1.0000,-0.00241000,-0.00241000,-0.00241000
2024-09-23,1.0000,0.00309000,0.00309000,0.00309000
2024-09-24,1.0000,0.00469000,0.00469000,0.00469000
2024-09-25,1.0000,0.00142000,0.00142000,0.00142000
2024-09-26,1.0000,0.00718000,0.00718000,0.00718000
2024-09-27,1.0000,-0.00529000,-0.00529000,-0.00529000
2024-09-30,1.0000,0.00263000,0.00263000,0.00263000
2024-10-01,1.0000,-0.01430000,-0.01430000,-0.01430000
2024-10-02,1.1084,0.00159370,0.00159602,0.00151000
2024-10-03,1.1084,-0.00051345,-0.00051113,-0.00044000
2024-10-04,1.1084,0.01352971,0.01353203,0.01223000
2024-10-07,1.2640,-0.01489200,-0.01488634,-0.01167000
2024-10-08,1.2640,0.01956785,0.01957351,0.01553000
2024-10-09,1.2640,0.01008752,0.01009318,0.00803000
2024-10-10,1.2640,-0.00171866,-0.00171300,-0.00131000
2024-10-11,1.3966,0.00196225,0.00197074,0.00152000
2024-10-14,1.3966,0.01145523,0.01146373,0.00827000
2024-10-15,1.3966,-0.01914324,-0.01913475,-0.01364000
2024-10-16,1.3966,0.00092522,0.00093372,0.00073000
2024-10-17,1.3966,0.00107884,0.00108734,0.00084000
2024-10-18,1.6377,0.01060214,0.01061581,0.00664000
2024-10-21,1.6377,0.00291091,0.00292457,0.00187000
2024-10-22,1.6377,0.00222308,0.00223674,0.00145000
2024-10-23,1.6377,-0.02609266,-0.02607900,-0.01584000
2024-10-24,1.4800,0.01207587,0.01208616,0.00829000
2024-10-25,1.4800,0.00863245,0.00864273,0.00591000
2024-10-28,1.4800,-0.00014368,-0.00013340,-0.00002000
2024-10-29,1.4800,0.01443387,0.01444416,0.00983000
2024-10-30,1.4800,-0.01182053,-0.01181024,-0.00791000
2024-10-31,1.4800,-0.03618059,-0.03617030,-0.02437000
2024-11-01,1.2525,0.00884454,0.00884995,0.00720000
2024-11-04,1.2525,-0.00438128,-0.00437587,-0.00345000
2024-11-05,1.2525,0.01652358,0.01652899,0.01324000
2024-11-06,1.2525,0.03427204,0.03427746,0.02741000
2024-11-07,1.1495,0.01764993,0.01765314,0.01543000
2024-11-08,1.1495,0.00083809,0.00084129,0.00076000
2024-11-11,1.1495,-0.00058731,-0.00058410,-0.00048000
2024-11-12,1.1495,-0.00195523,-0.00195202,-0.00167000
2024-11-13,1.1495,-0.00189775,-0.00189455,-0.00162000
2024-11-14,1.1495,-0.00763382,-0.00763062,-0.00661000
2024-11-15,1.1495,-0.02764684,-0.02764364,-0.02402000
2024-11-18,1.0331,0.00731027,0.00731098,0.00714000
2024-11-19,1.0331,0.00732715,0.00732786,0.00710000
2024-11-20,1.0331,-0.00085501,-0.00085430,-0.00082000
2024-11-21,1.0331,0.00370097,0.00370168,0.00359000
2024-11-22,1.0331,0.00177940,0.00178011,0.00173000
2024-11-25,1.0331,0.00143847,0.00143918,0.00140000
2024-11-26,1.0331,0.00588081,0.00588152,0.00570000
2024-11-27,1.0331,-0.00878923,-0.00878852,-0.00850000
2024-11-29,1.0331,0.00926939,0.00927010,0.00898000
2024-12-02,1.2164,0.01349244,0.01349707,0.01121000
2024-12-03,1.2164,0.00369499,0.00369962,0.00308000
2024-12-04,1.2164,0.01504372,0.01504835,0.01241000
2024-12-05,1.2164,-0.00382218,-0.00381754,-0.00310000
2024-12-06,1.4670,0.01328957,0.01329958,0.00922000
2024-12-09,1.4670,-0.01238995,-0.01237994,-0.00837000
2024-12-10,1.4670,-0.00504019,-0.00503018,-0.00336000
2024-12-11,1.4670,0.02710217,0.02711218,0.01855000
2024-12-12,1.3505,-0.00933857,-0.00933106,-0.00681000
2024-12-13,1.3505,0.01026163,0.01026914,0.00766000
2024-12-16,1.3505,0.01956667,0.01957418,0.01455000
2024-12-17,1.4985,-0.00663597,-0.00662528,-0.00430000
2024-12-18,1.4985,-0.05400405,-0.05399337,-0.03596000
2024-12-19,1.0892,-0.00527969,-0.00527777,-0.00464000
2024-12-20,1.0892,0.00922601,0.00922792,0.00849000
2024-12-23,1.0892,0.01095782,0.01095973,0.01008000
2024-12-24,1.0892,0.01492247,0.01492438,0.01372000
2024-12-26,1.0892,-0.00145893,-0.00145702,-0.00132000
2024-12-27,1.0892,-0.01476882,-0.01476691,-0.01354000
2024-12-30,1.0892,-0.01399549,-0.01399358,-0.01283000
2024-12-31,1.0892,-0.00949714,-0.00949523,-0.00870000
2025-01-02,1.0892,-0.00189460,-0.00189269,-0.00172000
2025-01-03,1.0892,0.01821182,0.01821373,0.01674000
2025-01-06,1.0892,0.01192720,0.01192911,0.01097000
2025-01-07,1.0892,-0.01951768,-0.01951577,-0.01790000
2025-01-08,1.0892,0.00041448,0.00041639,0.00040000
2025-01-10,1.0892,-0.01714325,-0.01714134,-0.01572000
2025-01-13,1.0892,-0.00327787,-0.00327596,-0.00299000
2025-01-14,1.0892,-0.00142625,-0.00142434,-0.00129000
2025-01-15,1.0892,0.02521531,0.02521722,0.02317000
2025-01-16,1.0892,-0.00751482,-0.00751291,-0.00688000
2025-01-17,1.0892,0.01807023,0.01807214,0.01661000
2025-01-21,1.0892,0.00637234,0.00637425,0.00587000
2025-01-22,1.0892,0.01447590,0.01447781,0.01331000
2025-01-23,1.0892,0.00239680,0.00239871,0.00222000
2025-01-24,1.0892,-0.00630582,-0.00630391,-0.00577000
2025-01-27,1.0892,-0.03234833,-0.03234641,-0.02968000
2025-01-28,1.0892,0.01731869,0.01732060,0.01592000
2025-01-29,1.0892,-0.00261347,-0.00261156,-0.00238000
2025-01-30,1.0892,0.00492372,0.00492563,0.00454000
2025-01-31,1.0892,-0.00151339,-0.00151148,-0.00137000
2025-02-03,1.0892,-0.00914860,-0.00914669,-0.00838000
2025-02-04,1.0892,0.01377882,0.01378073,0.01267000
2025-02-05,1.0892,0.00460785,0.00460976,0.00425000
2025-02-06,1.0892,0.00583864,0.00584055,0.00538000
2025-02-07,1.0892,-0.01413709,-0.01413518,-0.01296000
2025-02-10,1.0892,0.01345207,0.01345398,0.01237000
2025-02-11,1.0892,-0.00315806,-0.00315615,-0.00288000
2025-02-12,1.0892,0.00129672,0.00129863,0.00121000
2025-02-13,1.0892,0.01561955,0.01562146,0.01436000
2025-02-14,1.0892,0.00416129,0.00416320,0.00384000
2025-02-18,1.0892,0.00246215,0.00246406,0.00228000
2025-02-19,1.0892,0.00054518,0.00054709,0.00052000
2025-02-20,1.1938,-0.00586433,-0.00586018,-0.00483000
2025-02-21,1.1938,-0.02457831,-0.02457416,-0.02055000
2025-02-24,1.1938,-0.01449084,-0.01448669,-0.01210000
2025-02-25,1.1938,-0.01482510,-0.01482095,-0.01238000
2025-02-26,1.3043,0.00272881,0.00273533,0.00219000
2025-02-27,1.3043,-0.03595329,-0.03594677,-0.02751000
2025-02-28,1.1510,0.01859073,0.01859396,0.01625000
2025-03-03,1.1510,-0.02529969,-0.02529646,-0.02195000
2025-03-04,1.0000,-0.00362549,-0.00362549,-0.00355000
2025-03-05,1.0000,0.01358000,0.01358000,0.01358000
2025-03-06,1.0000,-0.02789000,-0.02789000,-0.02789000
2025-03-07,1.0000,0.00744000,0.00744000,0.00744000
2025-03-10,1.0000,-0.03811000,-0.03811000,-0.03811000
2025-03-11,1.0000,-0.00275000,-0.00275000,-0.00275000
2025-03-12,1.0000,0.01133000,0.01133000,0.01133000
2025-03-13,1.0000,-0.01889000,-0.01889000,-0.01889000
2025-03-14,1.0000,0.02495000,0.02495000,0.02495000
2025-03-17,1.0000,0.00548000,0.00548000,0.00548000
2025-03-18,1.0000,-0.01658000,-0.01658000,-0.01658000
2025-03-19,1.0000,0.01302000,0.01302000,0.01302000
2025-03-20,1.0000,-0.00297000,-0.00297000,-0.00297000
2025-03-21,1.0000,0.00390000,0.00390000,0.00390000
2025-03-24,1.0000,0.02161000,0.02161000,0.02161000
2025-03-25,1.0000,0.00534000,0.00534000,0.00534000
2025-03-26,1.0000,-0.01826000,-0.01826000,-0.01826000
2025-03-27,1.0000,-0.00592000,-0.00592000,-0.00592000
2025-03-28,1.0000,-0.02610000,-0.02610000,-0.02610000
2025-03-31,1.0000,-0.00013000,-0.00013000,-0.00013000
2025-04-01,1.0000,0.00822000,0.00822000,0.00822000
2025-04-02,0.0000,-0.00033000,-0.00033000,0.00750000
2025-04-03,0.0000,0.00017000,0.00017000,-0.05412000
2025-04-04,0.0000,0.00017000,0.00017000,-0.06065000
2025-04-07,0.0000,0.00017000,0.00017000,0.00192000
2025-04-08,0.0000,0.00017000,0.00017000,-0.01950000
2025-04-09,0.0000,0.00017000,0.00017000,0.12025000
2025-04-10,0.0000,0.00017000,0.00017000,-0.04184000
2025-04-11,0.0000,0.00017000,0.00017000,0.01891000
2025-04-14,0.0000,0.00017000,0.00017000,0.00569000
2025-04-15,0.0000,0.00017000,0.00017000,0.00184000
2025-04-16,0.0000,0.00017000,0.00017000,-0.03038000
2025-04-17,0.0000,0.00017000,0.00017000,0.00005000
2025-04-21,0.0000,0.00017000,0.00017000,-0.02461000
2025-04-22,0.0000,0.00017000,0.00017000,0.02631000
2025-04-23,0.0000,0.00017000,0.00017000,0.02283000
2025-04-24,0.0000,0.00017000,0.00017000,0.02790000
2025-04-25,0.0000,0.00017000,0.00017000,0.01138000
2025-04-28,0.0000,0.00017000,0.00017000,-0.00025000
2025-04-29,0.0000,0.00017000,0.00017000,0.00608000
2025-04-30,0.0000,0.00017000,0.00017000,0.00136000
2025-05-01,0.0000,0.00017000,0.00017000,0.01104000
2025-05-02,0.0000,0.00017000,0.00017000,0.01599000
2025-05-05,0.0000,0.00017000,0.00017000,-0.00668000
2025-05-06,0.0000,0.00017000,0.00017000,-0.00882000
2025-05-07,0.0000,0.00017000,0.00017000,0.00390000
2025-05-08,0.0000,0.00017000,0.00017000,0.00987000
2025-05-09,0.0000,0.00017000,0.00017000,-0.00008000
2025-05-12,0.0000,0.00017000,0.00017000,0.04024000
2025-05-13,0.0000,0.00017000,0.00017000,0.01582000
2025-05-14,0.0000,0.00017000,0.00017000,0.00576000
2025-05-15,0.0000,0.00017000,0.00017000,0.00080000
2025-05-16,0.0000,0.00017000,0.00017000,0.00434000
2025-05-19,0.0000,0.00017000,0.00017000,0.00092000
2025-05-20,0.0000,0.00017000,0.00017000,-0.00369000
2025-05-21,0.0000,0.00017000,0.00017000,-0.01341000
2025-05-22,0.0000,0.00017000,0.00017000,0.00155000
2025-05-23,0.0000,0.00017000,0.00017000,-0.00930000
2025-05-27,0.0000,0.00017000,0.00017000,0.02390000
2025-05-28,0.0000,0.00017000,0.00017000,-0.00450000
2025-05-29,0.0000,0.00017000,0.00017000,0.00217000
2025-05-30,0.0000,0.00017000,0.00017000,-0.00105000
2025-06-02,0.0000,0.00017000,0.00017000,0.00709000
2025-06-03,1.0000,0.00747000,0.00747000,0.00797000
2025-06-04,1.0000,0.00276000,0.00276000,0.00276000
2025-06-05,1.0000,-0.00801000,-0.00801000,-0.00801000
2025-06-06,1.0000,0.00997000,0.00997000,0.00997000
2025-06-09,1.0000,0.00168000,0.00168000,0.00168000
2025-06-10,1.0000,0.00663000,0.00663000,0.00663000
2025-06-11,1.0000,-0.00367000,-0.00367000,-0.00367000
2025-06-12,1.0000,0.00243000,0.00243000,0.00243000
2025-06-13,1.0000,-0.01286000,-0.01286000,-0.01286000
2025-06-16,1.0000,0.01419000,0.01419000,0.01419000
2025-06-17,1.0000,-0.00994000,-0.00994000,-0.00994000
2025-06-18,1.0000,0.00005000,0.00005000,0.00005000
2025-06-20,1.0000,-0.00427000,-0.00427000,-0.00427000
2025-06-23,1.0000,0.01066000,0.01066000,0.01066000
2025-06-24,1.0000,0.01531000,0.01531000,0.01531000
2025-06-25,1.0000,0.00215000,0.00215000,0.00215000
2025-06-26,1.0000,0.00945000,0.00945000,0.00945000
2025-06-27,1.0000,0.00390000,0.00390000,0.00390000
2025-06-30,1.0000,0.00645000,0.00645000,0.00645000
2025-07-01,1.0000,-0.00883000,-0.00883000,-0.00883000
2025-07-02,1.0000,0.00731000,0.00731000,0.00731000
2025-07-03,1.0000,0.00996000,0.00996000,0.00996000
2025-07-07,1.0000,-0.00791000,-0.00791000,-0.00791000
2025-07-08,1.0000,0.00076000,0.00076000,0.00076000
2025-07-09,1.0000,0.00719000,0.00719000,0.00719000
2025-07-10,1.5150,-0.00269764,-0.00268661,-0.00154000
2025-07-11,1.5150,-0.00330370,-0.00329266,-0.00211000
2025-07-14,1.5150,0.00492294,0.00493398,0.00332000
2025-07-15,1.5150,0.00184742,0.00185846,0.00129000
2025-07-16,1.6461,0.00152870,0.00154254,0.00105000
2025-07-17,1.8049,0.01343477,0.01345201,0.00758000
2025-07-18,1.8049,-0.00134038,-0.00132314,-0.00065000
2025-07-21,1.8049,0.00883940,0.00885665,0.00499000
2025-07-22,1.8049,-0.00919181,-0.00917456,-0.00500000
2025-07-23,1.9314,0.00806777,0.00808773,0.00431000
2025-07-24,1.9314,0.00463513,0.00465509,0.00250000
2025-07-25,1.9314,0.00421021,0.00423017,0.00228000
2025-07-28,1.9314,0.00681765,0.00683761,0.00363000
2025-07-29,1.9314,-0.00411427,-0.00409431,-0.00203000
2025-07-30,1.9314,0.00293546,0.00295542,0.00162000
2025-07-31,1.9314,-0.01068114,-0.01066118,-0.00543000
2025-08-01,1.9314,-0.03797230,-0.03795234,-0.01956000
2025-08-04,1.9314,0.03594366,0.03596362,0.01871000
2025-08-05,1.7887,-0.01331068,-0.01329378,-0.00731000
2025-08-06,1.7887,0.02291060,0.02292750,0.01290000
2025-08-07,1.6554,0.00512746,0.00514150,0.00322000
2025-08-08,1.6554,0.01558978,0.01560383,0.00950000
2025-08-11,1.6554,-0.00602919,-0.00601515,-0.00356000
2025-08-12,1.6554,0.02189670,0.02191074,0.01331000
2025-08-13,1.4923,0.00047284,0.00048338,0.00044000
2025-08-14,1.4923,-0.00110209,-0.00109154,-0.00067000
2025-08-15,1.4923,-0.00760853,-0.00759798,-0.00503000
2025-08-18,1.4923,0.00004698,0.00005753,0.00010000
2025-08-19,1.4923,-0.02077064,-0.02076009,-0.01385000
2025-08-20,1.4923,-0.00869791,-0.00868736,-0.00576000
2025-08-21,1.4923,-0.00693700,-0.00692645,-0.00458000
2025-08-22,1.4923,0.02286429,0.02287484,0.01539000
2025-08-25,1.3293,-0.00421745,-0.00421039,-0.00306000
2025-08-26,1.3293,0.00562085,0.00562791,0.00428000
2025-08-27,1.3293,0.00225782,0.00226488,0.00175000
2025-08-28,1.3293,0.00772108,0.00772814,0.00586000
2025-08-29,1.3293,-0.01619232,-0.01618527,-0.01213000
2025-09-02,1.3293,-0.01050309,-0.01049603,-0.00785000
2025-09-03,1.5692,0.01220525,0.01221744,0.00793000
2025-09-04,1.5692,0.01453770,0.01454990,0.00934000
2025-09-05,1.5692,0.00121557,0.00122777,0.00085000
2025-09-08,1.5692,0.00720974,0.00722194,0.00467000
2025-09-09,1.5692,0.00504431,0.00505651,0.00329000
2025-09-10,1.5692,0.00054083,0.00055303,0.00042000
2025-09-11,1.8128,0.01064033,0.01065774,0.00603000
2025-09-12,1.8128,0.00740852,0.00742594,0.00418000
2025-09-15,1.8128,0.01504024,0.01505766,0.00839000
2025-09-16,1.8128,-0.00158276,-0.00156534,-0.00078000
2025-09-17,1.8128,-0.00390309,-0.00388568,-0.00206000
2025-09-18,1.8128,0.01717930,0.01719671,0.00957000
2025-09-19,1.8128,0.01257489,0.01259230,0.00703000
2025-09-22,1.8128,0.00980137,0.00981878,0.00550000
2025-09-23,2.0000,-0.01486132,-0.01483989,-0.00728000
2025-09-24,2.0000,-0.00638770,-0.00636627,-0.00309000
2025-09-25,2.0000,-0.00882770,-0.00880627,-0.00431000
2025-09-26,2.0000,0.00857230,0.00859373,0.00439000
2025-09-29,2.0000,0.00861230,0.00863373,0.00441000
2025-09-30,2.0000,0.00541230,0.00543373,0.00281000
2025-10-01,2.0000,0.00963230,0.00965373,0.00492000
2025-10-02,2.0000,0.00725230,0.00727373,0.00373000
2025-10-03,2.0000,-0.00876770,-0.00874627,-0.00428000
2025-10-06,2.0000,0.01541230,0.01543373,0.00781000
2025-10-07,2.0000,-0.01122770,-0.01120627,-0.00551000
2025-10-08,2.0000,0.02371230,0.02373373,0.01196000
2025-10-09,2.0000,-0.00322770,-0.00320627,-0.00151000
2025-10-10,2.0000,-0.07000770,-0.06998627,-0.03490000
2025-10-13,1.2840,0.02762606,0.02763214,0.02184000
2025-10-14,1.1693,-0.00813715,-0.00813352,-0.00688000
2025-10-15,1.1693,0.00789254,0.00789616,0.00678000
2025-10-16,1.1693,-0.00417440,-0.00417077,-0.00354000
2025-10-17,1.1693,0.00761191,0.00761554,0.00654000
2025-10-20,1.1693,0.01521220,0.01521583,0.01304000
2025-10-21,1.1693,-0.00065487,-0.00065125,-0.00053000
2025-10-22,1.1693,-0.01155253,-0.01154890,-0.00985000
2025-10-23,1.1693,0.01025447,0.01025810,0.00880000
2025-10-24,1.1693,0.01213701,0.01214064,0.01041000
2025-10-27,1.1693,0.02136260,0.02136623,0.01830000
2025-10-28,1.0368,0.00760882,0.00760961,0.00741000
2025-10-29,1.0368,0.00430545,0.00430624,0.00416000
2025-10-30,1.0368,-0.01526937,-0.01526859,-0.01472000
2025-10-31,1.0368,0.00498974,0.00499053,0.00482000
2025-11-03,1.0368,0.00461649,0.00461728,0.00446000
2025-11-04,1.0368,-0.02142798,-0.02142719,-0.02066000
2025-11-05,1.0368,0.00752991,0.00753070,0.00727000
2025-11-06,1.0368,-0.01981057,-0.01980978,-0.01910000
2025-11-07,1.0368,-0.00287959,-0.00287880,-0.00277000
2025-11-10,1.0368,0.02285385,0.02285464,0.02205000
2025-11-11,1.0368,-0.00314915,-0.00314837,-0.00303000
2025-11-12,1.0368,-0.00064009,-0.00063930,-0.00061000
2025-11-13,1.0368,-0.02127246,-0.02127167,-0.02051000
2025-11-14,1.0368,0.00063517,0.00063596,0.00062000
2025-11-17,1.0368,-0.00862347,-0.00862268,-0.00831000
2025-11-18,1.0368,-0.01238706,-0.01238627,-0.01194000
2025-11-19,1.0368,0.00582955,0.00583034,0.00563000
2025-11-20,1.0368,-0.02464207,-0.02464128,-0.02376000
2025-11-21,1.0368,0.00799647,0.00799726,0.00772000
2025-11-24,1.0368,0.02714621,0.02714700,0.02619000
2025-11-25,1.0368,0.00603691,0.00603770,0.00583000
2025-11-26,1.0368,0.00907474,0.00907553,0.00876000
2025-11-28,1.0368,0.00815199,0.00815278,0.00787000
2025-12-01,1.0368,-0.00372976,-0.00372898,-0.00359000
2025-12-02,1.0368,0.00873260,0.00873339,0.00843000
2025-12-03,1.0368,0.00207633,0.00207712,0.00201000
2025-12-04,1.0368,-0.00099261,-0.00099182,-0.00095000
2025-12-05,1.0368,0.00449208,0.00449287,0.00434000
2025-12-08,1.0368,-0.00256855,-0.00256776,-0.00247000
2025-12-09,1.0368,0.00166161,0.00166240,0.00161000
2025-12-10,1.0368,0.00436766,0.00436845,0.00422000
2025-12-11,1.0368,-0.00359498,-0.00359419,-0.00346000
2025-12-12,1.0368,-0.01975873,-0.01975794,-0.01905000
2025-12-15,1.0368,-0.00530570,-0.00530491,-0.00511000
2025-12-16,1.0368,0.00272951,0.00273030,0.00264000
2025-12-17,1.0368,-0.02000756,-0.02000677,-0.01929000
2025-12-18,1.0368,0.01565844,0.01565923,0.01511000
2025-12-19,1.0368,0.01356410,0.01356489,0.01309000
2025-12-22,1.0368,0.00474091,0.00474170,0.00458000
2025-12-23,1.0368,0.00515563,0.00515642,0.00498000
2025-12-24,1.0368,0.00278135,0.00278214,0.00269000
2025-12-26,1.0368,-0.00045347,-0.00045268,-0.00043000
2025-12-29,1.0368,-0.00478730,-0.00478651,-0.00461000
2025-12-30,1.0368,-0.00253744,-0.00253665,-0.00244000
2025-12-31,1.0368,-0.00864421,-0.00864342,-0.00833000
2026-01-02,1.0368,-0.00178058,-0.00177979,-0.00171000
2026-01-05,1.0368,0.00804831,0.00804910,0.00777000
2026-01-06,1.0368,0.00974867,0.00974945,0.00941000
2026-01-07,1.0368,0.00059370,0.00059449,0.00058000
2026-01-08,1.0368,-0.00591742,-0.00591663,-0.00570000
2026-01-09,1.0368,0.01054700,0.01054779,0.01018000
2026-01-12,1.0368,0.00087364,0.00087443,0.00085000
2026-01-13,1.4027,-0.00272136,-0.00271273,-0.00175000
2026-01-14,1.5964,-0.01730259,-0.01728981,-0.01070000
2026-01-15,1.5964,0.00500068,0.00501346,0.00321000
2026-01-16,1.5964,-0.00119349,-0.00118071,-0.00067000
2026-01-20,1.8195,-0.03883698,-0.03881941,-0.02119000
2026-01-21,1.6301,0.02192713,0.02194064,0.01359000
2026-01-22,1.6301,0.01225770,0.01227120,0.00760000
2026-01-23,1.6301,0.00547659,0.00549009,0.00344000
2026-01-26,1.6301,0.00676435,0.00677785,0.00423000
2026-01-27,1.6301,0.01426269,0.01427619,0.00883000
2026-01-28,1.6301,0.00513428,0.00514778,0.00323000
2026-01-29,1.6301,-0.00877026,-0.00875676,-0.00530000
2026-01-30,1.6301,-0.02099582,-0.02098232,-0.01280000
2026-02-02,1.4922,0.01073694,0.01074749,0.00731000
2026-02-03,1.4922,-0.02326143,-0.02325088,-0.01552000
2026-02-04,1.0000,-0.01787611,-0.01787611,-0.01763000
2026-02-05,1.0000,-0.01374000,-0.01374000,-0.01374000
2026-02-06,1.0000,0.02149000,0.02149000,0.02149000
2026-02-09,1.0000,0.00770000,0.00770000,0.00770000
2026-02-10,1.0000,-0.00554000,-0.00554000,-0.00554000
2026-02-11,1.0000,0.00295000,0.00295000,0.00295000
2026-02-12,1.0000,-0.02036000,-0.02036000,-0.02036000
2026-02-13,1.0000,0.00185000,0.00185000,0.00185000
2026-02-17,1.0000,-0.00123000,-0.00123000,-0.00123000
2026-02-18,1.0000,0.00801000,0.00801000,0.00801000
2026-02-19,1.0000,-0.00405000,-0.00405000,-0.00405000
2026-02-20,1.0000,0.00871000,0.00871000,0.00871000
2026-02-23,1.0000,-0.01212000,-0.01212000,-0.01212000
2026-02-24,1.0000,0.01087000,0.01087000,0.01087000
2026-02-25,1.0000,0.01412000,0.01412000,0.01412000
2026-02-26,1.0000,-0.01161000,-0.01161000,-0.01161000
2026-02-27,1.0000,-0.00295000,-0.00295000,-0.00295000
2026-03-02,1.0000,0.00133000,0.00133000,0.00133000
2026-03-03,1.0000,-0.01088000,-0.01088000,-0.01088000
2026-03-04,1.0000,0.01514000,0.01514000,0.01514000
2026-03-05,1.0000,-0.00290000,-0.00290000,-0.00290000
2026-03-06,1.0000,-0.01506000,-0.01506000,-0.01506000
2026-03-09,1.0000,0.01318000,0.01318000,0.01318000
2026-03-10,1.0000,-0.00041000,-0.00041000,-0.00041000
2026-03-11,1.0000,0.00037000,0.00037000,0.00037000
2026-03-12,1.0000,-0.01726000,-0.01726000,-0.01726000
2026-03-13,1.0000,-0.00621000,-0.00621000,-0.00621000
2026-03-16,1.0000,0.01129000,0.01129000,0.01129000
2026-03-17,1.0000,0.00510000,0.00510000,0.00510000
2026-03-18,1.0000,-0.01432000,-0.01432000,-0.01432000
2026-03-19,1.0000,-0.00283000,-0.00283000,-0.00283000
2026-03-20,1.0000,-0.01875000,-0.01875000,-0.01875000
2026-03-23,1.0000,0.01218000,0.01218000,0.01218000
2026-03-24,1.0000,-0.00767000,-0.00767000,-0.00767000
2026-03-25,1.0000,0.00671000,0.00671000,0.00671000
2026-03-26,1.0000,-0.02381000,-0.02381000,-0.02381000
2026-03-27,1.0000,-0.01923000,-0.01923000,-0.01923000
2026-03-30,1.0000,-0.00773000,-0.00773000,-0.00773000
2026-03-31,1.0000,0.03430000,0.03430000,0.03430000
2026-04-01,1.0000,0.01181000,0.01181000,0.01181000
2026-04-02,1.0000,0.00109000,0.00109000,0.00109000
2026-04-06,1.0000,0.00612000,0.00612000,0.00612000
2026-04-07,1.0000,0.00045000,0.00045000,0.00045000
2026-04-08,1.0000,0.02898000,0.02898000,0.02898000
2026-04-09,1.0000,0.00721000,0.00721000,0.00721000
2026-04-10,1.0000,0.00139000,0.00139000,0.00139000
2026-04-13,1.0000,0.01067000,0.01067000,0.01067000
2026-04-14,1.0000,0.01808000,0.01808000,0.01808000
2026-04-15,1.0000,0.01405000,0.01405000,0.01405000
2026-04-16,1.0000,0.00492000,0.00492000,0.00492000
2026-04-17,1.0000,0.01291000,0.01291000,0.01291000
2026-04-20,1.0000,-0.00305000,-0.00305000,-0.00305000
2026-04-21,1.0000,-0.00415000,-0.00415000,-0.00415000
2026-04-22,1.0000,0.01731000,0.01731000,0.01731000
2026-04-23,1.0000,-0.00572000,-0.00572000,-0.00572000
2026-04-24,1.0000,0.01948000,0.01948000,0.01948000
2026-04-27,1.0000,0.00010000,0.00010000,0.00010000
2026-04-28,1.0000,-0.01011000,-0.01011000,-0.01011000
2026-04-29,1.0000,0.00587000,0.00587000,0.00587000
2026-04-30,1.0000,0.00978000,0.00978000,0.00978000
2026-05-01,1.0000,0.00943000,0.00943000,0.00943000
2026-05-04,1.0000,-0.00209000,-0.00209000,-0.00209000
2026-05-05,1.0000,0.01316000,0.01316000,0.01316000
2026-05-06,1.0000,0.02087000,0.02087000,0.02087000
2026-05-07,1.1240,-0.00144771,-0.00144505,-0.00121000
2026-05-08,1.1240,0.02640971,0.02641237,0.02352000
2026-05-11,1.1240,0.00328993,0.00329258,0.00295000
2026-05-12,1.1240,-0.00980417,-0.00980151,-0.00870000
2026-05-13,1.1240,0.01168588,0.01168854,0.01042000
2026-05-14,1.1240,0.00816790,0.00817055,0.00729000
2026-05-15,1.1240,-0.01728972,-0.01728706,-0.01536000
2026-05-18,1.1240,-0.00504983,-0.00504717,-0.00447000
2026-05-19,1.1240,-0.00680320,-0.00680055,-0.00603000
2026-05-20,1.1240,0.01867689,0.01867955,0.01664000
2026-05-21,1.1240,0.00228960,0.00229226,0.00206000
2026-05-22,1.1240,0.00476231,0.00476497,0.00426000
2026-05-26,1.1240,0.01981209,0.01981474,0.01765000
2026-05-27,1.1240,-0.00103731,-0.00103465,-0.00090000
2026-05-28,1.1240,0.00939301,0.00939567,0.00838000
2026-05-29,1.1240,0.00406546,0.00406811,0.00364000
2026-06-01,1.1240,0.00669551,0.00669817,0.00598000
2026-06-02,1.1240,0.00540296,0.00540562,0.00483000
2026-06-03,1.1240,-0.00327398,-0.00327132,-0.00289000
2026-06-04,1.1240,-0.00600519,-0.00600254,-0.00532000
2026-06-05,1.3062,-0.06242120,-0.06241464,-0.04767000
2026-06-08,1.0000,0.01563690,0.01563690,0.01579000
2026-06-09,1.0000,-0.01119000,-0.01119000,-0.01119000
2026-06-10,1.0000,-0.01980000,-0.01980000,-0.01980000
2026-06-11,1.0000,0.03293000,0.03293000,0.03293000
2026-06-12,1.0000,0.00647000,0.00647000,0.00647000
2026-06-15,1.0000,0.03066000,0.03066000,0.03066000
2026-06-16,1.0000,-0.01883000,-0.01883000,-0.01883000
2026-06-17,1.0000,-0.00989000,-0.00989000,-0.00989000
2026-06-18,1.0000,0.02480000,0.02480000,0.02480000
2026-06-22,1.0000,-0.00192000,-0.00192000,-0.00192000
2026-06-23,1.0000,-0.03292000,-0.03292000,-0.03292000
2026-06-24,1.0000,-0.00431000,-0.00431000,-0.00431000
2026-06-25,1.0000,0.00756000,0.00756000,0.00756000
2026-06-26,1.0000,-0.01092000,-0.01092000,-0.01092000
2026-06-29,1.0000,0.02257000,0.02257000,0.02257000
2026-06-30,1.0000,0.01687000,0.01687000,0.01687000
2026-07-01,1.0000,-0.01541000,-0.01541000,-0.01541000
2026-07-02,1.0000,-0.01608000,-0.01608000,-0.01608000
2026-07-06,1.0000,0.01259000,0.01259000,0.01259000
2026-07-07,1.0000,-0.01765000,-0.01765000,-0.01765000
2026-07-08,1.0000,0.00275000,0.00275000,0.00275000
2026-07-09,1.0000,0.01625000,0.01625000,0.01625000
2026-07-10,1.0000,0.00332000,0.00332000,0.00332000
2026-07-13,1.0000,-0.01879000,-0.01879000,-0.01879000
2026-07-14,1.0000,0.01103000,0.01103000,0.01103000
2026-07-15,1.0000,-0.00280000,-0.00280000,-0.00280000
2026-07-16,1.0000,-0.01614000,-0.01614000,-0.01614000
2026-07-17,1.0000,-0.01490000,-0.01490000,-0.01490000
2026-07-20,1.0000,0.00043000,0.00043000,0.00043000
2026-07-21,1.0000,0.01928000,0.01928000,0.01928000
2026-07-22,1.0000,-0.00536000,-0.00536000,-0.00536000
2026-07-23,1.0000,-0.01871000,-0.01871000,-0.01871000
2026-07-24,1.0000,-0.01145000,-0.01145000,-0.01145000
2026-07-27,1.0000,-0.00314000,-0.00314000,-0.00314000
2026-07-28,1.0000,-0.00982000,-0.00982000,-0.00982000
2026-07-29,1.0000,-0.02054000,-0.02054000,-0.02054000
2026-07-30,1.0000,0.03364000,0.03364000,0.03364000
2026-07-31,1.0000,0.00600000,0.00600000,0.00600000
2026-08-03,1.0000,0.01780000,0.01780000,0.01780000
2026-08-04,1.0000,0.03326000,0.03326000,0.03326000
2026-08-05,1.0000,-0.00823000,-0.00823000,-0.00823000
2026-08-06,1.0000,-0.00386000,-0.00386000,-0.00386000
2026-08-07,1.0000,0.01190000,0.01190000,0.01190000
2026-08-10,1.0000,-0.00336000,-0.00336000,-0.00336000
2026-08-11,1.0000,-0.00323000,-0.00323000,-0.00323000
2026-08-12,1.0000,0.00738000,0.00738000,0.00738000
2026-08-13,1.0000,0.01152000,0.01152000,0.01152000
2026-08-14,1.0000,-0.00125000,-0.00125000,-0.00125000
2026-08-17,1.0000,-0.00167000,-0.00167000,-0.00167000
2026-08-18,1.0000,-0.01679000,-0.01679000,-0.01679000
2026-08-19,1.0000,-0.00218000,-0.00218000,-0.00218000
2026-08-20,1.0000,-0.00721000,-0.00721000,-0.00721000
2026-08-21,1.0000,0.00330000,0.00330000,0.00330000
2026-08-24,1.0000,-0.00972000,-0.00972000,-0.00972000
